asset_id,cycle,vibration,process_temp,torque,rotational_speed,tool_wear,pressure,noise,failure
0,1,0.2796546380234469,0.4396282358195607,0.3650275367942315,0.5418692295882609,0.21667042419003715,0.4055878703828209,0.28175994212478556,0
0,2,0.28970197697626554,0.43408959677144743,0.5078221488292851,0.687634472418082,0.24605056053512275,0.3798353768558381,0.30363753920412495,0
0,3,0.2932545932984877,0.39530370445068735,0.4918596345518318,0.5791442273357635,0.3003524803204418,0.41647352589655984,0.26638360889184465,0
0,4,0.27954753751079153,0.418672203218204,0.5352912828117191,0.645849260180473,0.36449885605222765,0.4052792491807692,0.2647878635464232,0
0,5,0.28733104936189885,0.4594486146360446,0.5000236779641587,0.5695906113822483,0.19553112705852566,0.45952963939123503,0.33016270856017216,0
0,6,0.22685659286868934,0.417208066153336,0.517768006639851,0.6331213158037408,0.3062857266768914,0.4395797774387341,0.32954567815359476,0
0,7,0.27818804816762327,0.439764411291927,0.40919909261010334,0.6008197270185619,0.2347776407424323,0.39785610758783285,0.28444288743866586,0
0,8,0.22404052244846195,0.45921391772957404,0.3949991159868937,0.5999068982008535,0.28176518390630034,0.4605111165679639,0.33636132898964277,0
0,9,0.2534958246207022,0.39028241036677164,0.5744583116880008,0.6085217405071031,0.2044588205997247,0.37593563929982593,0.2574273856999194,0
0,10,0.28165336503665234,0.45052426770338844,0.4860923147564426,0.6295123814646029,0.3275354236380402,0.41853267301398805,0.32883876187787064,0
0,11,0.25997938590487046,0.39951310530008355,0.4338912248087672,0.6492183488471349,0.2708358595878366,0.43602470593638437,0.3326373329452955,0
0,12,0.31500133368176336,0.4162757257745288,0.48956911815690923,0.6152169073456161,0.2067599339625182,0.3644443763788456,0.24506501938227992,0
0,13,0.30532078956929587,0.37852604723199695,0.49432862121724275,0.6979536978671639,0.29562416173631445,0.4750757784233543,0.26711911599950616,0
0,14,0.24143097548759498,0.4094483462049719,0.5812215696220177,0.5163607746084591,0.35206541861275154,0.45148678011661386,0.2866925022151603,0
0,15,0.2961385536188176,0.40252536454680987,0.5402873347948293,0.6213111287314066,0.43110673347925493,0.42903221862634877,0.26782512536890674,0
0,16,0.30713191243171234,0.4995593787620219,0.5840577872140205,0.6414122635489705,0.43179817347317373,0.38296184728385746,0.2896124233625127,0
0,17,0.28024158807533567,0.3653656926221846,0.5716605662770083,0.6066666381740736,0.26475162232984056,0.3930210459396229,0.3398756923725098,0
0,18,0.40316862281771343,0.5824931233003665,0.5578086603293197,0.5606277127980881,0.23407722315612145,0.4585855731171918,0.28615294523448376,0
0,19,0.27632723828013367,0.43236045567918074,0.6050186161551351,0.6294229140467207,0.3614819097776787,0.3948173123587094,0.24566585276478217,0
0,20,0.307842950692208,0.5303964956789942,0.541119216503102,0.6789643706613835,0.3500422640876509,0.38875281167914877,0.2837441618883814,0
0,21,0.42055556485488227,0.4035306660387807,0.5922942442615441,0.5658243693147784,0.44489438077245463,0.46864754830529315,0.3267681051170955,0
0,22,0.28499269346165457,0.46950361007410407,0.5033511563761454,0.5464636541739651,0.3213237455408229,0.45942939588610593,0.4161545628205218,0
0,23,0.31540016192763,0.4640913069801272,0.6282201219194777,0.6331629500818313,0.3823443661499758,0.5075144355029945,0.36123782192308074,0
0,24,0.3340938000942194,0.391176548413975,0.44262885605280344,0.719055675933875,0.5194199432469979,0.44462403933586997,0.32324063394320063,0
0,25,0.27317979413094967,0.4102636490522087,0.5850328756282331,0.5963236926284247,0.42469268799679577,0.4468278550737743,0.3618787274399467,0
0,26,0.3366613235782113,0.4897969396638429,0.3980879529278284,0.6170768958841929,0.3834061837824278,0.39545934697881857,0.3036923816535625,0
0,27,0.38152720535092477,0.39388036411302185,0.5453442044816093,0.5909498339999852,0.42333961433828243,0.5079378912652301,0.3771057718501964,0
0,28,0.33160679427062906,0.4280028694164648,0.529129882818365,0.6345498074762733,0.46259440150722275,0.40498059638833167,0.3573244890813937,0
0,29,0.4688057801098201,0.5592422305640835,0.48667296546088257,0.6027569983070494,0.37319347988977986,0.4310646493018257,0.37118025017951706,0
0,30,0.3100778863459437,0.4352926779966102,0.3976897679182942,0.6102400447673055,0.4062551352884263,0.43552802863169626,0.3141569610916206,0
0,31,0.26224565866529254,0.39724773773045047,0.6986472978419809,0.5427546451235581,0.41319286529272164,0.5552456764160657,0.5058533584620204,0
0,32,0.33531963039372253,0.4902777775470255,0.6722088351083915,0.5607885752943057,0.47328332924347344,0.5036668788030871,0.38493830372333093,0
0,33,0.350640930007322,0.4070552095815009,0.5361278379217734,0.6040167505994627,0.5109301933775754,0.4384336390590492,0.38937692612725694,0
0,34,0.3687035446165474,0.4959878204199602,0.5581208743304508,0.6200050635854848,0.4627065179874292,0.4834247130836654,0.3635356700793256,0
0,35,0.4431998233568862,0.500292327627825,0.5025859953213663,0.553255311680995,0.586468577185332,0.4821374612573569,0.39500717016958053,0
0,36,0.4145040023110331,0.5063210169107182,0.47986985209098654,0.5917085115530031,0.5398230322613912,0.47302333991781215,0.3589914407098223,0
0,37,0.35913320932277976,0.49382812560512346,0.662204438109521,0.46600049354412215,0.518788984129419,0.48062562106862233,0.39099969948435503,0
0,38,0.3267817033949092,0.5294854884714197,0.6960002292772072,0.5193968871336032,0.6024011093933199,0.47463088170099815,0.4028766398514148,0
0,39,0.4407806981867588,0.6049736583063765,0.6317572955105681,0.7067958391817395,0.6387875704815188,0.5322686196607646,0.5228824405941039,0
0,40,0.5417886299301199,0.5520285951804074,0.6115153499672872,0.5524402848876977,0.6450893217899769,0.4706562474156853,0.5045460885494545,0
0,41,0.6018372900493473,0.6312863065794201,0.7501880881781333,0.6295607671826045,0.5089632989465198,0.5454809127836614,0.4365710689416878,0
0,42,0.6617220713255315,0.6525052619734564,0.5897034414280592,0.5163198151564332,0.6228240684297185,0.5072577068166579,0.4913572718444567,0
0,43,0.6868119657527447,0.6779523593255077,0.49412402011241874,0.5868334323132443,0.642750585822526,0.6080373714114917,0.6354676269397033,0
0,44,0.6423769069735688,0.7039453161396677,0.5596883920382241,0.6485569428832105,0.6781013967620396,0.6489291992921702,0.5558528169239103,0
0,45,0.7682413703182903,0.7129296152925727,0.7026937767746231,0.567649165785475,0.6217707126870656,0.6184807088451253,0.6065167305202391,0
0,46,0.8076947191500674,0.6752446244725082,0.6934207964490581,0.6317444757166812,0.6465275634141034,0.6040017848497697,0.6540010238772741,0
0,47,0.8011605238683,0.8215051723789923,0.7780327216367998,0.584794918299118,0.7419612757937313,0.7807540835887329,0.6633704869852692,0
0,48,0.9236876534518383,0.759057885595016,0.7414944882468695,0.6042873268059173,0.6301501418221788,0.6210462107232644,0.6233075317154858,0
0,49,0.9083424799625451,0.83503796356921,0.7691677639815703,0.4323769041093152,0.6052509366591843,0.7056033935552334,0.7095254840323689,0
0,50,0.9643440452584734,0.8426263573172198,0.8189236016905954,0.5223241110183326,0.7932324537646595,0.6869091939993631,0.75387657216557,1
1,1,0.23688773870045915,0.4186583627866056,0.4829912845659235,0.6129474699603121,0.2587711425214444,0.3217469814472922,0.21777638359626195,0
1,2,0.14349399131927248,0.3612867779922412,0.5556603729809418,0.6029069560170455,0.22986740491651114,0.47726087483553964,0.3515843066133846,0
1,3,0.3314540917901576,0.40240633292170547,0.44618212433207766,0.5843359788680759,0.13816780924609903,0.37979330731331734,0.2698991655962785,0
1,4,0.3534132888699869,0.33129092423114803,0.5338979227781943,0.5575673636505479,0.26448182530779213,0.41904566746561367,0.1988547087076235,0
1,5,0.24072476167125118,0.3763049880813223,0.43311733120972173,0.5807430033987466,0.27067342644169506,0.4175377829531797,0.3094331001141241,0
1,6,0.34060788008809606,0.38846069245678105,0.4062199528207988,0.684033344994319,0.23411070967416472,0.48412962222886885,0.31476885565912355,0
1,7,0.29561359201400245,0.505750628006315,0.6565886370337627,0.6241628681079667,0.2726114355990245,0.48361200787331926,0.25591694836163265,0
1,8,0.2804816549139949,0.42649541057287765,0.4544641835835416,0.5246259504014619,0.14762099384052252,0.3753307943505196,0.2778662357530334,0
1,9,0.3822363554331636,0.46869966849536493,0.44705362185608605,0.6408625071470574,0.2565753058189805,0.41838180809799524,0.3126662824707691,0
1,10,0.272011873117487,0.469192576636718,0.4360643241700317,0.6203803437417361,0.44586042359574996,0.44515398713126375,0.3776607253303087,0
1,11,0.32161365207817755,0.4157608402803655,0.5056714693185056,0.5732310561964749,0.32481808153745323,0.3928231405407116,0.3418792618156715,0
1,12,0.3145013676735492,0.40688756332221543,0.5509775905516088,0.6014796166672153,0.36413282752790893,0.3452296957892438,0.2944196315940677,0
1,13,0.22502175580032746,0.49199311149069547,0.5834629487380181,0.5768311860029126,0.22684979263754618,0.2899735581079174,0.2866252246033683,0
1,14,0.32511901088487005,0.3984213856975255,0.5549556146650214,0.5263424988203335,0.30816059823814196,0.44457387365078693,0.3120949674089476,0
1,15,0.32420705862349036,0.46241630090539987,0.4758139402438469,0.6738689245046329,0.4327362168574395,0.3924925240174294,0.274615217214272,0
1,16,0.3010075979769347,0.5017910696033279,0.49462250016754705,0.7073027345762427,0.3518891490083272,0.45531144116613476,0.39983590108349526,0
1,17,0.26711869251543985,0.4117717895985823,0.5588633765450197,0.5260544556691691,0.39124825415906733,0.4168614341191128,0.38159063303667823,0
1,18,0.2784465085564793,0.35247659243829493,0.47096393735452335,0.6348599540665366,0.3512464024730147,0.43253112155259926,0.318840756430997,0
1,19,0.27094799521453233,0.47474248204495256,0.5767866179269838,0.643102276259366,0.4043920065650758,0.46142090004043296,0.4311536651365534,0
1,20,0.30962063639495885,0.4043236209821311,0.4597416130595514,0.5453316927439354,0.3266721612061449,0.4444659809173964,0.34871475642488575,0
1,21,0.29029803344020205,0.48960922820099817,0.5853588870610663,0.610421101554679,0.3498250313201173,0.47682139604148993,0.3439986793743052,0
1,22,0.32877578451246753,0.4603017906037191,0.4722213649458572,0.6313906035702466,0.31071065088453265,0.5176093050006085,0.39959749925297167,0
1,23,0.3539475142036414,0.3293039017100063,0.4558556637814266,0.6023732647908722,0.34267201871438846,0.48791982413153295,0.43966482653739974,0
1,24,0.2975016271074281,0.46417241841549656,0.6511781303949734,0.5466575412476058,0.43094216733841656,0.5446649425406555,0.2598120425910367,0
1,25,0.32179446698864583,0.4289705793572295,0.5968820901427552,0.6344995831892503,0.31850227642147233,0.4807705201450405,0.3161230556322175,0
1,26,0.3151954204898417,0.42576923584488824,0.5794792127563172,0.6657755889402162,0.46088596183617225,0.37212013413075956,0.3745017219964126,0
1,27,0.36193860289110097,0.38901327823004705,0.5744425503280145,0.5716040657415576,0.3660419209843688,0.49349100682411995,0.36228222608383764,0
1,28,0.4263337397627409,0.44076737892151285,0.5470475371779654,0.636134806860716,0.4148200439522832,0.4827568146699965,0.3261273826417638,0
1,29,0.4255069293018548,0.41337069737437837,0.3775053768349357,0.7166562197007137,0.6139596771564202,0.4403365367275334,0.25855809796899076,0
1,30,0.3466636498196543,0.4585038079488872,0.47006283706547064,0.6547736685485886,0.5014704425171652,0.38727971900903463,0.3929598365847444,0
1,31,0.37317281393354074,0.4537337418965747,0.5396597749914734,0.6569154060181137,0.37515970366956697,0.47161953514886507,0.3410768025268595,0
1,32,0.3594661606214398,0.556594380555976,0.4739381511552595,0.6552355500081676,0.5071640158274737,0.42134763760676086,0.37206980573184706,0
1,33,0.35558521209735766,0.3912018675415118,0.5515706021465787,0.5658546143124492,0.47645954368016713,0.46212061151574396,0.28051738919922414,0
1,34,0.4300336946435196,0.4711529540804049,0.3859790071836714,0.6604239755298213,0.5290088519831211,0.44579514768706474,0.3236696005581991,0
1,35,0.4575534395508203,0.6379078919119815,0.6076354241329679,0.6299288551423876,0.5183176575268195,0.5376165711378174,0.4444764822846299,0
1,36,0.4481753180464902,0.5184962930194685,0.5573961113694947,0.6474481032707393,0.6339024664178039,0.48912464200920164,0.41569464694367886,0
1,37,0.4961089445332649,0.6093582382125501,0.44602003410111113,0.5437310305183197,0.5127216866289799,0.41133775493624836,0.41246252222600427,0
1,38,0.532497342363524,0.6388927390274577,0.5992013099722063,0.5248178434503974,0.5719160608605216,0.595103125516512,0.43555761474981036,0
1,39,0.6046355786087323,0.5936565275467933,0.6743905950163299,0.5791811924922822,0.6330998188853741,0.5061794276313013,0.5074624341272533,0
1,40,0.5500691399953701,0.5480483248287878,0.6897802102470041,0.5522761904002547,0.545329849767827,0.5684132753760556,0.5881787206452429,0
1,41,0.5701873072609658,0.6015667890163477,0.7567714095593119,0.5836218856418245,0.668372367761007,0.5315030651547996,0.4995120951253626,0
1,42,0.68208851385846,0.6966369409432064,0.6540630306350084,0.5766886235872777,0.6474871450943067,0.6426883694542462,0.6195504140972236,0
1,43,0.6009669251002006,0.7407761587714643,0.7630518676394467,0.4920959521625331,0.5420765422739289,0.6240406299392488,0.6494530224286377,0
1,44,0.7733007870278714,0.693591942948493,0.6301030787112819,0.5473537441669059,0.651377451100218,0.5836243824913369,0.7290600047653867,0
1,45,0.8384438981561259,0.6876241467762103,0.7651846860341429,0.5783775845698741,0.7115527374522431,0.7121499300188555,0.6821018904763971,0
1,46,0.8476423337025205,0.7721951259556609,0.5931916653644517,0.5383505979779668,0.6672951491357193,0.6009635076735544,0.7581352754094857,0
1,47,0.9179136051042461,0.7894051152872382,0.8252993140222415,0.5273898575027761,0.7285011699472002,0.6255708759213453,0.7176051207804975,0
1,48,0.8189755248032978,0.7955734777425035,0.7378855971966901,0.6278536699986784,0.7856527997108046,0.6961056052879067,0.7339060321567209,0
1,49,0.9081179869607993,0.7655008623528079,0.7456041463452928,0.4685674379341825,0.6726477343312779,0.736383312949599,0.7647410107744396,0
1,50,0.9462850098813759,0.8908961804061073,0.8430345506116314,0.568216877239781,0.7656681257474209,0.6838588447126536,0.714703947520986,1
2,1,0.29921882347932877,0.3859885671734414,0.4145055884797392,0.6008536041793461,0.2220338716886315,0.4112958377305298,0.25370529459611724,0
2,2,0.22262195389169406,0.3637966958137313,0.5250016984012408,0.5958804451922477,0.23264626333870114,0.43646020114260614,0.22822854994542127,0
2,3,0.3233086879580477,0.3396960243632856,0.35663418857206286,0.5082892908054493,0.22874659679460016,0.42574586390163494,0.28191945722874395,0
2,4,0.12137811930707768,0.4201966937215412,0.6157006741262501,0.5523331541064972,0.2132116092926063,0.38795540413856894,0.2456826976961236,0
2,5,0.3299941051464498,0.49486933377437603,0.48448425424718966,0.7343036128438682,0.24713458861907753,0.5146845513350541,0.28833506751732546,0
2,6,0.2804935645943663,0.5645426839683768,0.5691899902391353,0.5775641282029121,0.3121398722165515,0.41030837314578295,0.27111249085493955,0
2,7,0.2673741203507822,0.4221287957255903,0.5121789655305704,0.6401949875963261,0.28849795384616894,0.3329516533647292,0.33152863343047667,0
2,8,0.19730488418425401,0.40787943780706587,0.5186786702320119,0.5783896301256631,0.3218619114600785,0.3640912416814546,0.28045281256137206,0
2,9,0.27069047744525765,0.42734321423236193,0.44384749352635183,0.6634569606473737,0.284780142100082,0.3380026873344045,0.20547042798014845,0
2,10,0.2655714750729069,0.41082899432126835,0.5140412280428848,0.6335335903706109,0.34685897659089804,0.3784447549541221,0.24740142035496032,0
2,11,0.29466567432065993,0.4808473689323223,0.48740623932323424,0.4698980093504207,0.19676042824337753,0.3937481638601994,0.2807135556252393,0
2,12,0.28574889711127044,0.4056126834588777,0.5926537727380385,0.5794389616591179,0.2562609224314674,0.46074377692602303,0.23441789650369405,0
2,13,0.2925475001485379,0.41642787550409166,0.6319793275004484,0.5826675532823169,0.4406178902314447,0.426928427538595,0.24994917775148862,0
2,14,0.23720758094628613,0.388812207609325,0.5501923310010843,0.6533349253190075,0.2886699379847446,0.48897025725232,0.37427538790105674,0
2,15,0.3210905113185107,0.49717143560428495,0.39234411004181596,0.6009256070822923,0.2829796846205944,0.4469612930563696,0.29042753904016316,0
2,16,0.39232858497242706,0.42311401017898115,0.5545654622033149,0.6060638402045458,0.34854279727741005,0.4427008340218036,0.344016203298658,0
2,17,0.38418954084239104,0.44968100409545836,0.5684682820224921,0.550948129448866,0.3477273954550628,0.49081447324417943,0.36749843192085774,0
2,18,0.3497395389406222,0.46133833544969094,0.6128214380781526,0.6373615494174266,0.3406581010657379,0.4619920628466512,0.18027028120736124,0
2,19,0.12659919970148537,0.3532268296297291,0.5620238020658689,0.6486517602360077,0.30125427319160414,0.41099489790605304,0.3979270494307066,0
2,20,0.4247658565823738,0.4419040073411827,0.5605625323816887,0.7170124639099165,0.3878616269716052,0.3978828009654599,0.3265136274152855,0
2,21,0.24798275835214628,0.4318083964329588,0.48164655342017937,0.6754614654312461,0.39107671245111536,0.4352602125426215,0.3292909034688712,0
2,22,0.3506605509467136,0.39721438856653096,0.46228886571651095,0.6862807529241518,0.37325978766771617,0.3799578953701563,0.3593906354691553,0
2,23,0.24688407809938928,0.46127408577318035,0.588290816469986,0.6424631871023758,0.4449188890256838,0.38198654509546254,0.35635200774980985,0
2,24,0.3028803330259923,0.49592778047098635,0.6419492157471961,0.7276622032760215,0.4948884722903543,0.44811329091849084,0.3600360081513172,0
2,25,0.3366787384271977,0.4615382093955772,0.5976627192313327,0.6164430412384441,0.38124278381758037,0.43427634670820703,0.3766955188866872,0
2,26,0.35123033980564144,0.4911039621101095,0.5153610975971673,0.6653748898177884,0.4567305562075037,0.39465934565442606,0.4197152395593122,0
2,27,0.2550650738029654,0.40794781452068496,0.4717268387525175,0.623130399119452,0.42656896966722585,0.44095840161797034,0.381185098274124,0
2,28,0.35722223449443885,0.4832914228664346,0.5879294267601566,0.4935227994933534,0.4301337048641324,0.3501894967755263,0.3546029963398898,0
2,29,0.3972964547017086,0.524781719636056,0.5605942533776657,0.589978335356186,0.4901096667527443,0.43420411813378434,0.3553303674278326,0
2,30,0.3207312736627534,0.5082839319621251,0.5954180958084612,0.5627124909721507,0.5284336476930441,0.4969283172685752,0.3630962943686329,0
2,31,0.3092595400334461,0.4437168711548489,0.5875816124304372,0.5626624899559162,0.5052507349171922,0.4013122235560803,0.3503965707780576,0
2,32,0.4780763482151704,0.40433421722398166,0.6542410196543094,0.6289905448392368,0.5126703150809578,0.47071739566941023,0.3854363409097617,0
2,33,0.43212235003509747,0.45297644278876387,0.6320564200525474,0.5813379727872187,0.49338488921592283,0.41260187238548907,0.38855118601737604,0
2,34,0.3591520319711819,0.4685557150648046,0.4763768125852451,0.6062424407868615,0.41043234441670834,0.42195610066405864,0.3797393023054568,0
2,35,0.5070803840236997,0.45167074574645494,0.6564710109651809,0.6346251488240988,0.5059251411952175,0.4906297225863076,0.37409582418399795,0
2,36,0.3841781828208911,0.4349445170100575,0.4620462358234542,0.6516946929968737,0.5148979945948572,0.45622055501719166,0.3977752813361577,0
2,37,0.4515880381135444,0.4958972531679517,0.6700405068954265,0.6997511301788979,0.5776733993193712,0.5517331755672045,0.4857979998406906,0
2,38,0.5112497998178558,0.5824673523537441,0.6346762401342552,0.5316597395271774,0.6065433894115752,0.4522843014436724,0.41032002724374733,0
2,39,0.5605308490969345,0.6507699144842931,0.5933827931418896,0.520865069523394,0.5665737681757795,0.5422015648620288,0.4803494358170005,0
2,40,0.5384313197120523,0.6178517235901462,0.5572960995395776,0.6095190366826287,0.5976865130111383,0.5166343330857741,0.4909585318912574,0
2,41,0.5809620844953698,0.7126670621133843,0.6337087798384485,0.5603662333893596,0.4881529425433915,0.5264396324010262,0.5159463287771825,0
2,42,0.7015302206311145,0.6397031112301891,0.7448910974522778,0.571202278043022,0.6327336701852947,0.583735177614375,0.555639812581073,0
2,43,0.5544393046246637,0.5717227127780661,0.630778041826072,0.5608716729162542,0.6884062654858407,0.6288543599013737,0.5625877043559716,0
2,44,0.7599046111198612,0.7048528915635782,0.750286030074079,0.5688587158059277,0.6298110183930271,0.6571158419500003,0.6136806561289339,0
2,45,0.8200175195717033,0.5969563935729957,0.5977621080888302,0.4737757744175378,0.6582043611458716,0.6265195915116984,0.5591337176113477,0
2,46,0.7413027570360461,0.8662212046037947,0.8372219363423004,0.512795034938921,0.6746850025815921,0.5988148001405852,0.5654434793387367,0
2,47,0.7724272418000233,0.7629574734168995,0.6131855905669567,0.48428153250138456,0.7219176257181699,0.6916104798891969,0.7080735979371008,0
2,48,0.9030291274690027,0.7510394151699075,0.7836000540225114,0.5218616794029084,0.6469167500553231,0.6745151147709406,0.7318181871031885,0
2,49,0.8912204460900037,0.8914889445300528,0.8239257539690592,0.49960075301601486,0.7910073087282167,0.8040396742594093,0.8379242300391514,1
2,50,0.8899181854043671,0.9129959393366927,0.6934203264413653,0.42814753200249933,0.7333283521580571,0.7453863354737292,0.7611301646694453,0
3,1,0.1791051978510783,0.3486245185670529,0.6613143014093243,0.6378506642711332,0.26220554326428436,0.3969461265940538,0.2733021661406976,0
3,2,0.08573663432575365,0.32629953615760665,0.37645669240137236,0.48501297332290355,0.14627846154211388,0.48904778396908155,0.28297819161478227,0
3,3,0.2424711799167575,0.43692794128575796,0.44173721032867974,0.6514370572515602,0.2707228540444608,0.3953676353883153,0.3157770185308083,0
3,4,0.1980444200152096,0.3442615783864503,0.4235110167671209,0.6251903325152877,0.2556205921273589,0.38597370847710427,0.291729267066305,0
3,5,0.2600315868049788,0.48059400600612445,0.597388658253863,0.5599225140346074,0.34601517257228137,0.40045117477221426,0.3452436406227214,0
3,6,0.21211458214886536,0.31521515701125336,0.4975904842848557,0.5264370058816634,0.31203795415056634,0.5042396328569624,0.25575445053516555,0
3,7,0.20005247497131495,0.37677576349316055,0.565414629270576,0.6176877042893952,0.3673788825158607,0.4056883760648539,0.3481668166237245,0
3,8,0.27971095155892545,0.3884421171335027,0.5093308813713893,0.6130700672420639,0.22183657310925278,0.4643040767290876,0.3333124502789182,0
3,9,0.320370333767596,0.48586724006181514,0.48815387171056046,0.6423831391060507,0.24358395864450727,0.43376776580572773,0.27341252754405676,0
3,10,0.2653069585888619,0.4050985435947789,0.5995533000299464,0.4897630754122753,0.16915384430808267,0.4737919327609887,0.30902342240586844,0
3,11,0.1844022459057863,0.4174383144574817,0.6578456587280939,0.6694519771877517,0.3091823927085688,0.41344730449475314,0.28887135740653036,0
3,12,0.26720407211777175,0.4634741554240927,0.4089066470980569,0.5803149864615911,0.2385521220659947,0.3885324402595618,0.31387408134109507,0
3,13,0.28863557298956694,0.4614927534966841,0.5032228188374162,0.4711574894009275,0.25721488243985663,0.49984509670513483,0.1749002859635714,0
3,14,0.20252201214835078,0.46662851507924186,0.4751420233499577,0.6442372412441367,0.35992762515014565,0.531411291986501,0.3062529028162315,0
3,15,0.19086927711534196,0.4885206781646872,0.4707643806350045,0.5863547501547353,0.3336651323090474,0.3628557827330075,0.33043850144644693,0
3,16,0.2833687422465783,0.3521551217910638,0.5169333493969238,0.6645217341787695,0.23132067404204557,0.3886616993091143,0.36542718020407605,0
3,17,0.2929206301780515,0.5271747403811656,0.5599986944954342,0.6594732806259908,0.5156447316330997,0.4331097720954754,0.2843058618190753,0
3,18,0.2978716025411585,0.4104642304026896,0.45653220863116073,0.7585906653254046,0.38161060822328136,0.4085857309298962,0.37259651511397995,0
3,19,0.2668779787558222,0.46751364359572467,0.4399682412237817,0.6411576322350303,0.4857772884639051,0.46990888310986556,0.3105893948108268,0
3,20,0.26260505240445825,0.42930186609761095,0.505553542706921,0.674978686464474,0.276007453807461,0.4911000025206067,0.313015673742872,0
3,21,0.23037265556167053,0.5110315533424719,0.620794447212031,0.6775754315450044,0.29811471345238766,0.49085605355330264,0.3548427543817855,0
3,22,0.28910718188317297,0.46542672445166317,0.5741252691676205,0.6306356820169313,0.4154738850108428,0.5244805696126548,0.39850169549553405,0
3,23,0.27805012332982965,0.44156744862280245,0.414153099909112,0.6256509834939388,0.4819254663446304,0.3978716070204705,0.3566200469344937,0
3,24,0.2639264498877299,0.5262696817085017,0.5004209525921722,0.6477327493406375,0.3037269130363408,0.546715878069744,0.37253262231532497,0
3,25,0.3298993765717085,0.3845090285526095,0.622777151922686,0.6005609134702142,0.41275582909709396,0.4304172192517257,0.3159674298627208,0
3,26,0.3175173935769249,0.490187407070152,0.54098437173601,0.6507919886646308,0.40886907536449774,0.5678865920704774,0.2692034791784751,0
3,27,0.37671742360776234,0.41759205970172036,0.6992491527389182,0.6797294169767191,0.5012683404093747,0.4592011093512938,0.33933869208906625,0
3,28,0.3314485808876896,0.5328593137516948,0.5574919952502994,0.5653133826117626,0.5014656237430989,0.5052575373197397,0.3855329764223893,0
3,29,0.30197564456382336,0.41895054164347106,0.4856264598551454,0.5218722050925285,0.475216916692757,0.4564275608386703,0.3334006147735146,0
3,30,0.2567561775870053,0.5240420325701584,0.5014761799955809,0.6416355006594104,0.38655887420148466,0.5339352741179615,0.3507986169972662,0
3,31,0.439011040665798,0.5464220050294702,0.5281404065099059,0.5844067889077784,0.4594672993088281,0.48889491242382677,0.3553387932874565,0
3,32,0.39968111360716585,0.4674895054111082,0.7121712365126124,0.6254445538251304,0.5951191036534837,0.48266597113553134,0.41134802866247244,0
3,33,0.2872340899423431,0.49878529775074937,0.621998726972572,0.6224153901200278,0.4198163998949782,0.39818708168553363,0.29444317989068797,0
3,34,0.3389963190440682,0.5346521960854013,0.5534608949152634,0.48437511455972887,0.4945543723799271,0.45946005016836966,0.47319993751127204,0
3,35,0.31758817094175396,0.5662926340272282,0.5874984838942584,0.6537987844109855,0.5218750662214328,0.4854971769328632,0.4098804765139268,0
3,36,0.38462498001712375,0.4149498491557231,0.5805857580982077,0.6307244577971797,0.4870224147084735,0.46926573623371765,0.3424729923667224,0
3,37,0.32664131399103147,0.43100056823141697,0.5817958224865274,0.5509948703508581,0.5757186213794631,0.412726046603559,0.34788525422094974,0
3,38,0.4141793875154557,0.5053144972808296,0.5459786338218924,0.6499231664641834,0.4155684591602188,0.4710433205179546,0.47867570889023814,0
3,39,0.35491770953018054,0.5188064189821098,0.6250923670320042,0.5001519984266084,0.45006041109253847,0.48511456455430735,0.34565617190512454,0
3,40,0.38519666491078586,0.4256067965476774,0.491905692487587,0.44501943882216544,0.5559524677630253,0.4874141269701141,0.3944435311775718,0
3,41,0.5103147095642151,0.5447472454988611,0.44950477660995336,0.6370368948295355,0.6223216137105145,0.5345362451745139,0.4990073207987392,0
3,42,0.6002598203809706,0.5362286123429066,0.6696456049040599,0.4887591383351989,0.552184118763797,0.6171184323362668,0.4711550088499576,0
3,43,0.5611031538410095,0.6098854255333247,0.7309361894119549,0.5658004705208859,0.5201557135461918,0.5233713287357481,0.5460262531017513,0
3,44,0.5203358052266085,0.6098495406962566,0.6130128388891761,0.5480718243531465,0.563445184683907,0.5543481112606927,0.5163028090703571,0
3,45,0.688578116621226,0.6697094770955593,0.6445572142890489,0.5683954587223469,0.6160054935526655,0.5506583958916279,0.5399889395537141,0
3,46,0.6393816944154336,0.7160363112864772,0.7413467638315263,0.45477410195210555,0.6855077226729621,0.6192365435700166,0.6383421009435069,0
3,47,0.674308753741799,0.6757472017238084,0.7105929836242815,0.6017268551847306,0.5701487577374198,0.6697529956567456,0.7150144335977154,0
3,48,0.8239321758730359,0.7346465459551099,0.7184443660506187,0.4327451889015109,0.5813394014948675,0.7218382900612638,0.6405502536137779,0
3,49,0.7765332717415375,0.7302348481791398,0.7328980276600436,0.47622536835186124,0.7636782598796819,0.7195602542823129,0.7401091489828971,0
3,50,0.9741771279849748,0.7782869782144225,0.7594878926991291,0.5779613892311753,0.8358723885602822,0.648078484199438,0.7427155612505398,1
4,1,0.236941980273841,0.3734099537146127,0.5217753344163227,0.604857552500931,0.20644528273733337,0.42532993530575186,0.24869642357532507,0
4,2,0.39713844736634485,0.30635066803369626,0.5258808766932985,0.5743885946828656,0.25264415465115503,0.42512787366639304,0.32329273870212316,0
4,3,0.26464727083398293,0.4544026144207089,0.34069914743479257,0.7154271378749614,0.2495037291135404,0.47809216778725905,0.22680621275792393,0
4,4,0.2659231296528125,0.39954810553312686,0.5262148011606992,0.685070909655798,0.13008678108182908,0.4742909535858654,0.2908140954978964,0
4,5,0.18867045322632933,0.4281524334188433,0.33901245042782735,0.6589036406743227,0.15547364987162052,0.4296728956308737,0.287041558133604,0
4,6,0.25689345649487927,0.37089307194271676,0.4741378112820158,0.6963729661252798,0.28617781815085364,0.40911850092384194,0.28377767900177436,0
4,7,0.2888499249881509,0.3202092146152267,0.5638257526084819,0.627717295549476,0.40621710797443533,0.37479322231378465,0.2930668954479684,0
4,8,0.3325956969601446,0.375989397421005,0.5284777199861413,0.6201199613849052,0.28891735204364943,0.3962659782007585,0.2963339798649633,0
4,9,0.28338238753897793,0.43590103367109156,0.49848064111492807,0.5230969465649127,0.34031191177108777,0.4508262518996401,0.26709924511495114,0
4,10,0.20519274480648192,0.3647294936111048,0.47835320575500023,0.693705248736809,0.2516297965467515,0.46601068296643794,0.27908418985692107,0
4,11,0.2767564398383837,0.4622528300046372,0.4801632063247009,0.5256483049998535,0.21608305811818207,0.40880612530286214,0.24614700146609741,0
4,12,0.26413780670266995,0.5399303275013216,0.39755997834040074,0.6322179907225881,0.24032281858965987,0.41212993298086603,0.3182709736670272,0
4,13,0.30286752078497514,0.5189453731137084,0.48905931911419853,0.6355884714083305,0.378495301587524,0.43000232499865015,0.2847519905734259,0
4,14,0.3266757509153225,0.4207415795135551,0.45151213040282867,0.6275958026166616,0.2909791785916292,0.4131786934442237,0.3467145578054354,0
4,15,0.35059197924926183,0.3591156918440798,0.4776109014151316,0.7353767716439946,0.40264128569854535,0.445880199624772,0.2719734892249392,0
4,16,0.30548998067485866,0.43347616161697994,0.5192390349261825,0.618150049154949,0.33113749341769316,0.3703010632179994,0.2957744628919584,0
4,17,0.237009500068018,0.4247222244230361,0.46981722498604095,0.6266810257638866,0.32968200913599094,0.5176696832487334,0.34952915770951276,0
4,18,0.3425876155262587,0.39806740718689687,0.4884102540035727,0.6388291412064273,0.3324951548161919,0.48984279081614773,0.2880744969243303,0
4,19,0.27980767026816844,0.4111180625822481,0.6073434088883469,0.6577277776166182,0.47359663724072426,0.5599822101949627,0.277864148403383,0
4,20,0.25741619911340213,0.40311970361258664,0.48789422428210316,0.5565707075517036,0.3168867636260952,0.44078578107398725,0.27116407908067963,0
4,21,0.27393853807469815,0.5850784485048196,0.5020030884324923,0.6243210585150232,0.3112795289320379,0.534704587906382,0.3905750340401458,0
4,22,0.2560860875065956,0.45773334388623105,0.4566998267787922,0.7077413158084016,0.4465516839111904,0.45557195192438676,0.21538121683763395,0
4,23,0.36141427152556743,0.5104441845861578,0.6144418868044492,0.5244792198655127,0.4250931384087743,0.5029757608241465,0.2568832217208878,0
4,24,0.34431833486099667,0.4373617707576633,0.40874867012191585,0.6004581133955763,0.3963616741846986,0.4461963797726123,0.31422642872874657,0
4,25,0.33224090082822494,0.47712273024848556,0.5186901266000333,0.5954210642979199,0.4305412422952675,0.3589542037052409,0.36885175636132295,0
4,26,0.33981089127545194,0.5056367153797232,0.4049029128966226,0.5015699678084622,0.45042823071941124,0.45604415724357417,0.3561088471595966,0
4,27,0.3746438986575705,0.5068319421495561,0.5770787605766069,0.604350292495725,0.31653863674313587,0.4962618104018564,0.4112864333108797,0
4,28,0.3010440935771985,0.4964897196833879,0.6050370795573011,0.7135289748679451,0.3994334045463226,0.44787727077279305,0.39016360255717275,0
4,29,0.29275983484301016,0.4861308142513352,0.5869063143670616,0.6252777737798602,0.4741750956307967,0.44766470491571353,0.42931394678580304,0
4,30,0.3478601768073849,0.4840038211309218,0.6186176910299716,0.5247030643397823,0.3968367404686191,0.37147721097690045,0.37690748853539086,0
4,31,0.38659870944467795,0.5345780004036763,0.5228738277270188,0.622967830455511,0.4719488164439876,0.5197329884820945,0.418901857912855,0
4,32,0.42599362727555123,0.571750806249661,0.606009108190514,0.5198186401712958,0.5437007200339194,0.44466037796909713,0.4856438353162321,0
4,33,0.4775204887414939,0.5454798239899914,0.574531378441717,0.6388932552658199,0.49657149165045816,0.5234330389865401,0.47848762741688167,0
4,34,0.4608165779460392,0.49595445323650433,0.5253414532257134,0.4830235540407826,0.577062454613659,0.6148639089223203,0.5260300835371517,0
4,35,0.5564689485233839,0.6448325902234506,0.5785687558937481,0.5933595731117303,0.4272536896789925,0.5505186265806503,0.42145837716462775,0
4,36,0.4707660688361299,0.618924729405698,0.6929522509162319,0.5348273901152717,0.4939664632971922,0.44214430241795544,0.4811884142053321,0
4,37,0.49987524432817104,0.6324873014519723,0.6004293459967474,0.5118194788449225,0.5433620192979368,0.6162743178555717,0.5445286653695793,0
4,38,0.6369814658688165,0.5698453112715721,0.6448840888690739,0.5797484307382792,0.5629007185809854,0.5972456440705981,0.49523287272232297,0
4,39,0.6622191535221386,0.5000874605106013,0.7366304901547992,0.3825965915333802,0.5685825130120871,0.6395037653492515,0.5382629364646507,0
4,40,0.6085393618597403,0.715345287316031,0.5294946828615954,0.6277394660577211,0.6166938740574628,0.5413802334778783,0.5448442463848655,0
4,41,0.7351374749885002,0.7186759359426874,0.5543496297195858,0.5303299274342945,0.5826634057138887,0.6784391347866048,0.5263677713664063,0
4,42,0.718761477969727,0.6420123705900866,0.6379726253011687,0.500993778644802,0.5724319867881607,0.6312686157137914,0.5523496770108625,0
4,43,0.7300423914031653,0.6280208265427422,0.6434214665080008,0.4890901903201623,0.6110906720420876,0.7393390641704167,0.6364387601766603,0
4,44,0.6888063001284591,0.7035200251363357,0.7218348204595422,0.4767100834070378,0.732301952429261,0.5919197161594939,0.6391726022976504,0
4,45,0.8144422479146697,0.722248223679956,0.69849199155958,0.5185594672205935,0.6482094618292492,0.6890728752430374,0.6852830551055077,0
4,46,0.8133032982724759,0.8121544742532726,0.7116370574784618,0.508870890003171,0.7130086745205604,0.7624111523303607,0.6262185532353035,0
4,47,0.7687676568836687,0.8012454760932494,0.8490921615689749,0.5511382932862203,0.7314193228942057,0.6623229811053009,0.7146614509335186,0
4,48,0.8527273845490061,0.7939425828626201,0.7634139539711234,0.47033061225179795,0.6872594543952826,0.6350969190294822,0.752518069486263,0
4,49,0.9322092371573997,0.8747494337273425,0.7663689164138329,0.5344297471510363,0.768321154629163,0.7112957263018168,0.7263134540480631,1
4,50,0.9266286659528985,0.8112515689894327,0.8012897785505984,0.5205658103722458,0.6802579616888349,0.7847702763645505,0.768017543959731,0
5,1,0.2981697337817162,0.3293729004026043,0.6260027988180408,0.6595278421019716,0.20838823306249726,0.500910940281089,0.29056488919148205,0
5,2,0.23747094940080904,0.42429252196535394,0.5365622077126786,0.6208808083933827,0.17060081876794386,0.4292964927083037,0.28171006071189314,0
5,3,0.2004953376356992,0.42605766894048847,0.3226678179463818,0.6323246316176756,0.19831501653477054,0.4896123303439955,0.2631265895423062,0
5,4,0.2578402631400189,0.40608740767430723,0.5579785571644036,0.5922466570205251,0.29579329306990426,0.3759151061446758,0.305129642127919,0
5,5,0.3142878297914252,0.49882224383677054,0.45455924778825374,0.5372510449190847,0.18533989349029287,0.46002212832742184,0.317896146713469,0
5,6,0.22873810274655196,0.44394336466645307,0.42387066556446223,0.689536974942614,0.4254463053883919,0.4467225573285775,0.32475540678288717,0
5,7,0.19797528914756762,0.3780640318484889,0.43469733312308756,0.5331797254150991,0.36634159651973897,0.4434431259012886,0.3171843790306992,0
5,8,0.28344240107973667,0.4590275341119667,0.510536401691335,0.651841636281484,0.26023974212929907,0.4140923554633976,0.2304542917199069,0
5,9,0.2826078601485884,0.41622483459966164,0.4243708974303846,0.6179315080979221,0.28422515377943014,0.32479959969703104,0.25764376702602493,0
5,10,0.3186388916716957,0.358316254180012,0.5270913635349814,0.6813444335216283,0.33662437753945396,0.42923571064930327,0.28260118433378545,0
5,11,0.32627694434739135,0.42835519865714444,0.5616582804271539,0.6279124287872692,0.34812583702084654,0.440129626647885,0.34783443580658435,0
5,12,0.2662596236906678,0.33079279765646274,0.6272444999210187,0.6353995238427357,0.2051308462702327,0.40110902513906443,0.34979371461849146,0
5,13,0.2844828842359521,0.49384409301564836,0.4474898997531333,0.5721107985347099,0.3296831885028961,0.4577227466026941,0.3386171517170366,0
5,14,0.3236148862359843,0.45086919694692046,0.5042553518479441,0.6237618981942028,0.33245205080321816,0.4503549067909518,0.35502699037913804,0
5,15,0.31949680534691766,0.388543700752948,0.5287369880643897,0.6183189329062554,0.3465908947887919,0.5513262653570201,0.29281136107293826,0
5,16,0.3743090585641234,0.43650009570496917,0.6892491583420515,0.5973176424961114,0.36344535333920286,0.4024597127553509,0.3040237632428354,0
5,17,0.366801158317295,0.45015474170117875,0.6153380394534316,0.6143020813644396,0.3330698882096597,0.5789992553639693,0.3439118824721016,0
5,18,0.29337276708950505,0.389666004273433,0.5943598549099752,0.5981373624264055,0.36964174853938914,0.44202456627808656,0.36337462039704677,0
5,19,0.27790734089475766,0.45061486535907974,0.5724671499289928,0.6399519387858584,0.32243277625416034,0.4804742421045697,0.2922069536452183,0
5,20,0.28808827896580835,0.5070579174326015,0.5763395078719145,0.6562996025407324,0.45483268526854703,0.5886324624119361,0.24653869480449225,0
5,21,0.30807720099318225,0.40205901888086537,0.45816917266774004,0.602020816156678,0.3160037770826357,0.46615211837687065,0.33718491607143075,0
5,22,0.36787237778382115,0.47735034267133386,0.5090613744223282,0.74726860415802,0.4120658669889259,0.3576757623687602,0.2870812127116892,0
5,23,0.3469526866594739,0.44370973879733333,0.5040102011470379,0.7406555667440309,0.43993897244461466,0.4885049180723167,0.2932463256028949,0
5,24,0.3515262301567562,0.4610503569826113,0.408458190301988,0.609181578629028,0.4168443249724103,0.44284254171144355,0.30173047938266623,0
5,25,0.3444429955232687,0.4595400011805024,0.5823354107785398,0.6848513722970523,0.40733913658836507,0.43219219019423205,0.36688278367671534,0
5,26,0.3351759335389642,0.49711967384830863,0.6101709738809181,0.6975011879395203,0.5406992544031894,0.413079193067028,0.3482949104666256,0
5,27,0.35558227677528315,0.42773685401949324,0.439210659773825,0.6255607667617402,0.3968986604271253,0.4620996740373812,0.3104978229150574,0
5,28,0.37580087322075334,0.47034607634032477,0.5853497379924653,0.7511518259850575,0.46863737187265087,0.48345408835320647,0.2989219335566337,0
5,29,0.4468274275405752,0.41922601100333484,0.47332391499719506,0.6176540647270068,0.45558845519735675,0.41547467467783544,0.340151339064345,0
5,30,0.3309862747603186,0.39831637578169143,0.6139815534629856,0.6495378147162822,0.43276888276108033,0.38289164919365404,0.3207688321780719,0
5,31,0.43316955969609944,0.41877090125651717,0.5436836082941968,0.6605086795936939,0.3361239595926848,0.515089308396945,0.3014774713896782,0
5,32,0.39082011268244565,0.5274293195731923,0.5897647066625479,0.4773625704962011,0.44091324517064057,0.471710256467664,0.35345100569401067,0
5,33,0.42155428298539377,0.5062225868214839,0.5378007540211874,0.5092197793327712,0.469671125068711,0.48701840740694774,0.31127763737247616,0
5,34,0.43110562006527375,0.4847433488147922,0.33993540935813227,0.5433146982372918,0.6191713495133649,0.44027311034858113,0.2691928388435503,0
5,35,0.3899537347790921,0.5362470244478863,0.5753871072653556,0.6475135481727301,0.536780554862871,0.50387441559605,0.4848715224278049,0
5,36,0.31386898930963175,0.5059330757639452,0.6375036537672252,0.6921620483921688,0.49840370101645404,0.5286472222594064,0.41998711997756033,0
5,37,0.3589858683894829,0.46082997117997876,0.5377716666078033,0.5905866709976735,0.47959875501418386,0.3336662247163128,0.35446502631384336,0
5,38,0.3754248629266129,0.5855690591764555,0.5617363068901103,0.6974617433110482,0.5576852247637981,0.514520365494663,0.39276207769667815,0
5,39,0.40648292270852854,0.5162060354044393,0.5880433053555031,0.6027028725123609,0.5752989391354807,0.5863193123098841,0.3678801528952279,0
5,40,0.4701749027453806,0.551012664047214,0.5648201492403556,0.4769966778225583,0.591002169118908,0.3650262870688473,0.4574968615470616,0
5,41,0.510869656195508,0.4824035340000384,0.47510629505081436,0.6247361721393792,0.5778928845117223,0.47555023141941444,0.4253785185820928,0
5,42,0.5562122325703613,0.6134931121113478,0.6626392187723713,0.6869495468129497,0.5884138814441372,0.42151648007078074,0.44886160244060863,0
5,43,0.5195959354461548,0.5857089752028063,0.5749215725352926,0.6773944823833151,0.6646946936516664,0.5809588492140161,0.5265164292924123,0
5,44,0.6315637693282837,0.5687771346097478,0.49007633421473307,0.5853685041843378,0.6590757790126923,0.6329723193303597,0.6111486089859366,0
5,45,0.6253847755372146,0.643932202797966,0.6965324916207876,0.717368826119076,0.7483514067682895,0.6526062217362827,0.5503378749498082,0
5,46,0.7683313493710704,0.6400214822428275,0.666000364522288,0.5476587776053392,0.775029270801914,0.6030287712156526,0.48491024534409655,0
5,47,0.7475348625467122,0.7306951875855237,0.6964033982137787,0.5272141238872976,0.7467840712707187,0.5682476651732737,0.6181674705704638,0
5,48,0.80538171643469,0.6816323918092287,0.769053419482517,0.600112950553765,0.7165730148141469,0.5709759018947052,0.7164621236985772,0
5,49,0.9051259190443168,0.7512086269447102,0.6608476136326762,0.4953035807934004,0.7281839647961825,0.6609350420261321,0.7477442548198485,0
5,50,0.9922954987854996,0.8431495673730831,0.7129891773564402,0.4589526978791537,0.6602411311480628,0.7318093861660684,0.7377251680919776,0
6,1,0.2973838631709898,0.3074610694053345,0.4007054440186163,0.686598178586342,0.2904057894478378,0.38415085306371793,0.25099570885955447,0
6,2,0.10584499371519131,0.30214031577472217,0.48354866194045015,0.7129934339677475,0.19185619470999565,0.42784683958675773,0.3418894636282006,0
6,3,0.19695755990504119,0.39695816381332866,0.632343865493999,0.5286680434885143,0.2886548642332293,0.37328422338193706,0.29292361835515784,0
6,4,0.18149940352739535,0.35124490361708627,0.5257490054977628,0.6797323596897609,0.22821582780868982,0.4291056579366608,0.3189587033145524,0
6,5,0.26998460898310295,0.4439671548529874,0.6902538409125287,0.5974337485664251,0.21751509189991236,0.4654482935786873,0.33395520844560694,0
6,6,0.21644184971595434,0.432656541910902,0.4516691031485737,0.5953679607190991,0.2593755660421061,0.4781969342411129,0.265370069191023,0
6,7,0.14437011018654622,0.34522934666469335,0.41927825972600435,0.6107233544828055,0.1916671907841437,0.3946622520089398,0.25949570575089753,0
6,8,0.30992520013861297,0.44389737947152585,0.5139290590693203,0.5923384231651497,0.24600604060261874,0.44758732349759744,0.3300084536676145,0
6,9,0.2492240213431684,0.31181902156684865,0.5292199648919418,0.6657289545175211,0.26419588238714753,0.5234263498070053,0.2593380776281975,0
6,10,0.249208746229159,0.4109851166278296,0.5079974482396676,0.6264263018005682,0.340877524607822,0.5028868118137372,0.3058874877747922,0
6,11,0.21951163624911765,0.4568977726363117,0.4642605933321106,0.6854395961652879,0.4316384526435944,0.42929580560143044,0.1989728254596296,0
6,12,0.3197937402769219,0.4488538393512623,0.5366239519072521,0.6805201013572904,0.33706720635490534,0.4976862593725568,0.3571711838323493,0
6,13,0.2797397877577695,0.46906297007469777,0.49930110488399504,0.5839123513064597,0.4194060584251384,0.44901023381613436,0.354044028293119,0
6,14,0.23607420101645854,0.4269491446291201,0.62291958124374,0.6533144044567655,0.22331161041617253,0.42883777717119226,0.4055146896352356,0
6,15,0.17897604897574776,0.5236524442711272,0.5717674756868956,0.6157992284712319,0.3127149358350759,0.49511759648958675,0.2919008299886904,0
6,16,0.2997097478486696,0.44383409627436754,0.5357860363734916,0.6095019177971494,0.40673840721255594,0.3991328583949083,0.2405037436584896,0
6,17,0.30776189996581416,0.45821205762558836,0.5557409858732627,0.6007675772997472,0.40024896226313156,0.4415220936622729,0.29984432195924116,0
6,18,0.3808319685012484,0.3500511958977284,0.5637851673007059,0.519253374342577,0.3555059997006216,0.4235186257422906,0.22254858516600612,0
6,19,0.26439808045284696,0.3344396828719378,0.5891697663541976,0.7061003706793361,0.4604074605377943,0.46454782203257355,0.3317029069288558,0
6,20,0.37111916282946167,0.49867843514378124,0.46609236784391395,0.6320806911928953,0.40637096865748573,0.35751915155413855,0.35546803298103874,0
6,21,0.32259679185249635,0.5182706540720878,0.5464040311090094,0.6156069005609707,0.41187628340485855,0.40860866760077835,0.2864112406382806,0
6,22,0.3628171007057827,0.39764468422063254,0.6029599163187706,0.6147824014636387,0.4183885144694259,0.47381093197175317,0.386917523406216,0
6,23,0.3683080833275536,0.4652706419879963,0.5804928990728673,0.5700042445077652,0.53651954064229,0.4756912461602483,0.375449871267255,0
6,24,0.26026488240850176,0.5142941843959365,0.5584823782804823,0.5051732159102644,0.4782973957390292,0.4264108597823638,0.4129658492938356,0
6,25,0.3152353178634833,0.5139477289295824,0.4771754920401737,0.5604291915299636,0.4132100947761136,0.49635863998106106,0.2784561373693255,0
6,26,0.34978602991464636,0.4274510843716498,0.5141441790955802,0.50859137588359,0.3932612411388811,0.45602163516844246,0.39411889288114466,0
6,27,0.39506878957408165,0.42597219879101,0.49538357388903775,0.7122414531138681,0.4556876091418351,0.43019876354942116,0.3424433434409704,0
6,28,0.38911012454374083,0.42196034103648716,0.5418296332944623,0.6254094096600544,0.39282559336900424,0.4564157473675003,0.35306614302258504,0
6,29,0.37977123497801685,0.4489395300820496,0.5314232799297431,0.6598575381233381,0.4258886930643793,0.49003200758687016,0.3510046756315393,0
6,30,0.2751581479184745,0.5403529348015551,0.5370504964599692,0.7184212456338986,0.4391818243571054,0.47656026005657465,0.47763383615091215,0
6,31,0.23170925856746794,0.5349295065643617,0.49172336262248484,0.618757618153626,0.44384490737290494,0.47680813904776576,0.3130731896407129,0
6,32,0.3801907498902835,0.43978455568628694,0.5121941179247878,0.593157029984088,0.40827107394642337,0.4561719508600627,0.38813982699514515,0
6,33,0.37523115891587056,0.5088049164546707,0.526897957629738,0.6494637539520126,0.5951586874881065,0.4679809803902276,0.4280599115738854,0
6,34,0.43817435081438205,0.6076889765601629,0.620006168011267,0.4955951276714191,0.5512397378868176,0.5667431871654505,0.4143201915000949,0
6,35,0.41649420650485947,0.47472304202388627,0.6058818313182849,0.49061139675522114,0.5246137392263845,0.5833421131322751,0.351511854712686,0
6,36,0.43049837130437796,0.565434007014452,0.5819998250047653,0.6739481829017652,0.6112608997455019,0.5576636473034299,0.4758815157171943,0
6,37,0.470100865796788,0.6310605176778307,0.5413569021948559,0.6341226196341339,0.6401685501271299,0.5573432301044043,0.48138934705190123,0
6,38,0.40122406505742314,0.622912910924273,0.6228652201512134,0.5749623132165805,0.6263919507738698,0.5569615539217636,0.45478965716744213,0
6,39,0.578777757766498,0.6331466955790506,0.6537343557099549,0.6343621426951132,0.5338379268179513,0.5833850228082424,0.5978964849309122,0
6,40,0.6154823176014595,0.6177310749013478,0.6280502730868827,0.5117115498071346,0.6038269570579735,0.6805627807213452,0.4917784819411394,0
6,41,0.5725032550542816,0.7529709143314052,0.6332362206135099,0.5584616563791396,0.6048330235336257,0.5551788560798455,0.5648424676692783,0
6,42,0.7383035296111695,0.6435531091103864,0.722530187214318,0.5041086336400175,0.5374179416692269,0.6672755458832316,0.6562046423321776,0
6,43,0.6763067211014783,0.6974612132999006,0.7412835887560686,0.5714897622408864,0.6353817517221773,0.5492464089940917,0.6254937597071006,0
6,44,0.6710205691107489,0.7573379690837989,0.7236079186593585,0.5870088957939401,0.7263185299831405,0.6093767379037324,0.5605520299917528,0
6,45,0.8064563494388072,0.7178998048237014,0.6634169673299651,0.42671897948452175,0.7941588532730562,0.6992856820712654,0.7014947990637382,0
6,46,0.8219354016396269,0.7523835572410236,0.712136512711446,0.5043461381244725,0.8620844452649001,0.699695601564972,0.6614099779324284,0
6,47,0.7736565376696409,0.8594253359294614,0.6889251632935003,0.5540651259573479,0.7829586577845881,0.7050384272102496,0.710923499590982,0
6,48,0.8524779287181015,0.7749650755536249,0.7153361599161208,0.6067754224190561,0.7274878020388906,0.6604101865308614,0.7019851201569246,0
6,49,0.9201803152206807,0.851416458911613,0.7403735160763146,0.5464017482103767,0.7103863325029611,0.7006192984327113,0.7978902243695873,1
6,50,0.8684044912649166,0.8002236773545712,0.7776091506969387,0.6095679424801705,0.6490660901318603,0.7414166469785253,0.7021978334213426,0
7,1,0.2023705871223567,0.3659102030170396,0.502104494226346,0.5878846660021653,0.12125255690875086,0.46039348062613883,0.32024360835744403,0
7,2,0.1499592794809972,0.41014590762920755,0.5505185199064846,0.5581278758936249,0.21855039489092778,0.41698666773448173,0.3773075329284132,0
7,3,0.14737818462769123,0.5224963502863995,0.44073419951926734,0.6788403976596455,0.2852298788518238,0.37441548865790963,0.312463389691955,0
7,4,0.2619125045258208,0.4119336151190313,0.5901437639759173,0.6245239725887637,0.22592755583442134,0.480403211652859,0.3194197982429302,0
7,5,0.2045666706812714,0.35073686093007633,0.4682594499723109,0.5827507168591647,0.2921719561191749,0.4757992025147026,0.28524348552338,0
7,6,0.30981947398245774,0.41776994582002697,0.4520675759919872,0.7145225989661323,0.2503389589382955,0.43470825982154876,0.2786197487196716,0
7,7,0.17156403277843663,0.43984341617786443,0.45636192622723654,0.8035718737398094,0.19783558504325127,0.36693087625093146,0.32370693578067206,0
7,8,0.2518254871413624,0.4394121210093637,0.38375168077789035,0.579349307258494,0.207583056251746,0.3364477075026059,0.30664901170119435,0
7,9,0.1860862059898288,0.3865403102993291,0.4562099914834246,0.6437845101324241,0.2993348115141488,0.4772899372967728,0.3410191866356339,0
7,10,0.2557000842937485,0.43117334504083354,0.5518059591343434,0.6284994018434615,0.2661683414049756,0.41737787328301146,0.2651220800835018,0
7,11,0.25469524558994344,0.38544131246816177,0.47124286264727844,0.5473760763330326,0.357730480474232,0.4393308834765894,0.26545999902133655,0
7,12,0.2349735638044826,0.3508749686493884,0.5906855602453394,0.5877741806260333,0.28346605458747265,0.43885900101745884,0.36832946113950576,0
7,13,0.2066401479869397,0.450993850205609,0.48685071930167934,0.733275438291768,0.3169328166801266,0.32644822510506666,0.3316682486077837,0
7,14,0.3489920187214707,0.5179477144378283,0.4510167870232975,0.6747291437586067,0.28268032761579737,0.45081446997084623,0.25275237856301336,0
7,15,0.23998366942602048,0.4739277640071308,0.5800503385168759,0.6366091837598492,0.2539747149166769,0.425418028302514,0.2816941758528637,0
7,16,0.3363052469350605,0.4844192793015442,0.4727346406408085,0.45562801266263125,0.23798228611219677,0.5134813489041105,0.30153725303400886,0
7,17,0.36312901896601296,0.49745799727441636,0.5289114105343851,0.6023958145361615,0.3450739272312125,0.45515813991937326,0.4042023640659804,0
7,18,0.3208974559461583,0.4952635054535086,0.4469226799282907,0.6652917135484425,0.3443258747203033,0.3193952402113617,0.22039152290070943,0
7,19,0.3147571657238303,0.44508997826701485,0.5433056695022964,0.7370566089612015,0.29485462310841126,0.4452283322908138,0.3446217761406908,0
7,20,0.29321234154834824,0.36200253329578275,0.630693435209252,0.579103126848174,0.5018840098867101,0.44637628380412725,0.38340267826995916,0
7,21,0.2938588126811747,0.4153985333388996,0.5419386750556394,0.6390799216648428,0.3419444894650892,0.44314777920700577,0.3040950566971443,0
7,22,0.2945094657986203,0.5244616075848281,0.5215064368434619,0.6355572584920944,0.31871815570128387,0.42844637040660677,0.3477267335394624,0
7,23,0.31369514317801483,0.51898601805965,0.5816510377142043,0.7176440803678812,0.4034574669616967,0.5717111355325902,0.3155301898542939,0
7,24,0.24569336180974954,0.5689512335779036,0.5957613300832528,0.5999527559971815,0.4909413618124097,0.4879846092558891,0.44070637356877956,0
7,25,0.2965279988784885,0.43187393080285874,0.4018422126513979,0.6836196322867817,0.40877620665179853,0.49198156024932804,0.4629885967164806,0
7,26,0.2923383551613435,0.46353320848619983,0.6107073147088387,0.585997218481391,0.3961423041720722,0.5092594635120683,0.3665319661919018,0
7,27,0.25572641432074583,0.5352617931913606,0.5713349798155168,0.574268244137765,0.4327754205659011,0.45846183364008347,0.3869866680140083,0
7,28,0.301465214027345,0.4906144544098361,0.5461449126986517,0.6493115509582026,0.3832295561584242,0.48747310048023273,0.4232125143022069,0
7,29,0.37698492461561417,0.48893915320503484,0.5046270859726616,0.6056800844536127,0.5465823511728244,0.47548190800332707,0.3425764671992462,0
7,30,0.40658851915799776,0.49182430014095774,0.6069712298144199,0.6363706256449418,0.5383389908242789,0.5644279736132516,0.45529293621861805,0
7,31,0.37788594863205427,0.5234780928436754,0.5513510583265743,0.5317003963823435,0.4724984923496204,0.4813410199857147,0.3903409463452731,0
7,32,0.5085018801434511,0.5539952353957953,0.7658933019905495,0.6052304911611789,0.4955960535637649,0.5170899774660767,0.4551912655888437,0
7,33,0.5799315705871524,0.5185339767511216,0.6629332240724415,0.6024650358568474,0.432734135445763,0.5672349391047381,0.5241811780401953,0
7,34,0.5021659775662694,0.4912989535662816,0.5246168811554298,0.6478817746570351,0.5130150096395539,0.4850765179197647,0.49070635155625486,0
7,35,0.5055882547387578,0.6312996346170785,0.5413453315412624,0.52567808723909,0.5642447995289321,0.6008038228707436,0.5595746817411591,0
7,36,0.6025148526401837,0.5718928853264795,0.7604346542834761,0.5069737384748163,0.648708728647504,0.5313256946590638,0.6167623227397301,0
7,37,0.5313618444904569,0.6017547426895413,0.6972160176989953,0.6331586650569336,0.5787570644965323,0.5781995807148399,0.5724509849655367,0
7,38,0.5440040946606157,0.6039846321013244,0.6689250626872832,0.6379289449898615,0.6939589454497228,0.6267598043719058,0.5673312047184849,0
7,39,0.6018584617838584,0.6537384519870892,0.6047108495062367,0.4850754433575374,0.6310129406981723,0.6088756653292372,0.6057826242254507,0
7,40,0.673844884527061,0.7059974999505444,0.66934551659741,0.5797734837133441,0.5814313358388185,0.6299019629486231,0.6232542175976338,0
7,41,0.690820942577177,0.6637532078518654,0.6454111979105386,0.48250423869387077,0.7149464955099933,0.6765175920693357,0.6351383593780335,0
7,42,0.7052837194657816,0.8632881207555317,0.6762729409245746,0.560311601105361,0.6291333251635876,0.6536662780030152,0.6684807463943123,0
7,43,0.830098663316749,0.7404241308983397,0.7210673103610472,0.485460138329177,0.692109944473023,0.6401653056261983,0.614721346866469,0
7,44,0.9013675066153688,0.7320594708243815,0.610077687211978,0.4931067124160457,0.6779059296314273,0.6860166849641576,0.6913064927529323,0
7,45,0.7620529889623348,0.7790220221750773,0.6606758375122596,0.4928214210191593,0.6399374615299844,0.6110805572700865,0.7352104744429004,0
7,46,0.8696459394597744,0.7807323199678815,0.7863098722538936,0.41932263572144735,0.7607852510827213,0.6911726581669182,0.7317888133407917,0
7,47,0.7979765799006903,0.7206313445637811,0.6920228750338593,0.5538950368763748,0.7644054849105237,0.6257362194642402,0.669811698293256,0
7,48,0.8559807512808605,0.7441974584573674,0.6522563763701907,0.4656898822155468,0.7421752301735003,0.6469202830123254,0.7315098245014118,0
7,49,0.8352736840901923,0.8187443787461399,0.8334663046958874,0.48490389657817146,0.7165798185484948,0.7759414573819904,0.740423229384756,1
7,50,0.9483276071838945,0.8286911006878416,0.8052450038084937,0.5242269708307623,0.8262529692601485,0.7021660564400825,0.7762269700057477,1
8,1,0.30416500037780675,0.41591643860852084,0.4094152448456938,0.6924957695288301,0.3430455848478639,0.4714916984774704,0.35394923836132347,0
8,2,0.1738409019789885,0.30299397744162376,0.5210557430707431,0.5844812715362012,0.16312542330035895,0.41966266580156625,0.3159792643930644,0
8,3,0.23807226695189476,0.47329353415601577,0.4295298133845038,0.6721856712298974,0.1979161543070604,0.4514896879924976,0.3426663753601434,0
8,4,0.3095741280766078,0.3428203233296022,0.5843561794718909,0.5688384131219109,0.2515725059342923,0.4385123093498613,0.3146561279434791,0
8,5,0.2255256490396778,0.3355066293852142,0.5690644075973238,0.6311500746511349,0.3139626104574691,0.4247633532906066,0.22274178196615202,0
8,6,0.2527976174828586,0.42270017287105105,0.4642778400064337,0.7186581026140214,0.2014061105490082,0.4115285122946913,0.3009724351348658,0
8,7,0.2914421243952937,0.48879552387337455,0.4768676487514403,0.6437085691419036,0.09803387683768669,0.4278535399757579,0.28254788570368977,0
8,8,0.3325886714473406,0.3944878159188086,0.5003765759034489,0.5973684275126557,0.15699104769409544,0.37460067799615193,0.3488546743060108,0
8,9,0.24380038048512873,0.3934139971855118,0.6364535307104096,0.6661162259297821,0.24756976837681405,0.49782568485577755,0.266374208974944,0
8,10,0.2177722856697632,0.4696628915894579,0.487570644817031,0.5582897455435238,0.2769713832154212,0.44786720898601073,0.28126257847371444,0
8,11,0.26016645378271064,0.4496186196965679,0.5485555443425619,0.6163446167175239,0.27251706125804304,0.4429770397882633,0.336112687151685,0
8,12,0.33988716905582306,0.46999949749079206,0.7353958536402199,0.6509575086060706,0.33707861067870215,0.4720007537160827,0.2607517011205874,0
8,13,0.2712076846312973,0.4561806988609781,0.5086077806445162,0.6282934055284581,0.3822472772089079,0.48135753693520694,0.30571394984793765,0
8,14,0.3568798845485734,0.4650945590454933,0.4099620227193232,0.6012107636655032,0.3359309277210058,0.47854148585605155,0.3619050747469886,0
8,15,0.3329785245338568,0.4322068401189077,0.47683038182736076,0.6043241365375247,0.33613947119840654,0.4392660374990705,0.22472135477782645,0
8,16,0.3101264306203716,0.417531500404715,0.5083223343141889,0.6492794822482753,0.279262568777082,0.3609978893024395,0.30419151045816634,0
8,17,0.39529379994024594,0.47330641195473705,0.4244215368091807,0.6060579656373937,0.3683980628648918,0.4526795558461796,0.35116522764714375,0
8,18,0.3177633023434511,0.45781614148880645,0.5865969667312563,0.5716569100032325,0.3412905879654261,0.31000911599633296,0.2957269016211113,0
8,19,0.26713692255754184,0.4476806075116326,0.5264838197568312,0.4844471673453433,0.3839304781581054,0.4001837934605486,0.3536844479595258,0
8,20,0.32321647489246097,0.42784183355567473,0.5532171319465231,0.6274818366590809,0.36469014949871276,0.3711863842977878,0.25813960182694845,0
8,21,0.3249021537694346,0.4141876026400442,0.5773648351405626,0.603246744847299,0.33109923651322937,0.4354951853506045,0.3458929918158276,0
8,22,0.4228351045655705,0.41375453299982906,0.530056493688672,0.6455674368091656,0.39659462244795113,0.42576909270056734,0.2597371411827879,0
8,23,0.27883102733002396,0.36346966594381114,0.48110248108305886,0.5571744967540128,0.4420271927175769,0.4822545918707147,0.2946060355209563,0
8,24,0.2432040148602872,0.4276830024908653,0.5663287330491642,0.6694962733768461,0.3732171750985212,0.506192743026376,0.2666154039243265,0
8,25,0.3751992412478078,0.5385560614281624,0.5745402391728587,0.6175794568079592,0.29328897520866754,0.353877647197826,0.3514704768447935,0
8,26,0.28802438885830806,0.46087662904150256,0.5496591957255467,0.6766649521124164,0.4421961369807621,0.5178197184167193,0.3479997014774407,0
8,27,0.4221317572782732,0.4248779559979283,0.7482113217286314,0.6377154486900041,0.4706497551702605,0.4940547986986299,0.45925682376658217,0
8,28,0.31426334901571773,0.5601735192383752,0.5369372394388487,0.6168293043703593,0.38484476166948406,0.5055101009061947,0.35063128549662237,0
8,29,0.40591119769787487,0.6024506400867926,0.7091582210101913,0.6083907902128846,0.47923866268213133,0.47192785168252427,0.4563003145751393,0
8,30,0.4246492842336291,0.5713296431832482,0.5423190633278346,0.5985346979330881,0.39432135310934047,0.5372095172561584,0.5158433469590935,0
8,31,0.5444061063432792,0.4962948931911334,0.6061426997419741,0.5394104045378366,0.4893340672651194,0.5520105738676252,0.44169103065516496,0
8,32,0.4311646926890263,0.48574180342546125,0.6336016812957714,0.7150336721394001,0.5985474946400128,0.4300007400426967,0.5254537969034893,0
8,33,0.44525115068947607,0.5558399191644752,0.6854865688047067,0.6194260106560872,0.45205429685672094,0.5667371077898097,0.3653249701959706,0
8,34,0.6050139864359164,0.5881197107785661,0.5834743715026638,0.634960775226341,0.6028851089051949,0.6131019846433475,0.5337171214223194,0
8,35,0.6103615758377907,0.6166764324558235,0.634265629983467,0.5625644168541558,0.4854579024164165,0.5112344245590095,0.49369927590323953,0
8,36,0.6713567778661272,0.6175101386062244,0.7078433403614364,0.6367589393859272,0.5581131921386726,0.6001345105685092,0.513423597913757,0
8,37,0.6567083148792104,0.5762758122655822,0.6585067256507693,0.6660867297094328,0.5749261379271979,0.6041857515047534,0.5706939418869573,0
8,38,0.6760515454265896,0.5823082423982687,0.6130063125519022,0.6269433780496515,0.6210053774185015,0.5779761096126736,0.5835230510622594,0
8,39,0.6767450730835057,0.7010409263360069,0.6154842581538608,0.5600201843332814,0.5946639083236008,0.5253198312699873,0.5329772121875349,0
8,40,0.7209523136951757,0.6182205849299306,0.5681751936906113,0.5460701659933649,0.720871191990589,0.6066620932597824,0.6621499776702008,0
8,41,0.7508786708582086,0.6338139745347716,0.751226604522483,0.5279040777635836,0.6927855472166544,0.5866915009006943,0.6234524673754956,0
8,42,0.7452144821371207,0.7370272596543079,0.6765522047365244,0.5042564148175233,0.751129002967638,0.6912476433180721,0.5943567627475912,0
8,43,0.7413822052308564,0.6737657678168839,0.7771666608979283,0.43615402246115564,0.7242113548145924,0.637563884371347,0.6396226698459737,0
8,44,0.8331760885656265,0.7078828411585546,0.7646407926125045,0.5404022322815134,0.6070367124279178,0.653106275821013,0.7370639507779463,0
8,45,0.8655835708463478,0.7058828255915816,0.7583424831719122,0.5798516542315515,0.7397424789991233,0.7122477144343959,0.7039631539623765,0
8,46,0.8248977731707131,0.6867032240749252,0.7573749236699346,0.5351631706191313,0.7434545505694891,0.6175228153353554,0.7358508344657532,0
8,47,0.8848386545048095,0.794716734039673,0.7648301649259992,0.6411402214826203,0.6623811342980066,0.7059603466696952,0.6814171288851179,0
8,48,0.904036632571817,0.881366162080678,0.8788693420482117,0.5412885286776024,0.7150043166185909,0.8318369433319259,0.7178222759335241,1
8,49,0.8433689957369777,0.9000045784622372,0.8301771914659907,0.6546683321669868,0.6680285988669126,0.7915085403739555,0.7605067759183065,1
8,50,0.8753272909106904,0.9198040911332649,0.8270561725932282,0.502465397912827,0.8039067612596673,0.6917252349478875,0.7458279957209151,1
9,1,0.22481154458284058,0.45217968070912834,0.45250590951653114,0.6408921809566891,0.19306757152224585,0.4378136981040515,0.25122113793944856,0
9,2,0.23792736417385937,0.39200647074377537,0.6447476265597433,0.6227785978876484,0.1624353175789705,0.48414704382179696,0.31674000820730097,0
9,3,0.24845365381606815,0.36516018530771027,0.4958922683710299,0.6097130101107324,0.14955520778506293,0.4110204924920878,0.3546189728938412,0
9,4,0.12522055348042282,0.32260802941675326,0.6229343241123789,0.6145808593846922,0.19715538765790297,0.4119004117551498,0.21653461228413345,0
9,5,0.17647097299337072,0.47137007638692113,0.5116156200113121,0.7057719184741064,0.2604016699425851,0.46966163314345377,0.3289546523044169,0
9,6,0.21712034373180772,0.3939574641942208,0.6436804284101003,0.565583780894246,0.2542584585405896,0.42914429376037977,0.3157220376671761,0
9,7,0.21906093515215158,0.3997578707398517,0.400463323779347,0.6205731371754107,0.1969660800181909,0.3430807118775549,0.30504366603446925,0
9,8,0.23325852197790106,0.4391585353509847,0.3775187685341573,0.5383389843255518,0.39041128620882026,0.37883956199614816,0.3313420515568345,0
9,9,0.21450725683605046,0.3817372898863203,0.5537078808233751,0.628206447039002,0.254102613581346,0.3800913940159645,0.31678870987462554,0
9,10,0.23549767197871416,0.547324245451845,0.6105119035883408,0.6631008732136497,0.28486356213553116,0.33706236864982375,0.23988568020499085,0
9,11,0.17823581586643322,0.3836373950917977,0.5060044667021184,0.5562772244692067,0.22539387592690185,0.4328762963609289,0.2640235272663982,0
9,12,0.1822640685653219,0.44731801069172344,0.502951201665325,0.6092856819263688,0.343816753838533,0.42969801958835296,0.2972873115771414,0
9,13,0.25833351205055377,0.4164463250245698,0.5264425442934365,0.5730925862160003,0.26535901741012846,0.4766573750983404,0.33604710312723113,0
9,14,0.2425663373089483,0.42871016379074767,0.5711488323575938,0.676106525661367,0.38067368031143894,0.43456110420270067,0.3857496364954419,0
9,15,0.26374242950096216,0.443104394541744,0.5412904695238923,0.5758548805849808,0.37708105030068956,0.583264719745382,0.30026024626049586,0
9,16,0.2134133566553091,0.4071990049219033,0.6337114634683071,0.5796217389363522,0.3155551715980184,0.36302535881343495,0.2837194137728877,0
9,17,0.2709138548332687,0.5741848610918655,0.5015324844444634,0.5199945240205858,0.406999979865784,0.4074537520534921,0.38916734652767704,0
9,18,0.21133283541853318,0.4279021222127157,0.5818443732655332,0.6063547621546606,0.3321965178323777,0.4352584198510564,0.2632072407749558,0
9,19,0.1571872901804267,0.4171939272817242,0.583556964618152,0.638182896975963,0.4064192343791834,0.44334771636405956,0.3878873090492759,0
9,20,0.27243067008505595,0.48837728886567716,0.5845296488082504,0.5936321891991866,0.29936606529852,0.4690181062921312,0.3593044615415715,0
9,21,0.20690755612040754,0.39927844703614185,0.5657930186415439,0.6157299806688148,0.27585430336573236,0.4681554081877095,0.24197885425055227,0
9,22,0.32490768851567764,0.5384439508903558,0.4501040542069627,0.6002365077552383,0.40055735138472237,0.5398613463790783,0.31255655260877996,0
9,23,0.3383598977958154,0.43106054236408714,0.5873541196276519,0.5313714220932544,0.39672603535446044,0.36922015808367975,0.2870283109522148,0
9,24,0.2620283503183366,0.43644471297235127,0.48598752632133574,0.6067606356055231,0.43406679002604165,0.5027458103230881,0.21114266579515992,0
9,25,0.2760784319821225,0.45005684420188574,0.5682363369768708,0.6360524171675932,0.4067079282203956,0.4286573402006411,0.33272492551322497,0
9,26,0.23512322322738652,0.45445966384280223,0.5544339549798895,0.7136210557924675,0.4159815045058213,0.504340332800548,0.40919897016325113,0
9,27,0.26478767091883415,0.44374731639758924,0.5252923806030192,0.67125439163461,0.4568605986353309,0.46956448545849344,0.29393882448100833,0
9,28,0.4090126277781879,0.4680753804022322,0.498899293642848,0.7008659499353578,0.4739085129210132,0.49852441250989277,0.36173097956925665,0
9,29,0.3198776345811411,0.424596424818402,0.5569117480072739,0.6277619846225571,0.5820277940306252,0.4857332865835941,0.2703578145561515,0
9,30,0.4918488265280876,0.5538183117492521,0.5162377739333989,0.6404663908658333,0.4404791945066156,0.42555962402265707,0.3880815318382964,0
9,31,0.28778251141766914,0.46980870213973486,0.5836568227560981,0.5755096094406628,0.5226886762687655,0.4443332503012386,0.45963902076099844,0
9,32,0.49004366830288704,0.4582454191144175,0.5163878677398278,0.6200422481819097,0.6128539950898583,0.5326354851391419,0.47050956267578625,0
9,33,0.38310369716691256,0.536293082588031,0.5179663196013107,0.5132774019333877,0.5511049351591848,0.47254110089560186,0.47677770033616806,0
9,34,0.4757594375451767,0.5531325382185186,0.7111964206888785,0.6044231337347439,0.6151469735796485,0.502734330845407,0.48204050034554174,0
9,35,0.46677669106878467,0.581228122196102,0.5718565912185669,0.5070698284692583,0.47018896058084086,0.4353459275479635,0.44484934349149374,0
9,36,0.4340486932720082,0.5426938576873347,0.7579628999863042,0.5368102370091047,0.5882627605498902,0.5962658573250247,0.549226306489064,0
9,37,0.5289373025443644,0.546955303190747,0.813775583457056,0.47430748415906393,0.5201295868678109,0.5239366239245914,0.4597003094971894,0
9,38,0.6881293482601804,0.6208458773677025,0.5600370463875579,0.4307844700764387,0.5823534768886739,0.5719650621752611,0.5204018603486595,0
9,39,0.6132822770134465,0.6775541628968951,0.6402712589622059,0.49390269022554434,0.6509499858684029,0.6002256879710766,0.6158178762417326,0
9,40,0.5489521830869832,0.6064555562937866,0.6194454830214965,0.49162407550256,0.6703151065585661,0.6289821504660625,0.6447925330225989,0
9,41,0.656989432299674,0.7549198223505419,0.7151475804481201,0.5540860578062632,0.7278271820358412,0.6289923774909728,0.5930496364207707,0
9,42,0.7082248928249428,0.7735525270921234,0.68865888189966,0.6234749374267904,0.5347990980817054,0.6322773312596043,0.6246952543947782,0
9,43,0.8187833384384327,0.7251570350322286,0.6735921793210229,0.5415577268060103,0.5468311756884502,0.6088732703994209,0.6942953318056035,0
9,44,0.684663195065992,0.8107096151590534,0.8058844747332947,0.5660194283296686,0.6536929599576801,0.6467097800775171,0.6233591685879187,0
9,45,0.7004027954572506,0.7310972796607397,0.6495695306520679,0.4361776928874111,0.7081641601852343,0.6822297790446719,0.7670396379214159,0
9,46,0.7939453160205026,0.7944022956304068,0.714164704054546,0.5696600153249806,0.7555137512110429,0.6986872214265437,0.6876513480809436,0
9,47,0.7372692582661526,0.7552374444024489,0.6983261399935485,0.452561694254234,0.7493954380012599,0.7539647267826839,0.6734635450502092,0
9,48,0.7804680628961868,0.797053891453042,0.7034769294575557,0.5511137389163865,0.6962727095694693,0.7565330206853323,0.7250139613168901,0
9,49,0.7960250234220807,0.8417268921814344,0.824398621489166,0.5263992753922124,0.8853298999848654,0.7892560392901876,0.7403569450974826,0
9,50,0.9086917891802733,0.8039323743120492,0.8533068481239406,0.526696031310615,0.780387534651512,0.7639310167218741,0.8603081608351196,1
10,1,0.27881239041515804,0.37655100798081387,0.5019630514061314,0.631722854956328,0.230708776676299,0.3535700074530443,0.205475769609922,0
10,2,0.18579794746503414,0.36300879930137486,0.5476297449463002,0.6098642506205157,0.22978367630061133,0.36158482949788695,0.26211788985395273,0
10,3,0.26738249252444135,0.3615713085906046,0.5161163670465688,0.7519308712089399,0.22594412424466173,0.3895406526928777,0.279111880531892,0
10,4,0.23367645058107378,0.39883226496617497,0.4053587242144212,0.5622421714948429,0.22703988577571016,0.41733660149887813,0.262090536257,0
10,5,0.24788561238631152,0.4474706728262263,0.5010551785341765,0.6439461923178952,0.21250398191396477,0.45560478617992406,0.31178651488061787,0
10,6,0.2841078927378256,0.4350367811440573,0.5027107813939554,0.6346963536226681,0.3178105357070916,0.3957962715298603,0.26417961106515675,0
10,7,0.2727988541288739,0.3669946750367998,0.5059666205610684,0.6143600735462729,0.13008319306379176,0.418820300537062,0.2903341083575767,0
10,8,0.3264305833444647,0.3500100850745562,0.45507642001567716,0.46326825210084,0.24314500002955158,0.41141782229369994,0.2753011411832872,0
10,9,0.30226574573244946,0.4172928362133652,0.4884570862522096,0.6815713800864118,0.27981452840984894,0.39168649805407707,0.2175875661257724,0
10,10,0.3005670504742317,0.5298269344771546,0.5203127242332634,0.5740786690927817,0.2189020875029472,0.46159774481527993,0.21776919738078662,0
10,11,0.30732044992874685,0.4404139726616432,0.502223682964301,0.6538964392128088,0.30925630226769807,0.3964938079069704,0.4011206161187513,0
10,12,0.3088224846380967,0.3002692858652143,0.608552961794665,0.7081258246792749,0.3097900272275983,0.4647385517368879,0.3391257590803782,0
10,13,0.30099098488756826,0.38336847650637224,0.4781870153448272,0.6876165885927379,0.37547946144201216,0.40288122489421035,0.277121182824948,0
10,14,0.31386684793887576,0.37640076095948016,0.5473698847325167,0.6648108086380576,0.3207052729824141,0.4901031848432464,0.3011844915255104,0
10,15,0.23197255805900846,0.47985886738101025,0.4703435687114791,0.6409863090629035,0.33072103597244396,0.38836084684441685,0.28854484280883397,0
10,16,0.2945177467473253,0.3811424829316579,0.5469729801144084,0.6112331581043273,0.5512427841346509,0.4566561920671136,0.30256875764668184,0
10,17,0.195983061250959,0.4389160078190549,0.6668099946276751,0.6130280429384147,0.2490019373211153,0.42400410177947007,0.39692590204795186,0
10,18,0.24969206413997536,0.4025378596410488,0.4896209810195131,0.6416718730432398,0.4422917679763192,0.4978211506399585,0.3496006091054565,0
10,19,0.22883824391592916,0.4660626010606882,0.43621702314469735,0.6064659787358837,0.3892490267711706,0.38972030023186555,0.2781868832820569,0
10,20,0.3240173839918039,0.4950759385206879,0.5744937404339386,0.6244193956995316,0.33522831478657705,0.39445465020777404,0.3064561455835426,0
10,21,0.31926605494696836,0.3396049007137439,0.47860260802127474,0.6922704530963694,0.3937529028682484,0.37854955434485066,0.45239105907990756,0
10,22,0.32525156758127166,0.46717623780225676,0.509468317368787,0.5763455790907164,0.5253004991039565,0.5009602934808876,0.3782968600554339,0
10,23,0.25946900009751706,0.5136765095870137,0.4777807139391775,0.6369972078890387,0.3086366056721259,0.350157057467624,0.3557145601326558,0
10,24,0.2137764910507376,0.4794304751473538,0.6868056539735552,0.7033736155148037,0.4005609268840597,0.45404226533484726,0.3867853128391957,0
10,25,0.29965808367431634,0.45670888578622876,0.5610430364735176,0.65323257921673,0.417015413479324,0.44899573774656276,0.4139916164877194,0
10,26,0.34430539828740564,0.5435554535011464,0.5145487966441508,0.7173784069177628,0.4665509266121331,0.6199513061107295,0.2879759036608761,0
10,27,0.3449747610256287,0.48006170264894965,0.6797097288922513,0.579897519002028,0.4972951111216331,0.5159231502340997,0.38543239161103243,0
10,28,0.3980228098783111,0.5242662465657707,0.5867709163853264,0.6322608612325372,0.46556648060266237,0.45526321038803114,0.3848392567126321,0
10,29,0.2888086208479692,0.4129704177586204,0.49375746224433953,0.6333279345529671,0.4593826498138876,0.47136718966443747,0.3804406566773056,0
10,30,0.4081178780328687,0.4546144586476263,0.5176601110652944,0.6489431742399472,0.35980938785749567,0.422473277513854,0.4070536399345917,0
10,31,0.3943135794622591,0.5461568283179568,0.5237381263523376,0.6375087660455786,0.5461452250910617,0.440060540597824,0.4039887760263091,0
10,32,0.3456547549489423,0.45023317678375135,0.5851853039436363,0.683478143153933,0.4829532240729702,0.41373754200437984,0.3280646588856593,0
10,33,0.49284069028531474,0.5294862499657199,0.5457172414544122,0.6539710380110171,0.49463008186479523,0.47228573913178973,0.35587704471523685,0
10,34,0.3047744737408181,0.5692929600139636,0.5519378543541724,0.5773795561129033,0.6255389093670688,0.46939344538999744,0.39139654229857956,0
10,35,0.48352723890621313,0.5269072108853564,0.4858298748624881,0.5440581091470941,0.6158800313878712,0.5227388394567756,0.46955436418519114,0
10,36,0.4609599848069378,0.6524784724937706,0.5944265700064244,0.5633978072283724,0.6197685419813204,0.49678198205663066,0.4388636328113002,0
10,37,0.5250483748200102,0.6011805673951608,0.7656168362576842,0.6041748947811422,0.4263167622349521,0.563114947171578,0.49209399972448,0
10,38,0.5684322350854097,0.60636608561626,0.6271171534861227,0.6147826525862471,0.55147515216833,0.5133156832180412,0.6629890726311196,0
10,39,0.5922420152386051,0.5526169874562316,0.6505527890535996,0.5160064669586398,0.5724516234289995,0.6268532332885561,0.5570004784189038,0
10,40,0.5297746276960081,0.7388447584914507,0.5705683082340688,0.6577136488576318,0.6752926319588892,0.617366637089234,0.512250760954581,0
10,41,0.6258887990833583,0.6680519785752647,0.6481089418640108,0.43768336960565557,0.6963070490590753,0.598344642172532,0.5523599800248882,0
10,42,0.6984578484339395,0.6415121830852765,0.5193377109068169,0.5784277881924966,0.6751461798774094,0.6063184087661184,0.5408048562404997,0
10,43,0.6384082511999218,0.654438470165617,0.6362511444447086,0.5986363442534934,0.6372433429737849,0.6078066794111769,0.7175346257705624,0
10,44,0.7596845951393425,0.7069149627395613,0.6586539832654256,0.410815613598971,0.7321244319154135,0.666515485287819,0.6324417003393294,0
10,45,0.810642082728654,0.6672644963460074,0.6707083067912337,0.4678218282264482,0.7952905569492047,0.701782776592665,0.5528653679432318,0
10,46,0.798317585947727,0.7409779893963788,0.6308932454346179,0.6466857342590294,0.7227523948389548,0.6956408161431545,0.6499992525383894,0
10,47,0.8170132315665006,0.770032841314625,0.7779701371877683,0.4262601460963821,0.8148216715910589,0.6949194607361937,0.7702472104390212,0
10,48,0.8209766134141916,0.7457049889200095,0.7643208370865388,0.5219589981150948,0.7061352908461291,0.6489965403557361,0.6644701865134579,0
10,49,0.8749555306361712,0.789119650382087,0.8666962640292127,0.507060459308436,0.8252025760356155,0.6869373908658651,0.761638814189933,0
10,50,0.844453754139695,0.9144169153131956,0.7605392475077309,0.5507850931779776,0.7188782766523064,0.7192577809210118,0.7276573820038322,1
11,1,0.2606721380626633,0.460509207355249,0.5825438907829317,0.6659205521681771,0.12369635917775226,0.38661604402416583,0.23240559319943238,0
11,2,0.25445205881612154,0.32567437831847024,0.489987905089214,0.5303532598568733,0.21481061071581442,0.3400313748006408,0.31164137466923064,0
11,3,0.344916886395963,0.44019366447486713,0.47519600209242485,0.6690842055964692,0.1431401671432893,0.3760763698159457,0.3044571266037555,0
11,4,0.2512614224819248,0.349386835394079,0.5134914938607285,0.5553358185171642,0.26145488824731133,0.4265663711833695,0.3604182958440666,0
11,5,0.2182873214805456,0.3906557072086359,0.4139034522088288,0.6443682352823263,0.28039101477891637,0.5504598018346409,0.2619082004697798,0
11,6,0.23153153550670813,0.4162056850565612,0.536318337413573,0.6167975093342893,0.31917955501238193,0.3975510248122611,0.34490870239453564,0
11,7,0.2633179657336716,0.39245316796214275,0.6810667431111959,0.5709794809554752,0.28087599061810486,0.3922890464878933,0.3874810374310653,0
11,8,0.23360196778656175,0.4364297496715614,0.5308387004893589,0.5890025142815156,0.31748985303369043,0.45066526955522046,0.3115849356942976,0
11,9,0.2926721863586015,0.42486938307462296,0.5185365333117512,0.5815390450407462,0.3826259744457496,0.3800790028325726,0.3247818109439873,0
11,10,0.36269682520108393,0.370825873138808,0.4645315716767768,0.5618109162042905,0.30940790305703664,0.3653474670215679,0.28207357526211174,0
11,11,0.2903405294350235,0.3935892570621869,0.41343602792477024,0.6851365641784435,0.22053998609690367,0.4752471845014108,0.27354795880060984,0
11,12,0.3193969886749262,0.3707976064562986,0.4550042213452785,0.6563315123134585,0.29225731215739,0.42833287464893166,0.37481194308860494,0
11,13,0.29008415033739166,0.4715313896826153,0.5774382241869921,0.6104232399487597,0.29966564714884053,0.3512592268739534,0.2609877503667402,0
11,14,0.2822253522815071,0.4301463539283113,0.5951477526743842,0.5487606134562635,0.3118291818660411,0.4490355481705609,0.28119200312127424,0
11,15,0.3381488018092763,0.44350666635443775,0.6495962245530011,0.5300662832233914,0.3345364231336591,0.45931684844670306,0.2732722476603039,0
11,16,0.24099033703922504,0.4661278659137127,0.5996484337690234,0.6363400040676996,0.2328321310961033,0.39406032394169827,0.3498355001606581,0
11,17,0.16521933084399454,0.4963415191934121,0.5367659554377683,0.5708555201599973,0.41269733585399987,0.40992299935465504,0.2897773941197893,0
11,18,0.39257138469073366,0.5179793588986443,0.5539798049232875,0.6477431395310191,0.4094899359250895,0.38235081623153255,0.3590074168575992,0
11,19,0.32304336506844794,0.42802661861963315,0.565484582897995,0.6270862079003876,0.186618183750722,0.455544585585259,0.3615076476149632,0
11,20,0.3055901644181899,0.5241080845965203,0.5537961190385163,0.6462603980115864,0.44266951364303414,0.46612964998483,0.28709911232928986,0
11,21,0.29046341662771485,0.4826472762940558,0.5088832568007535,0.6680707023369038,0.39792369055521637,0.5138033035131092,0.31983916464396694,0
11,22,0.34321371495538694,0.5222800936315597,0.4157353885566005,0.5924955035268106,0.44891096632331023,0.5280948239889324,0.3492035756321041,0
11,23,0.35937538016234116,0.4932351337615842,0.5116236824932885,0.6398184387306528,0.4778316357447182,0.5467229496637226,0.37693024796176466,0
11,24,0.32241570292672356,0.4802698278596812,0.5303029010264385,0.6313784299413433,0.3525274241281475,0.5184528598245579,0.2853907636425661,0
11,25,0.3335991247712096,0.554549343994432,0.5104121910603371,0.5800390511623762,0.39195098495997244,0.5379448583805656,0.20438265032469896,0
11,26,0.4688838971865965,0.48714410367458183,0.46418105354625455,0.6174849210695137,0.4380472739640717,0.49870626229528026,0.4395751001411282,0
11,27,0.30893004657797096,0.4995542221049103,0.49432231121959974,0.5579997502406583,0.33740546768261337,0.3795435802749799,0.30537774219378644,0
11,28,0.3551812880973548,0.4028299087087982,0.3247433588582679,0.557365293524632,0.4236884211367149,0.42892752560640174,0.4287762339654592,0
11,29,0.38716563488857886,0.464450870015957,0.5434386692029181,0.5698771826691178,0.457473040905154,0.4223451936551292,0.3639012157127286,0
11,30,0.2994880650690389,0.5175947169850298,0.5778788336014998,0.5931162359514651,0.47872958282211864,0.45780887392490177,0.31462045313683634,0
11,31,0.3192688739882502,0.4233533082189951,0.43600628688134324,0.5984835587876821,0.5130182395750235,0.428667032331057,0.4866354346078985,0
11,32,0.4466359683616429,0.529962150603688,0.6909005482457001,0.5667798809916474,0.3403557568604828,0.45499371958235585,0.4101109287773769,0
11,33,0.4262930922770081,0.5758455001334937,0.5995440302123749,0.6559347756554613,0.45262623548883446,0.4364303155391982,0.4845056961512244,0
11,34,0.41245800255631226,0.4983302753226442,0.538961381485322,0.5594624587372494,0.44701113184378044,0.4300789798889746,0.41564978111727907,0
11,35,0.5300774260007837,0.5636538326633458,0.6145722376054589,0.551412775546733,0.5317382950532015,0.537050055181572,0.48280978698563376,0
11,36,0.5597756506948294,0.5689994654453971,0.6630992982962376,0.560608867484651,0.44524469800588157,0.546317949400926,0.5048662031573313,0
11,37,0.558028794800491,0.5707706517022507,0.5627277623988085,0.6171036961426268,0.5945868449718965,0.5187550454578086,0.5456712094596029,0
11,38,0.538843292789067,0.6896212606170833,0.6916007356413738,0.5565194416465387,0.6012428425786132,0.5684396122261919,0.3745193067511311,0
11,39,0.5965771308731549,0.6095694261720347,0.6596971795381296,0.6397689387768751,0.5797078529207644,0.5217172601938568,0.5496425829255523,0
11,40,0.6224162866875238,0.6324113140423461,0.8109286460007691,0.4315577443401233,0.5906999658120413,0.5883155487175804,0.5159428753858611,0
11,41,0.7019823456646009,0.6642122690755731,0.6466528371259413,0.5532825899461012,0.6227128007811313,0.5984813485937119,0.56720004492416,0
11,42,0.7300800649700121,0.6246869926200712,0.6036535270536796,0.4490889182309886,0.6959838440214561,0.6288161646595233,0.6234633757966386,0
11,43,0.812766867872626,0.6753574545927321,0.7005744064977879,0.5992630796407024,0.5997812146522357,0.6028837820743667,0.6287585887300438,0
11,44,0.7696756988712201,0.8057180575315359,0.784797120163437,0.5640806021896712,0.6146482537021594,0.6970876805409117,0.5664944829175977,0
11,45,0.7957197271395318,0.6124888226350912,0.6881645733477714,0.5752368692553764,0.6747785676176139,0.6937502905496786,0.6204987916143853,0
11,46,0.8132471915762387,0.7661782833644958,0.6992130954256375,0.6036374687985315,0.6529875574916566,0.6875582803666174,0.6879984985581814,0
11,47,0.7819679525451934,0.7847955508124316,0.8738839999080876,0.5587561887139287,0.615461910491322,0.5302755967440331,0.7428526796502191,0
11,48,0.9360827602041375,0.759764103964428,0.7713148748500969,0.5687704077816718,0.7071521817076111,0.6783957214884467,0.7290631415549196,0
11,49,0.9094027615030233,0.8720998168879744,0.726064536751308,0.43229628767221345,0.8676185220867908,0.6833683131728777,0.7209778958141126,1
11,50,0.944578517211318,0.8236658178755858,0.7687796272135694,0.5036142661143096,0.7744891596212484,0.6096256270506342,0.8650438153503925,1
12,1,0.22630742028205308,0.3589842066839793,0.6044806635155983,0.584851183589847,0.2544847992164055,0.38887897736634025,0.25996905301730283,0
12,2,0.3176496896859806,0.30070736704849405,0.41110355113078967,0.503161690058611,0.15274987281431301,0.38221999744039464,0.20447593729548055,0
12,3,0.15632170929784484,0.34690056381161594,0.5888294279937141,0.6442152842168661,0.23824806033035167,0.37406107218604423,0.21099575204776377,0
12,4,0.25849694199971485,0.44380883898633344,0.5695657191994724,0.657836741749,0.19174658815592338,0.4268274916201994,0.27433287349813773,0
12,5,0.3661138281925062,0.3148999881498194,0.49157262288544173,0.6927049344317694,0.15704651029798772,0.3948126287366875,0.26654807512161804,0
12,6,0.1880595753642047,0.435364303016902,0.5562401097759202,0.6505025195010768,0.2017775795425351,0.43272553953936477,0.2506279880215456,0
12,7,0.37913082970305945,0.4129847688798128,0.42807313968089783,0.6308201204398348,0.18189224443620144,0.36984948037424936,0.24614384320256047,0
12,8,0.32190588312397567,0.439719909900842,0.549409672977313,0.5540645260645675,0.2395211386738611,0.4448000553441594,0.2693840007305794,0
12,9,0.30072536797101307,0.3959613659399349,0.5302241712371417,0.7155637073611741,0.27068847206078017,0.4915668904859603,0.33136850336536794,0
12,10,0.22715058188133938,0.3743202058465052,0.4561615558147052,0.6145826152335911,0.32687864288490937,0.4967579208352361,0.32140875443625416,0
12,11,0.18174537116302186,0.42212947877086693,0.5194039135586493,0.6309757252123375,0.4253744178622,0.4974298273096536,0.3478530459124993,0
12,12,0.2638076958846784,0.4164577696535749,0.46492150131927523,0.6500278714991071,0.32941453095294226,0.38238461034726534,0.37104083545480626,0
12,13,0.206603876007403,0.42123285708275154,0.5404844519146034,0.6783675416861444,0.29675141581240305,0.4795969133723603,0.32315709933851083,0
12,14,0.22589909467038988,0.48252799350746745,0.6061188924867238,0.6393745538242833,0.4157424032708018,0.4924304924520803,0.3505814364739861,0
12,15,0.38682887089613277,0.4558150716104136,0.4969912857771865,0.5799037996816822,0.3504070268908314,0.3574470457580773,0.3539836637676431,0
12,16,0.3223878387857299,0.40551898313209206,0.5070906901092707,0.5745854076340962,0.3343262341291519,0.5368689773008677,0.39085298135243207,0
12,17,0.30619272006626796,0.47641005953464427,0.606297927587529,0.5702108970675482,0.3483536679420679,0.35270208852159596,0.3803551055130448,0
12,18,0.31506156457566986,0.3305494937548492,0.5714223361603923,0.5657546500310552,0.3221990335001324,0.47652881948955017,0.3395277062756363,0
12,19,0.28217715171443236,0.44569180276104164,0.5017374113241343,0.5534457719838195,0.3510462091112984,0.4635796311627592,0.32049482665901835,0
12,20,0.36771066441329253,0.3050594281528333,0.5007544391480095,0.582788092726765,0.3888907326722849,0.4760830903901368,0.38833824041305176,0
12,21,0.35118655021118966,0.45439091939407306,0.4137922437371743,0.7340324153260466,0.30267349236558805,0.4703748636154857,0.3540979972098874,0
12,22,0.3007285892364352,0.48856263255702514,0.4259742768239833,0.6160502726795646,0.3641675194068525,0.4169351028966484,0.35863738937267736,0
12,23,0.3118946452526723,0.4888340544962889,0.5402818465811219,0.5664360674457195,0.3915228744055362,0.4372257054604192,0.30496700437472773,0
12,24,0.34438974272975353,0.3728675150865291,0.4227931803332449,0.6454810671923452,0.367082814272328,0.4687020577550162,0.38144657890545947,0
12,25,0.2656805706157063,0.5387215841197648,0.5646099548073722,0.5948455605996037,0.3689635728412242,0.42947795755463597,0.2854713831943345,0
12,26,0.3010198756641995,0.5122767294108134,0.5135559756160992,0.5573989889829611,0.40842190471917195,0.32519166112492914,0.34156157116629965,0
12,27,0.384694570671914,0.36588475360083106,0.6245306452604483,0.6692359576998593,0.5181226138219198,0.4551639311997931,0.40089484170513784,0
12,28,0.3827098116047422,0.42424186189500274,0.42920187173039437,0.5525515689101383,0.4523318683177563,0.4179850395891198,0.37160367658479,0
12,29,0.2443025561637225,0.5340193717071788,0.6096660090581004,0.5570421898451715,0.46082002139176764,0.5115753530100662,0.3763600304145303,0
12,30,0.40901513741014545,0.431464376239939,0.5501824914065241,0.6189290817024565,0.4536342771397375,0.44250972442896236,0.36164341189142457,0
12,31,0.3054360512177893,0.5106897954950224,0.4812530354563619,0.6069059933271695,0.46128317163679694,0.4813051806329608,0.2546448029891334,0
12,32,0.32760791596390737,0.5341981647388527,0.5177284552838692,0.6170693848559594,0.6028271624041055,0.4509330895603166,0.42514249423367295,0
12,33,0.38582837485919,0.4792979294705687,0.6121496138410086,0.5788681032288169,0.4379570886188489,0.4342711904811489,0.3707855188162046,0
12,34,0.43472673272363,0.562525473879965,0.4972024275046605,0.5692964058364973,0.42649230156789547,0.583007538426844,0.40474458606720254,0
12,35,0.36635812520407424,0.518719278327434,0.6138695811311383,0.5915012052346011,0.592875670822917,0.6123693340599192,0.3658690808675246,0
12,36,0.42363629673475345,0.6205766246674912,0.6638982055254112,0.5918683309323811,0.5461935798640525,0.4712394853568306,0.4814346912204926,0
12,37,0.4886758285939878,0.5921950441320184,0.5904847987786189,0.5792353737234626,0.5603011789984111,0.5671233262452094,0.5429690982186361,0
12,38,0.5760009223035067,0.5732517413393883,0.5668097051337454,0.6259058406007736,0.5856077828093676,0.471513012006957,0.4679520743842757,0
12,39,0.544467873326425,0.6788201130604397,0.6626553992498219,0.6623904950733188,0.6068055156991297,0.5620027251545873,0.4612367757861542,0
12,40,0.6047990185171764,0.5578665280205106,0.6040108548938501,0.5539363774223516,0.6314754393100099,0.5962897278215075,0.5027118536795175,0
12,41,0.6291979313215341,0.5042301098683633,0.620559746652281,0.6314059850752094,0.5214249879356725,0.5941456711318881,0.6347519495981533,0
12,42,0.6725648873658999,0.6039991871386039,0.78110617991645,0.5550000423802032,0.6407976105676412,0.6715150232752811,0.6122739197322741,0
12,43,0.6742490926957054,0.7154354541150538,0.6362226372567054,0.42629873460610174,0.650472218748322,0.5450782558326484,0.6837251987892975,0
12,44,0.695509791618448,0.6772461570446551,0.5603643910710479,0.48069895345983643,0.7303127254857754,0.7459670850523973,0.6629420478821703,0
12,45,0.7533261312284865,0.6858418759878486,0.8495169462871153,0.5286750778881375,0.8119377898037502,0.7193426421471697,0.5632935117660196,0
12,46,0.7756273993580468,0.7511632373502686,0.7138224467264818,0.7131076790572219,0.6360329941981813,0.676404052338775,0.7048698315678346,0
12,47,0.8487442400113613,0.7244039997291151,0.7382095891777434,0.557350606437129,0.735989368389601,0.7087544896400491,0.7683859505873671,0
12,48,0.8809554973527207,0.7395454157391694,0.7014662974368884,0.5068221308849551,0.7471407498804868,0.6716166952583635,0.6746800067074491,0
12,49,0.8289874342806279,0.8078746870334939,0.6533011968328565,0.4533017922838898,0.7240325542960085,0.6440263567526505,0.7641653872027127,0
12,50,0.9182305268001901,0.819259745730611,0.8065089727986243,0.46382696083258595,0.7163692986374957,0.7859360350204256,0.8130982758245283,1
13,1,0.16065411313066646,0.4602917773396554,0.529044348160862,0.680646883040344,0.2322297067469818,0.4238462412340078,0.2688345393818973,0
13,2,0.247530653953807,0.4385938050032556,0.392148034881346,0.5875054482923433,0.34068939490859884,0.3914959768213804,0.27326581384682613,0
13,3,0.2835103330433258,0.3609867554928902,0.4918072345635065,0.6709319921621042,0.18507419487111104,0.463630555963261,0.32891146577801783,0
13,4,0.2773450991449366,0.5624629538488393,0.5802173587579457,0.6394926574644095,0.1834445351550959,0.42074704370629296,0.36171634884500176,0
13,5,0.347834504421046,0.442259615336481,0.42010378555930994,0.6492297090695403,0.17051585731682017,0.3526264403309621,0.30495793422886197,0
13,6,0.3226869043230748,0.4304568120193047,0.5468110190019925,0.5609208449004575,0.24770139891892,0.3530441607182756,0.19543154352999026,0
13,7,0.24346182970948663,0.45182492510715266,0.5887843304516027,0.5828409605226081,0.298418665673318,0.3967421635693179,0.20590605626865882,0
13,8,0.2611743554132466,0.38879554947064343,0.6510740182491868,0.5284485810360396,0.2949722681222883,0.3814596381427624,0.34621307046336625,0
13,9,0.3072852668580653,0.366155519119887,0.4608088460698173,0.6756350304407531,0.3872478633036538,0.45661539086120934,0.2585289639614284,0
13,10,0.4132916516159151,0.4211211405359456,0.618328860157552,0.5755802380496773,0.28747483690181685,0.46497826030627715,0.32586641541314326,0
13,11,0.2550421765425046,0.46801422015513294,0.6010085568855101,0.7107286134873152,0.4072358289951721,0.4421309718161298,0.29304003778842036,0
13,12,0.33477151349161394,0.37207723706662044,0.4468455034136762,0.6495158120813785,0.29736352031096003,0.4354785022629651,0.3648266682355098,0
13,13,0.36921171181995616,0.32722319468133165,0.5385378542054841,0.6616813113438325,0.22540484859873897,0.40545521793450134,0.2717757418835541,0
13,14,0.38771074783373777,0.527529470233245,0.4653998712848702,0.6515934350296144,0.35952787112853896,0.4589812885757374,0.3363489817369617,0
13,15,0.3942965554393556,0.4841233257184029,0.4497892271681213,0.667743264852833,0.38854240247068716,0.4567483643575895,0.3755712185251365,0
13,16,0.32354143545284714,0.4376620272338522,0.38432291399402313,0.6151760963656475,0.3039049655327258,0.38307760109037214,0.3933009142369762,0
13,17,0.3156264953518072,0.4059598324448787,0.5479318709240119,0.6794861655990507,0.3033820493871836,0.4435585813861695,0.36760332494255865,0
13,18,0.3178395612787644,0.4153354314726231,0.5194319099571477,0.5899022866176858,0.3702574763124377,0.5413813610211359,0.3106038763035725,0
13,19,0.42405537031949025,0.4118992210813722,0.6574272744250278,0.6203193803976265,0.47791377355189557,0.48411005624731596,0.34475541812912114,0
13,20,0.29671597740507405,0.4457895774982176,0.5948153021314018,0.6192133141401998,0.36100263169628855,0.4354608732911114,0.3816238306791527,0
13,21,0.298160523710616,0.4111706071276255,0.5601551243766978,0.7116519238854353,0.4577594184987536,0.3868073893910044,0.32139620150040693,0
13,22,0.3217424233032717,0.5274204998017678,0.4356179545851888,0.5228680824031886,0.34828675079398386,0.46516553012879963,0.3682377410320379,0
13,23,0.39750231956058546,0.36164572028830355,0.6199835576851256,0.6012742807972226,0.4508896585882921,0.3860287286618398,0.34004783485045353,0
13,24,0.4001056012739555,0.37313726886961174,0.5405526783974433,0.5548858825314714,0.4463297626524965,0.49246082682280634,0.4067585121254044,0
13,25,0.3922793736834741,0.5230450793738527,0.42497271211011733,0.656740695205907,0.4825106752268064,0.44206368068062807,0.2844613211237446,0
13,26,0.28954260802114673,0.44868242827445487,0.538791315953767,0.66293228310224,0.3964021064292481,0.42217081555860725,0.35254577393815556,0
13,27,0.467490549431692,0.3848259400110613,0.5652739412450605,0.5548078984259425,0.5041286745924046,0.41087277263453836,0.3164675890908839,0
13,28,0.3529081024630444,0.47895987984293537,0.5786590975525959,0.619653947229033,0.3722065386535652,0.49558930751550945,0.35015206681684863,0
13,29,0.32493111042503775,0.38528626363245033,0.5440181798121847,0.6977571612970559,0.4706565281969631,0.45061651004135717,0.3118826491171284,0
13,30,0.3124379196547956,0.431730287118588,0.5879023937258816,0.5086387586067926,0.5464754399228804,0.4932096557108677,0.4029615535905555,0
13,31,0.3594618735262161,0.4174425644922289,0.5397947191142527,0.5614858212948419,0.508169318604583,0.5037389915274051,0.4344404315599104,0
13,32,0.4173468172287939,0.4583427631384929,0.5177206003394264,0.6484203134490081,0.4648116276369855,0.47825928944138285,0.31014039053322895,0
13,33,0.4064885144499491,0.5201345037703048,0.48380406817233235,0.6602368586303853,0.4650358596178836,0.4670252588100155,0.4366472207895324,0
13,34,0.4181116488001443,0.5738395179228484,0.5051284461265142,0.5608475015004473,0.4626726637862846,0.45487494732966927,0.2506724692854054,0
13,35,0.35468951280428895,0.5201879883698899,0.5806693565307028,0.5839582023338398,0.5503976507217743,0.5051631529911884,0.33257271051042947,0
13,36,0.27424989004413547,0.4290670012815358,0.5056271307703495,0.6244499705963613,0.46727703923841113,0.4447274006475445,0.3123334659208701,0
13,37,0.4104037791282799,0.5063182674209912,0.5600652792333681,0.5275356202099164,0.495802780166429,0.45143466638407576,0.3560352343539688,0
13,38,0.46399511801758553,0.52940481063423,0.49167375541059133,0.660704172517798,0.5804181420599442,0.43289662635242177,0.42124329613177197,0
13,39,0.32582037489831234,0.5141601362318571,0.5775873276530167,0.6063393422488503,0.548752814901002,0.43864572605557695,0.4119065251898555,0
13,40,0.408240491596446,0.5118570962214436,0.4831790069901573,0.5663430186870769,0.4274033324230275,0.5042371129245203,0.32338949881266166,0
13,41,0.4220674606460122,0.526717641944626,0.48131881603147586,0.6160903029115585,0.6692168252472649,0.5631157339992158,0.4359661547013476,0
13,42,0.41186272995676565,0.5691310812695527,0.5761385139877212,0.6416316965163706,0.5520293927088731,0.49515334435800357,0.43540736800382124,0
13,43,0.545404185122047,0.5408402507737551,0.5147700883522858,0.6934871023939877,0.7603552501414015,0.552571035560119,0.4016003952634945,0
13,44,0.6047739278515831,0.6734557805840642,0.5454976555820701,0.5765400307490659,0.6437559238666383,0.5998289225642938,0.491219945279981,0
13,45,0.6689779273716798,0.6992397982585619,0.6462185976778388,0.5963144054783859,0.6245305262343758,0.5407113602637053,0.600321284027361,0
13,46,0.7210364793691288,0.7547057573997308,0.5997610365976999,0.5268784239104347,0.6834760009300819,0.5811843381119378,0.6287568267636227,0
13,47,0.7054914090241752,0.7194885837593831,0.7071237139564752,0.6040809237737799,0.7185884541888454,0.6588573195679919,0.6462145842003613,0
13,48,0.7779070936434714,0.7672419175829688,0.6934812663881451,0.637389357226461,0.796530937686393,0.6938419566175803,0.6897233469646493,0
13,49,0.8092618628316779,0.7785913888339018,0.745498002338368,0.5377673884666797,0.7651721820209495,0.7346665098938843,0.6767922964153567,0
13,50,1.0034608833861927,0.8645490794596575,0.7326460340506675,0.5055673298628658,0.7518371631995061,0.7165787061140692,0.7756341546119306,1
14,1,0.1545893484030471,0.3683550003610583,0.5876170501901624,0.6441389234813969,-0.05434687509189018,0.4551011601158098,0.37850821973143844,0
14,2,0.3184825674948299,0.25660221846870357,0.5688599261537389,0.6194810824392656,0.07700172708532305,0.44510689136198933,0.3427419874576029,0
14,3,0.27535456556553495,0.3772161943830469,0.3745027171345285,0.6615118413402239,0.33198523516677775,0.4806790427113729,0.18840620851993267,0
14,4,0.20741479662268725,0.3207512274359929,0.5094932943689227,0.6436049483108314,0.15018480300545795,0.46445642296377637,0.32045519720100074,0
14,5,0.24468708441335507,0.3055099412173484,0.4847416490599048,0.6204430984478195,0.2551248557136914,0.4459438456010087,0.30521208716152864,0
14,6,0.2712229308402701,0.45570159966551244,0.502915134868325,0.6390556934499007,0.2428297362401529,0.3960620541760214,0.3217439833458802,0
14,7,0.2798205287621638,0.4096127685755023,0.48992457264358996,0.6003114300712004,0.2325127404550588,0.34750994139554925,0.3173447547580846,0
14,8,0.306596696334979,0.38422715488466025,0.6454768537833667,0.597215843129022,0.21949342146831827,0.38151575400786675,0.2141038798385169,0
14,9,0.3362665532509874,0.4434372581442379,0.45167378345569537,0.7286760608935472,0.2598968503087007,0.41914870843866736,0.3752629540218038,0
14,10,0.38136834065028397,0.428436113015951,0.4882078440294893,0.5832917069924123,0.17918022936856243,0.42007021135968975,0.3632296669413691,0
14,11,0.2759285840405746,0.36885327780918353,0.5334811112608916,0.6807688223117224,0.32484315538819913,0.443736758481668,0.26875211733593973,0
14,12,0.12191794277534523,0.44034228544325726,0.699122538666122,0.5294975967600892,0.29351783271791804,0.43640445049376364,0.2880708592971712,0
14,13,0.3057357344303193,0.431415018627366,0.5766090792818497,0.6210050425443046,0.5077918693294108,0.445767346682837,0.32356410492448523,0
14,14,0.25854066734738307,0.48376888408999047,0.42891802047480887,0.4905465695418827,0.32793892827125454,0.5081372253737488,0.3185190614348063,0
14,15,0.1963887868255053,0.4516127061351097,0.5702892576218132,0.513096050053934,0.4030719469218331,0.4792847762946055,0.37561579712736726,0
14,16,0.32559731915312023,0.45763604493508697,0.5863930625050837,0.5108745338525649,0.25393643398270915,0.40559960499051145,0.3151089914163724,0
14,17,0.3127472663739968,0.4900552905728016,0.6075946709006246,0.5676568935023725,0.3673145666030283,0.4014084226139081,0.31478764808232174,0
14,18,0.12967757988896975,0.5573622019819843,0.5684486074178233,0.5842578034751956,0.47764218531381364,0.42782844147569027,0.33342596929140295,0
14,19,0.38631277558472127,0.434150764684706,0.5408638870517656,0.6922269291815267,0.4061083674476646,0.4438825967432964,0.3849195486178732,0
14,20,0.32318370615252534,0.4478380043936283,0.5439438958533357,0.698625770049891,0.34404813589802463,0.434084122014417,0.25512785254366793,0
14,21,0.28502318357765577,0.44180315029697886,0.6574358328039084,0.6521595682955135,0.3342752893886124,0.4130009757317942,0.4033374341615327,0
14,22,0.3159206792237645,0.4250736767230584,0.613945298499325,0.5604003723965189,0.4215218238834514,0.5644329495446665,0.34746778411257295,0
14,23,0.3386316188461312,0.42629956404923264,0.43921189093726093,0.6620621616123264,0.47407006403298335,0.43665466639637135,0.3209382162951864,0
14,24,0.31421640368917597,0.4242815808538405,0.4676277119307721,0.7335301298239764,0.4439895690049705,0.4822197554014676,0.3865699784466214,0
14,25,0.30465768607271854,0.46862763114857336,0.5211678661017538,0.6463078174865996,0.4455014531574899,0.4358669869567899,0.2785350638539101,0
14,26,0.31869970932218933,0.3630813876145621,0.5771363238222103,0.6779205267345665,0.5857013885125371,0.43684012483396695,0.32066440517254663,0
14,27,0.3429452790369047,0.4703159090279178,0.48640925656492756,0.6095042070797696,0.32428005998663867,0.5041188373916623,0.31166603701639173,0
14,28,0.26477851264766533,0.4336823200269213,0.5252286192537731,0.6193225491823502,0.4807839509313508,0.531153754174311,0.38943554713846784,0
14,29,0.41201838920971123,0.4938853940761349,0.5438304963066704,0.6805467143753033,0.5253805571576994,0.4930282918983018,0.2826686201481949,0
14,30,0.3295704785110301,0.506981051036795,0.5465057506650609,0.6882121180070337,0.5489141977246569,0.5219585234338603,0.41827702822401436,0
14,31,0.3710449586853431,0.4402235479522292,0.4341653568048561,0.6027517320766498,0.5584842179376351,0.48643710050592315,0.46149046858029463,0
14,32,0.4729033213921997,0.48207606127585256,0.5527736207307615,0.5432365947247102,0.5546337644175661,0.439693743552976,0.3308476180295637,0
14,33,0.41202431715235216,0.5324025683605339,0.5274466206161512,0.6169414480816849,0.493408736138249,0.50532590903362,0.4434782334247115,0
14,34,0.4564577379804223,0.5232597209016532,0.5379640424119907,0.6697226843677385,0.6083564167225264,0.5675144491670667,0.42774456722995413,0
14,35,0.35047852100975824,0.5098034751780696,0.6731782146689733,0.6460261473328671,0.5422719123121287,0.4715698927158546,0.35460544686843937,0
14,36,0.3716844829748308,0.5695049998119912,0.5408200355028439,0.6231567245546829,0.4720773403756095,0.5062315533236578,0.4419339589359142,0
14,37,0.3786814099473398,0.5149177141639618,0.5484514774480974,0.6516811207816714,0.5518379091499529,0.4747132193625744,0.3830876846138565,0
14,38,0.3574055619702761,0.47667516039609836,0.6803153409570087,0.782632806130783,0.46973798308795744,0.41022643978119705,0.33094235860959254,0
14,39,0.42050220926441717,0.5209626471024136,0.5744421795746328,0.6517361328174739,0.5094748306022979,0.4623938614123691,0.3803952725812102,0
14,40,0.3670810068097578,0.46625503026945037,0.634154242324531,0.624721296914345,0.6066636720044366,0.40485058384321004,0.3414883323640865,0
14,41,0.33564636829591843,0.6144981345466569,0.471301133286738,0.6506006935154987,0.5356849225145822,0.5715118524252458,0.6103413790291582,0
14,42,0.5587820411055866,0.4937918643203131,0.6470738245552253,0.5775936701868863,0.6157869393477107,0.49571568618358813,0.5232270554748251,0
14,43,0.6355283801908247,0.5946708180028242,0.5372783192484504,0.6756962094004418,0.6229594408314508,0.6589151318554347,0.5795344731323337,0
14,44,0.6186303603323835,0.6521185636498454,0.7605745573323841,0.5962510628020269,0.6565775572657877,0.5757726873117512,0.5502054815406014,0
14,45,0.672498451252428,0.6572501364350913,0.6324844984070419,0.5267740907698304,0.5808742402374342,0.5704812345836761,0.6619210137825161,0
14,46,0.7569671004736925,0.5839955074382917,0.7300484582942782,0.5403188377378533,0.6551135986265696,0.6392813312043899,0.5964754039760654,0
14,47,0.8172922474378178,0.7510175447340763,0.6865573615009837,0.4820288776756538,0.6148085490335718,0.6636613020200696,0.7362053813446012,0
14,48,0.751475103407913,0.7810558363519202,0.7230659926427291,0.5818426175644539,0.7584039906447035,0.5254088732945038,0.717062110221423,0
14,49,0.7989600799734526,0.7913096628146553,0.7738346442987676,0.4215559233827906,0.783274585023453,0.7351002757099133,0.7264154764816416,0
14,50,0.8705109501697563,0.8829632732456781,0.6575477452786199,0.5738682276491507,0.7500880504521739,0.7143749416845238,0.672928948062667,0
15,1,0.18395989005571944,0.4175317933625923,0.5078308577575317,0.5813746631700616,0.26028038518947827,0.31128716155107217,0.2999340374371855,0
15,2,0.3263775514033517,0.4146903360269261,0.48208234567084074,0.5818518466071422,0.19982445236566151,0.4499903623958953,0.2448378097270292,0
15,3,0.36463842034848476,0.39470583824363026,0.41069236377016866,0.5393153152210153,0.27359393310269453,0.4212126910519778,0.3316415448032026,0
15,4,0.3031115718253101,0.3924850413275138,0.4551247161273235,0.5959400912718569,0.16417673867460583,0.5250679779290806,0.2855809093220757,0
15,5,0.23833693780477858,0.35040360890100886,0.4916283642357445,0.6860715520027519,0.213756092516103,0.3834734013635292,0.3007732122184572,0
15,6,0.35092280289097766,0.4232875239186248,0.5546794874971865,0.6631565142152193,0.1848190770840422,0.38023339647652277,0.2414051855197175,0
15,7,0.3121533881918387,0.42270250458318775,0.5167647244164014,0.4644370090758639,0.3863286115171171,0.3850863997923222,0.4007906377969479,0
15,8,0.2353603365204917,0.3006575308745185,0.5381487483159889,0.553924590751326,0.20761999075409876,0.3625742891412801,0.3396677531368932,0
15,9,0.37018208900225785,0.3791146689463513,0.529717355973276,0.5426398881558829,0.26089765863588094,0.4066577343359411,0.32662249787477105,0
15,10,0.33273372898989356,0.3738593863891195,0.58589275332361,0.6173548917735322,0.27052418624617913,0.3985744256590541,0.27800321028192243,0
15,11,0.30215093277301974,0.42733059237506027,0.4992427199024137,0.7667587166862817,0.3773006293307855,0.39934689426006037,0.2949192472647688,0
15,12,0.2976739933624485,0.38613870036842823,0.5499171566353188,0.7071252879223588,0.2291823134597502,0.3803926631453966,0.28704207223513467,0
15,13,0.39390368818561505,0.47388546100074197,0.5869025646482785,0.604138058389196,0.29982119559279113,0.36561472931173006,0.35288701140239087,0
15,14,0.3618802626822327,0.4158585143321916,0.5124754597659722,0.6302027317136382,0.3795138545304258,0.366089218895126,0.3532028066869187,0
15,15,0.24824853105063374,0.3247697123672967,0.5144468401685153,0.7068627789964442,0.4354810800044837,0.4587688105335048,0.4171002831921124,0
15,16,0.3524455720304576,0.40903845555467866,0.48957808125010954,0.5793494529871618,0.22036826317254127,0.5067546129973456,0.2895183780430992,0
15,17,0.24938181036768478,0.42398202817318587,0.650644461739182,0.7456267310493631,0.25334798745187503,0.42607760020118585,0.2724821114953151,0
15,18,0.32631007181301486,0.4049715336310083,0.5338801156413714,0.5913548827155375,0.4588547656624938,0.4725479757508019,0.3602911710458219,0
15,19,0.312240960506878,0.5435605479529517,0.6232290349025679,0.5091746248447818,0.35219445003898436,0.38652402670406394,0.4149550780181436,0
15,20,0.28079061646174674,0.44370789717703946,0.34948441296520616,0.5549023217926055,0.38218662354957855,0.49028376842266613,0.234934293970133,0
15,21,0.3732646813742596,0.3720273337813364,0.549642798434892,0.6239584701863602,0.49186281922139613,0.4378931903444181,0.3260199700812465,0
15,22,0.26006296104585136,0.43615583967245714,0.5032992492411643,0.611665291237694,0.4489043869377703,0.47850807425410863,0.29976588457356623,0
15,23,0.40450247515334475,0.4082317150601348,0.5469616746277908,0.6084103593836823,0.40321969904979343,0.37066711888752996,0.41033814271561025,0
15,24,0.3848839929559952,0.42133116959762446,0.4946146743672968,0.692787395027928,0.4756330762086755,0.46403329494819917,0.380457527490316,0
15,25,0.336762013062374,0.4219187803768091,0.6032845464510183,0.5783952001299588,0.5141093806962712,0.43920829158400876,0.3460254282008167,0
15,26,0.34197361550779765,0.4427045842857345,0.539498358653407,0.673629101213455,0.39422886667179774,0.45008814963633675,0.3481143363668738,0
15,27,0.33938812575474675,0.5506149547246861,0.5322422995599434,0.6057389816956832,0.4327380727029362,0.3919679285670995,0.2983636576620658,0
15,28,0.404771886890825,0.4611436970318995,0.5108749067269005,0.6935920847363957,0.5450706279735357,0.521969123045388,0.3101455001382421,0
15,29,0.4422671979640545,0.47745698460000113,0.5276661054572745,0.6631008776798503,0.5214379440414868,0.4320275214535868,0.3663719979309966,0
15,30,0.2971660371503259,0.468617272871307,0.46999272428644995,0.5609851701843913,0.43621399535118177,0.4858559768939735,0.3418988685680933,0
15,31,0.3613581226145665,0.41325186358667854,0.5796162252483736,0.6878832057174986,0.47424775754071935,0.45326755033498956,0.3792720176607785,0
15,32,0.38922126727821194,0.6282942901872433,0.5426126645219695,0.6128524979770201,0.5326164200059811,0.5470666334098981,0.41194839222170676,0
15,33,0.3941503363314559,0.6043965072620837,0.5963708732731625,0.5507238852036951,0.5139097774651169,0.40216563743294664,0.427440184463443,0
15,34,0.3732925761829197,0.43551099990040765,0.5161486359716406,0.7091690387516297,0.5122074298936219,0.43963987631371404,0.3111386014556639,0
15,35,0.34296930394865477,0.5065979620722189,0.6363810696929394,0.5793200869252562,0.6162914395725527,0.4478308612415298,0.3814523550324766,0
15,36,0.4910243635296525,0.6284755307022285,0.4578022244991721,0.5851126288230946,0.6140044378818257,0.4274644886346023,0.4466400777014955,0
15,37,0.48135065869557214,0.5737131535470067,0.7177572846759914,0.7157291226578335,0.5504584378061663,0.48929875459386185,0.39725981797572696,0
15,38,0.44480338126465246,0.5561712981004399,0.6150471074962244,0.5615845551192277,0.5870245100187945,0.6602491953264026,0.4621318351885553,0
15,39,0.6001116915497642,0.6033791822072762,0.721977033396561,0.5945871395421243,0.5713887251687969,0.4589431673599781,0.4121779711917659,0
15,40,0.6042649998213542,0.545887526006627,0.7224786509084745,0.5794618527148866,0.5877017260303705,0.5220425403574301,0.5492305844723339,0
15,41,0.5719820824801186,0.6960174960302675,0.6727764224307222,0.5564924695992213,0.6568977437899053,0.5807877701261231,0.5622212457578784,0
15,42,0.7607238543056143,0.6302190016161887,0.770238789945322,0.5521972808064373,0.682896415174592,0.6331582337748363,0.625366117169267,0
15,43,0.7469386351004971,0.7741219925455721,0.6565738443942465,0.5585529522638215,0.6191226132158966,0.5952311285672155,0.6785476105348598,0
15,44,0.6820038651204858,0.7849450468207188,0.7317654486357148,0.6766339796484339,0.6395619170245666,0.6349728803912902,0.5848955645761157,0
15,45,0.6763579125252799,0.7612477278327505,0.7240549505503461,0.5388996614285154,0.6592251993475495,0.6000270065139479,0.6792679985428145,0
15,46,0.8266104841684279,0.8533225697404729,0.8187629747933363,0.4449864410868196,0.6665015987323432,0.681943125263061,0.6643211980169296,0
15,47,0.8562344273161108,0.771699155244185,0.862143955072853,0.5130415719606002,0.7848449090019485,0.6136220504317365,0.6413877703992923,0
15,48,0.9271081099492755,0.7469303636962804,0.743191300806815,0.4382817201764907,0.7199503398334359,0.7349284922223828,0.6959932515137811,0
15,49,0.8523847421805748,0.7849820793187539,0.8779383523702979,0.5184931405618516,0.6867438869421405,0.6934496377982181,0.6628227365887307,0
15,50,1.0128444402241708,0.8328758787806698,0.9005864064447314,0.5013379532196485,0.7607824546990984,0.757338825574165,0.6340176797125594,1
16,1,0.2804623480424742,0.33591541572266,0.5885497033039306,0.6042611284651402,0.1547328064222373,0.4312551625435601,0.27246153221680913,0
16,2,0.25285947975885387,0.4054829460443003,0.5662452957998808,0.6855722970855627,0.26501630565783796,0.4937731736407477,0.3156341206456894,0
16,3,0.30138698143869486,0.39325519299589307,0.5071272561441263,0.7232946150378149,0.3243154476773139,0.4237912096538338,0.2651224211347192,0
16,4,0.28304929623005404,0.4161790627098682,0.48386891028670387,0.6399017947228757,0.23469749240673785,0.39238309102135016,0.2968521164293618,0
16,5,0.2278586249882818,0.4481912844304759,0.5982182674617692,0.6781938616193247,0.22842509688716034,0.4647910752094186,0.29689806987300205,0
16,6,0.28386484725918065,0.4129065820478474,0.6911483601448516,0.7074362517967137,0.29666900941607144,0.440858525064409,0.30378611275290096,0
16,7,0.1668790169742978,0.36457204454592174,0.5078598087280699,0.49366764330746093,0.23034069246363506,0.41741934834377864,0.2874286723257271,0
16,8,0.24035268761522335,0.4969946914061931,0.5591501697043423,0.586381953386111,0.2678991326982822,0.4297843332173866,0.2624022283129924,0
16,9,0.311554579350629,0.39241078112415917,0.43777125290783897,0.6174115793558335,0.28808058518774743,0.3339647887903082,0.30136268210914036,0
16,10,0.287189847610385,0.5274897557597487,0.6035776637618525,0.7069360414850512,0.4580051561548596,0.47190781308872987,0.3141535103966351,0
16,11,0.24026655666454366,0.4239843159747485,0.472259064984518,0.6438790734537729,0.25988545471881086,0.40105357500691413,0.32927366465527524,0
16,12,0.175452321548456,0.3484221539343955,0.43889134559769755,0.5670216856331616,0.33286539976871826,0.44774694235358176,0.36446396858496,0
16,13,0.3290235261434262,0.45421980957295616,0.5354775516364043,0.6859611045372593,0.37216476750440597,0.45700476837769954,0.3773535935430071,0
16,14,0.26450521962727086,0.41111047671741346,0.6030878014237099,0.7142836998170462,0.23898923778738432,0.5101583587074638,0.2578277406986866,0
16,15,0.27091409321792514,0.41308967639337074,0.41491079041981865,0.658992678409554,0.37576414548359616,0.49370207980818354,0.29732723351110674,0
16,16,0.28470702008916127,0.5159997720734233,0.32720286521567465,0.5625833390606538,0.3443324505675079,0.3881214882542249,0.30868398213644416,0
16,17,0.2569440728946699,0.43742344630513363,0.571170449443047,0.6058240132981398,0.32580831596187587,0.43551175416730636,0.32382818266772057,0
16,18,0.31650607423235727,0.4142499385276603,0.6171074552367737,0.6554632085385484,0.4322039842531793,0.39464981031425456,0.3082306679406287,0
16,19,0.261768817887827,0.5020052712254296,0.6345243404545746,0.5511120023117324,0.343503339900963,0.44279021639880256,0.3586802820904891,0
16,20,0.22047837425787142,0.46648130719362013,0.3955673001757453,0.5931921556316678,0.38972550851353044,0.4687832984966559,0.3249140952228084,0
16,21,0.3464569213201173,0.4588602963182879,0.48830883646339773,0.6222633738009343,0.41199014135937156,0.535311862072569,0.373916183414579,0
16,22,0.27729800851931186,0.4209908546872499,0.5187234005030907,0.6113856412017101,0.3375185025318266,0.5140966813278409,0.3813675818879397,0
16,23,0.34351391078498605,0.46094495815019193,0.5871879586651961,0.5393415725884622,0.39826033560815394,0.44929807360471025,0.3709821049805826,0
16,24,0.19003184213017354,0.398315014115854,0.5341266410002364,0.6238330535301999,0.5170248873574991,0.482737322032905,0.34647651396157453,0
16,25,0.37383754744277803,0.4254944773921281,0.5301801348581581,0.5546445127917019,0.5101343629217183,0.47462494685008066,0.30962383519980274,0
16,26,0.3477109164946074,0.44506405436388624,0.5041870564801179,0.5807435788409401,0.4543377139544669,0.4384972860394657,0.3249121132618627,0
16,27,0.32971040716065186,0.4511388280604046,0.5206846155950625,0.6319262406493231,0.48788013576415395,0.4928782735970234,0.3778364250449882,0
16,28,0.3010784615372312,0.41060421793387814,0.5032790444863342,0.6211790057081942,0.4048228327008511,0.4640028569558721,0.3045271661044068,0
16,29,0.37399868437753314,0.44167927023170783,0.4878076442743276,0.5543691715221537,0.48638215848382405,0.5293453855733984,0.3352463069496928,0
16,30,0.390209970328747,0.3774777147820844,0.6856808050038867,0.7666460181395822,0.3076197482347951,0.45712483855416214,0.32205264840652187,0
16,31,0.3193091248534972,0.511187954923968,0.5417201065122407,0.5653455671480025,0.4686688903222926,0.4891392118481205,0.30141393361173596,0
16,32,0.44346551837605935,0.4410786660145782,0.5415852909156335,0.5961322756504657,0.5208852622449286,0.5534394961545521,0.39219669208646424,0
16,33,0.27822220698386685,0.4558517612336542,0.5340236760326713,0.5166829238272039,0.5461604552104665,0.4118839721059261,0.44046507810628777,0
16,34,0.3386157017026845,0.5003486320209093,0.4681636944541059,0.6574205795887469,0.4761084545939378,0.41323823392058234,0.35393325058735087,0
16,35,0.33837040818410563,0.5284839951408179,0.5010284685154988,0.7241013799864325,0.4354964220304788,0.5497715136589297,0.3201744689046653,0
16,36,0.3337185726603924,0.4664135664231073,0.6136950065448884,0.7099896078337287,0.5954314822973386,0.4501571833829076,0.3828127611202277,0
16,37,0.3122508627055586,0.4288849547135666,0.528569868511111,0.6349763378608965,0.41829109041490975,0.4694823148709617,0.4520012562274763,0
16,38,0.3361691745079601,0.4189563545358607,0.5929881214525379,0.48095430498755,0.6086092469529607,0.46252062710583797,0.47036501602887004,0
16,39,0.414935689594685,0.4863745581592901,0.5392264627969544,0.5378093920872713,0.5867448744027031,0.5084068692388429,0.4706563900982945,0
16,40,0.38876694521983995,0.47214020415245755,0.4848722663200997,0.6983934607383682,0.5233095429433281,0.5708448267818986,0.44192026870977,0
16,41,0.45255162937294513,0.5863003123167793,0.5978503799347572,0.5778472025118714,0.630760287198892,0.5118680612056101,0.41001659439639204,0
16,42,0.514129095552865,0.6086455005878902,0.585429809915207,0.5174527217191426,0.7121044377508566,0.6186305705381787,0.5283892480630982,0
16,43,0.551745813009573,0.6842497056281566,0.6106985640369477,0.5420466378191621,0.7393340805381872,0.5611494492526398,0.6068879330923589,0
16,44,0.642104289140185,0.7496207966274975,0.6558158854594537,0.5541597304639322,0.575934884944095,0.639883819388429,0.5142269292012991,0
16,45,0.6039032643446628,0.7548447300048717,0.7528419717507978,0.5581049150472122,0.5957510638647844,0.6847953524621316,0.5687034136476427,0
16,46,0.6269558110439994,0.6756350767386446,0.5884419980895709,0.5126307498086305,0.7286645240218631,0.6114633251345717,0.6390513357723523,0
16,47,0.7677534983191716,0.8349117077709678,0.6841393078714506,0.5630657662571795,0.6090683663518937,0.7284719727875102,0.63167300188609,0
16,48,0.8077693635463481,0.8003789682510404,0.7737708699047701,0.502853579629237,0.7875143861457111,0.636750756800345,0.7286967110013772,0
16,49,0.8808396090992296,0.7776336832156204,0.7485649848961284,0.45551837789849403,0.7558534190813276,0.6991427250813126,0.6970589889630431,0
16,50,0.9194952688093555,0.8008488140034111,0.7543202330322565,0.44966688354630474,0.9007439823376604,0.7721225996770759,0.7719880386149108,1
17,1,0.05029694376115393,0.3726354469125047,0.4051005099478524,0.6058036685331002,0.22133939843569395,0.46742072491703057,0.22568680078623934,0
17,2,0.18250041531046587,0.41257546549665425,0.46681596344724796,0.7029881083917272,0.21178948109421644,0.5115091111751885,0.24568056731588883,0
17,3,0.18239750662482782,0.3814128791666618,0.5490620738327283,0.6020495912486247,0.06728207977056033,0.27105659384128455,0.35142110801420245,0
17,4,0.2833479779656516,0.3995235875858912,0.41591556386014755,0.5948249694409399,0.23668547092167877,0.3752480887857445,0.3728287361486934,0
17,5,0.2164949656893631,0.4024568126650902,0.41735231150678975,0.7127860337693631,0.2495784086509428,0.4125417800794694,0.3170587044337269,0
17,6,0.20352468930894516,0.33347665745771704,0.5856961032476704,0.6137353375318596,0.3235280516380407,0.418343191107919,0.2887900145608011,0
17,7,0.23776877930376136,0.3644080022988454,0.477150433876054,0.6200628311649522,0.2702734510213614,0.344495152989112,0.2866597067255992,0
17,8,0.18446402892665914,0.3995634122893339,0.5241684235589908,0.61244237404718,0.21016906985674375,0.4293826938166547,0.3505036585002948,0
17,9,0.18825683617856334,0.3443184338032461,0.5802967365343241,0.6144585075897273,0.22998802198364823,0.43721328000715887,0.24321998925522736,0
17,10,0.1375742541602652,0.36266103812213,0.6110136308799865,0.5760129001230443,0.31797350735908875,0.3921849290022039,0.343976687288161,0
17,11,0.21614232704094205,0.42124256549344746,0.6805463735498614,0.6578255172788099,0.26342575914024363,0.4696524481825257,0.41550872352426044,0
17,12,0.17565682852441789,0.40935512204433533,0.49000382410006343,0.6000345981002075,0.2297460640644054,0.5069978026775006,0.24006957007616908,0
17,13,0.2736724602408891,0.42229075714270736,0.4522424083168062,0.5390794606175625,0.3032000482383331,0.40034852170747665,0.3240615545851489,0
17,14,0.2656327174972353,0.4321774761582232,0.5356885476046733,0.706464606694401,0.2997322700976881,0.4033091652633388,0.28901181858265634,0
17,15,0.22403268591328782,0.38746511316991133,0.3823840322876859,0.5863442599472577,0.35658953997721343,0.44781291531267464,0.37897772349129133,0
17,16,0.2701476192257777,0.5007260321204113,0.5792742004584184,0.722593955355643,0.45505121805747606,0.48995825853894637,0.35691900732122933,0
17,17,0.23371406660465874,0.4173081334324869,0.5706876127626539,0.576779117758439,0.3415336274132054,0.326041505741085,0.4103544947386255,0
17,18,0.2621599525196831,0.5096893347355701,0.5498205406208826,0.7066606221256059,0.287495731270918,0.5650688294798851,0.3811555099244383,0
17,19,0.3142348972841265,0.3809682557005314,0.5101969584861354,0.7066550237841428,0.2589763891463021,0.47462288874794023,0.3560088079922577,0
17,20,0.16743315966674238,0.5224815528515817,0.49283704797957684,0.5931794324052887,0.30667973678241245,0.39360739812665374,0.35217611737269616,0
17,21,0.28719514733549995,0.41145169765151235,0.4486876335905946,0.5883314512184064,0.4092024315053784,0.435532336903449,0.3363105059166399,0
17,22,0.30790200323370165,0.4316952345705285,0.4621044589096689,0.624565668735351,0.4262389751662443,0.37776373470140245,0.2926695851496208,0
17,23,0.24698982121683538,0.41174830481866076,0.586292850756783,0.5236920079124949,0.31221687816833454,0.43550555942442687,0.3310173597930072,0
17,24,0.23064348852047598,0.4323478091290456,0.5108691437084498,0.6291128889973575,0.3763052669345863,0.5274918150004136,0.36681023198667867,0
17,25,0.26930650532123285,0.46120076593028025,0.6250305032148447,0.5839770542650189,0.47104032186323447,0.45709272378912386,0.41957832582243837,0
17,26,0.2780298958824842,0.444485868949197,0.5770624136775618,0.60917299837237,0.5348184263587001,0.4603235039088506,0.32731786837435817,0
17,27,0.21112915139291888,0.4880279564046662,0.48579921581523483,0.6858888951312648,0.36542389675990566,0.4641620724486625,0.40771118792487276,0
17,28,0.3762942078424635,0.4415357401400945,0.5546766767513497,0.6542869535309807,0.49556774336693327,0.4728941969129841,0.4026692291853184,0
17,29,0.36702498765446945,0.4915163771427299,0.6839244863918161,0.6740647304142593,0.35265499245390425,0.5911551339193921,0.32668279457613913,0
17,30,0.28392060280882614,0.521054512880129,0.49980647623939445,0.6575446725853753,0.45480856727633573,0.5409501555794944,0.3799334083708505,0
17,31,0.17797708707920068,0.4663213660105687,0.5783386144540806,0.6334168943863824,0.5366694328230711,0.44510478774312723,0.3630393552517316,0
17,32,0.17584648048058638,0.502667525081917,0.5278280621804513,0.5652609125267827,0.5081926534565588,0.5261725648404327,0.41515719157420905,0
17,33,0.33716797884090166,0.5192033949222922,0.5466840110654783,0.5784151668807075,0.45888595813266025,0.5080926674434069,0.36369265931436545,0
17,34,0.212737788877398,0.519991572604819,0.5161255104415043,0.6398232653393588,0.5803824144241474,0.4021537761573257,0.3661431309743578,0
17,35,0.3195680744342522,0.5429579999210217,0.4629383729736315,0.654187876922346,0.5768914264996221,0.4596811468021608,0.36412765035534383,0
17,36,0.32142178454734366,0.5127176303683562,0.5968896368480852,0.561081661663061,0.5834159898622966,0.5287391581095119,0.38290414468451495,0
17,37,0.30204364535284967,0.49592029384702846,0.4790779833549228,0.5983917161853792,0.4484378367464875,0.5021646112493222,0.3844977657451026,0
17,38,0.32895417373195324,0.48597455263048545,0.5969489997928084,0.5965080539746743,0.4939112359554186,0.43465776867710965,0.3518914891725798,0
17,39,0.36468654623178615,0.508017852263441,0.548152246954859,0.5896850346889019,0.7106942563611853,0.45529451165585877,0.3827321688034596,0
17,40,0.42424698039126646,0.47730865901250746,0.6537573350476392,0.5469361281863927,0.6330052289298443,0.5039134244930044,0.4204717459870681,0
17,41,0.4774240752088934,0.6237110103339989,0.6421982237202424,0.5656410208801064,0.6333735729078002,0.5955530773265307,0.4810292098681854,0
17,42,0.5375360600437189,0.6144145121039652,0.6463425187097088,0.5913111508149805,0.5398487497873775,0.5512194671326467,0.5171824011901354,0
17,43,0.5578032431265505,0.6336346052869863,0.6998815092999906,0.6136328967100978,0.6431830434089366,0.5079932015887462,0.6274899830879048,0
17,44,0.5827827618142515,0.6441970344881075,0.6285188763831048,0.6572588674954161,0.7345472746077802,0.6192042855634989,0.5644096076630791,0
17,45,0.6364246258951689,0.680565777160768,0.7033597221977509,0.5289151505678886,0.6847512404555905,0.6278264308964664,0.6317621856782809,0
17,46,0.7141492867582198,0.673515194583244,0.6565972574634363,0.5144183426051014,0.6235230475037333,0.6890292680154371,0.5849935300366641,0
17,47,0.7873205469464171,0.7190554802919329,0.7004915505018718,0.4762013368680848,0.7560539955342841,0.7012137352864763,0.7022242182830954,0
17,48,0.7741373092807512,0.7501196281915624,0.6735983023795323,0.6050866392980079,0.7701959486112877,0.644842480947671,0.6990992807188492,0
17,49,0.7599550107521821,0.8139748765233729,0.7185462827340257,0.4613093384837973,0.6537905082899559,0.6219482865281779,0.7103671551537296,0
17,50,0.8185081978370462,0.8663831252290153,0.7600271266905773,0.5438438878666882,0.7497945833579683,0.6814133490088755,0.7664751093261616,0
18,1,0.2946159049044986,0.37567721268790427,0.5759773461416943,0.552642608684701,0.16833381795627078,0.4404467473424285,0.3411248546713378,0
18,2,0.2543725867618698,0.4870872815393378,0.48292348151221987,0.6859260573417784,0.1614691401824417,0.4438100253431627,0.16811534795717772,0
18,3,0.2792381184818644,0.3321780573899738,0.534686472755243,0.6743874872487418,0.19692078843690333,0.37575235221629005,0.26409066920726304,0
18,4,0.25444360067703026,0.4055045312444041,0.4849792913832233,0.7204615544112093,0.1928357708187815,0.4951716589627656,0.23833803818439436,0
18,5,0.32225954900522963,0.45956785761266594,0.47858194716098357,0.6533041832042807,0.2702707450198536,0.400003041070363,0.3237974968574038,0
18,6,0.2902893118309577,0.43391781895353354,0.5566508484740496,0.5323414035586915,0.2816134803923773,0.37756202125807364,0.26610565296511,0
18,7,0.2576411980948856,0.3711912947852887,0.5918807805230974,0.5631393798294574,0.23615485134861938,0.4922526083993083,0.300338378265398,0
18,8,0.3011037592939571,0.3909767058976746,0.6205896040571172,0.583628783141952,0.3350735584235556,0.5199849016182857,0.25825283880942146,0
18,9,0.2969355422850487,0.37053271237229124,0.5333206462695481,0.6065047827496405,0.26629594570439813,0.43504691963540554,0.3069632357789282,0
18,10,0.25116296130498694,0.38824141378251237,0.5076988687822619,0.6173145415258523,0.26366903960320304,0.4501969821043009,0.21526191256624022,0
18,11,0.2707078872676834,0.3757942406484698,0.6316438610366224,0.621131710803497,0.3096061806935542,0.41123846460172697,0.307811053981352,0
18,12,0.27981342677307247,0.3743495785702122,0.4997817490670686,0.4664050060218502,0.24031980749338847,0.5099963202257166,0.35271988745537713,0
18,13,0.36129034206137234,0.4574493712082239,0.4890991920234606,0.5577649432240627,0.3858046763269818,0.4414283987193695,0.43850114081909536,0
18,14,0.3941490713168501,0.41856041046521225,0.615923401808109,0.7218015042339473,0.2646230043091573,0.4153500960854566,0.26475103871507344,0
18,15,0.3324576211040737,0.41916858148754893,0.5276656426233095,0.6533743480983968,0.22355678997710515,0.5053383001978528,0.3015452918330041,0
18,16,0.3337399205392535,0.5001398280381921,0.5182599828551876,0.4925817524574242,0.34742765680721366,0.4524353429080801,0.2698869570429942,0
18,17,0.28825335684151154,0.3670623025358745,0.5742039426506499,0.5861764909461322,0.3286172471157759,0.4206710576356457,0.3859739298732074,0
18,18,0.31385926960511723,0.4147681922806802,0.5612006775578434,0.7009590829070403,0.40087164904919037,0.4795433480667428,0.3571115102942173,0
18,19,0.2696983369928692,0.4291506303200437,0.4795895170254742,0.5561277785146401,0.25866945554776555,0.37927353934329294,0.31657372213287,0
18,20,0.27745158977129736,0.4459462606341613,0.5016316451364137,0.6854344152424309,0.37030245415850976,0.4828165440700858,0.34216068811473466,0
18,21,0.3161713697909674,0.3828187950335658,0.5260315413248154,0.5752921509661586,0.4119177820090885,0.3822822831266899,0.3353350912639719,0
18,22,0.36968405704327595,0.4089916121057889,0.5364425680545023,0.6310488183746944,0.4908275767725661,0.37673349696249314,0.2916448727464476,0
18,23,0.3142494143800274,0.35525030950483627,0.49602148996562834,0.45386760671213827,0.42145524274736923,0.49268923801391096,0.29421688119156236,0
18,24,0.3776869863462718,0.3648892267576965,0.44589001514603177,0.6063130890970616,0.37085990975199096,0.4389066551263206,0.2792124840296739,0
18,25,0.32764262431882674,0.48245952471165165,0.5540279650336205,0.6324014043497614,0.3382215587281932,0.47962957758224356,0.32845667990977795,0
18,26,0.3911174973973666,0.42162822217415524,0.63618290299213,0.7066685179623856,0.47916706624186234,0.4073689594616289,0.23828533771865343,0
18,27,0.3478735316443802,0.4229401264589269,0.6253493640628922,0.5683064671473315,0.4175506845061435,0.4840445182158497,0.2945198584192562,0
18,28,0.4003611377734942,0.4733555371810565,0.6321198435776576,0.6880161414803598,0.45246430006529725,0.34236293118213057,0.29751138523923465,0
18,29,0.27199170756356184,0.44906537057065254,0.5700936429582323,0.7081742417456907,0.42649881821273516,0.42842561454584355,0.35277771167522504,0
18,30,0.34539193720802147,0.5204634174442906,0.492059931688007,0.6272096560027426,0.49671276261482117,0.44198835950470716,0.3999854968279984,0
18,31,0.39614656423543987,0.4803052054024416,0.5759483200041059,0.5820564945890386,0.44115369768852664,0.5246198239964388,0.3923755222260166,0
18,32,0.3693474498105677,0.3545111973232287,0.5110241885410408,0.6776616605971943,0.4804912646773305,0.47069563348330157,0.21238093767398944,0
18,33,0.3808178897691868,0.499064493769917,0.6201648997934055,0.6073845348935943,0.4870606512425511,0.3995941285295069,0.3555739230413401,0
18,34,0.27511077258755534,0.42414103149447113,0.660007943546278,0.6037663279092034,0.5191926417814019,0.44192518744009723,0.27887244902740516,0
18,35,0.2624943715850467,0.45326036616041704,0.5521769583404957,0.6338293786057914,0.47141182372826784,0.3771019258472512,0.33094533538322807,0
18,36,0.33604960382007215,0.5321029295103802,0.47264780553026003,0.6380587564662895,0.533497822233075,0.5184227538735835,0.3669434064131535,0
18,37,0.3696932716731212,0.50791962632924,0.45399412389269317,0.4617033154225335,0.5556528112139513,0.4933591563019615,0.39997511665759417,0
18,38,0.4563903911883448,0.4658061092131489,0.5902615313770658,0.6556781735002447,0.6451244095849467,0.4573485190105083,0.3461403546885424,0
18,39,0.4631226289109498,0.512470545352427,0.5941142774126011,0.8070022544794352,0.570502684471178,0.4094839297449984,0.3716048212503512,0
18,40,0.36931085884868753,0.47387051986226963,0.5229082926253066,0.5364030496786761,0.6555500980203378,0.49094240222191965,0.3727263982649881,0
18,41,0.4162576423202957,0.5103845366371024,0.6135498650936779,0.6280360846255194,0.6092132874194954,0.5150556150438887,0.3947359367516402,0
18,42,0.47282416865052157,0.4753049230113284,0.5945919520299142,0.644834504644344,0.541426528864182,0.43840888073442535,0.3715073989565075,0
18,43,0.38810886160699404,0.507003023651814,0.6096578311466416,0.6826232817155826,0.6335968134437513,0.37800105285926583,0.46608740796008863,0
18,44,0.5483805045344365,0.5792487925950242,0.6013563106183665,0.5871991896556049,0.6213212081704799,0.6043758041600676,0.4778614350901901,0
18,45,0.6374329052034424,0.6536856107125161,0.5136033492575893,0.6469979593696964,0.6175259223518648,0.6021196973870719,0.47504002500464604,0
18,46,0.7539681598638306,0.6128619577692054,0.7427163536225112,0.5737718859528579,0.6421261298317231,0.5932696668946008,0.5034341640623233,0
18,47,0.6657228184385837,0.6813166991731896,0.7510820805889815,0.5685847739267927,0.6007364367338354,0.6672632952345824,0.612956123015654,0
18,48,0.8219047604399394,0.7331063248178166,0.6285370395399333,0.6508685826869763,0.7109627534265407,0.6497974064425558,0.6378780747468038,0
18,49,0.823038130948502,0.7045954515038644,0.6864481192228371,0.6062731426939542,0.7842612630207604,0.6702936618114514,0.7716183126375793,0
18,50,0.9006636992849848,0.8139267294671682,0.7808300190139582,0.46342011635350433,0.7569369705972278,0.7276478904528867,0.6634294658473509,0
19,1,0.2765178278077769,0.3003751503094483,0.4748945786207403,0.5910947211581248,0.26660425783529607,0.41922267153175535,0.3724047322826185,0
19,2,0.2082032771002848,0.40718293482794793,0.4784151833441379,0.6715637654294252,0.1380681372025393,0.3816152011714333,0.30798449592774607,0
19,3,0.12221599700280081,0.4665235607995208,0.4949905410100396,0.5069675022837702,0.046896329486639715,0.347730696709586,0.2868147572077299,0
19,4,0.2675744485452262,0.37292564112195187,0.42883716174876796,0.5952148167403464,0.23801661721469466,0.43713863974776385,0.25094176503637977,0
19,5,0.20844458822355905,0.3595141318837548,0.4700325943372197,0.6844904105421564,0.23703221282356046,0.39227432484651137,0.3393053875224272,0
19,6,0.25359855852520813,0.4672921230432717,0.5821254565402353,0.5836616149005001,0.25559805082857395,0.3642727685148006,0.28535288668191827,0
19,7,0.22657012895097897,0.3707052484309832,0.4911032234263103,0.6519339611758949,0.25583048537360026,0.3365813401122307,0.2608939717550757,0
19,8,0.26251743810884914,0.4359658682027094,0.5307583755297915,0.5727557364020368,0.286811235747873,0.4076942872115562,0.24388872751248739,0
19,9,0.29481581449594935,0.4608447740541753,0.47181559799772804,0.6907617387615848,0.251385064920316,0.46527506607692565,0.27785436691166626,0
19,10,0.13645553394030124,0.40090433927915425,0.522376297674952,0.5953970229581697,0.3953712840851084,0.37587669573373617,0.27782093814480374,0
19,11,0.23292557785998716,0.47017065314703527,0.6210622256028874,0.5779524433448635,0.25561954743660786,0.3775435675703043,0.3739142693259652,0
19,12,0.25941533681032136,0.351395040184656,0.42773362041806234,0.6302377670230755,0.34096027510678995,0.33349275974894255,0.2951345044731059,0
19,13,0.25743896647824643,0.4982819045395312,0.5662332290268979,0.5549432239498785,0.29943972239888866,0.4317652880727648,0.2661744215953247,0
19,14,0.3472528564156887,0.3775319690153524,0.5978905253486075,0.593810931298099,0.32446164020700974,0.46769222091192864,0.2864720663547661,0
19,15,0.17319294183234163,0.45098536942073186,0.3512028912799855,0.6063891963980925,0.3862545791191095,0.4721147653029188,0.25407947605190295,0
19,16,0.244680824793629,0.44091079311790676,0.38336467669694074,0.6192065854490865,0.3626857624280039,0.4282481409564508,0.3478660484026527,0
19,17,0.255631713839816,0.3373905319870255,0.5365389157099576,0.5628154780862014,0.31829944250830733,0.4677562108981543,0.3950666691717176,0
19,18,0.31401766863205427,0.36457603294235547,0.5459866506696525,0.6164056437393702,0.4357536548375709,0.41817707619856215,0.31471811914188147,0
19,19,0.28531273719002825,0.38395793093563657,0.7090143291303086,0.555284434199796,0.3671179951070286,0.46393440780128065,0.3427808754515558,0
19,20,0.2842764082834453,0.43025340668560225,0.453884629898604,0.7490131528653637,0.3668005449371974,0.4778465496411548,0.31526735711591974,0
19,21,0.2743422436762782,0.3671077106005375,0.5223565201915461,0.5955795407408342,0.45929147055108666,0.38956499412077417,0.30574264112225724,0
19,22,0.37284094651035116,0.4037295777572665,0.5745609891308295,0.6782096884043588,0.3892326253150755,0.38195944995297654,0.26899230706181554,0
19,23,0.24128472586976785,0.46940133055299565,0.5448044376874417,0.6426279490586616,0.43529508847075327,0.4055164607791049,0.291023591049263,0
19,24,0.2764471962815409,0.3148925753997426,0.5838128708518705,0.5578243227158739,0.4440281526743152,0.5232410924658485,0.3432381228630974,0
19,25,0.3192043108365708,0.5343714664070573,0.4656525023870026,0.6195071011750106,0.4653896963024881,0.4454794121494977,0.4026109498326335,0
19,26,0.4185829843912051,0.5637098752136123,0.561345039735911,0.653156070821277,0.5055002861374783,0.39704013005163163,0.28199999927111047,0
19,27,0.3324138504534107,0.44887473770101055,0.5439786312016813,0.47683751165815585,0.43156626113258,0.4201476630403388,0.3961035816807542,0
19,28,0.3511484385162562,0.4825729324399571,0.4399857275895812,0.6554385847998124,0.4897638767314031,0.5214596326884365,0.45871049062150987,0
19,29,0.30649058552885006,0.4282866681421178,0.5584755031869552,0.6208041114930823,0.44695507561519127,0.5119802180700587,0.3003292894409609,0
19,30,0.2783031632548586,0.4499836206287007,0.4619986848861708,0.6170857106720438,0.46007058832214803,0.42267424430004596,0.4016883127028098,0
19,31,0.3862467950113509,0.4608475074397784,0.5479063578238051,0.5862330557190973,0.478577207567871,0.4990115653066023,0.3400332883864851,0
19,32,0.29607707875747363,0.5111525282761105,0.5106065920881651,0.671100792393743,0.49165859254601996,0.5408476866695532,0.3054966136872896,0
19,33,0.3095035645109824,0.40656945259828436,0.45600855739002055,0.6572930456275925,0.4967492723952405,0.44221595116478707,0.3464518701347284,0
19,34,0.42643288520071293,0.4416247146178482,0.461850627134169,0.6677630370491796,0.4930546625991308,0.5695386844408943,0.3420897180602933,0
19,35,0.40162429333972594,0.4549332083898998,0.5039955462463676,0.6644819918558542,0.5494935150748359,0.3984694949644536,0.31457821818476395,0
19,36,0.38088376950870084,0.47050864034321277,0.5462494705317302,0.5185133541378888,0.45811385881464045,0.44650205437162166,0.339983719992609,0
19,37,0.42055449980801807,0.6223472951309266,0.5711321412311685,0.6789241597858167,0.4912016333812136,0.40471935091789885,0.3839182509978271,0
19,38,0.43238141850154926,0.4951106271079001,0.4506676695938456,0.7081615087516107,0.5257462972136773,0.4246523681861235,0.47437525619203114,0
19,39,0.5264227284942938,0.5227302832660975,0.5645371616816043,0.6166899025686228,0.6105931628422466,0.56302418686703,0.4529129430635336,0
19,40,0.5494625238225984,0.5946951235950092,0.6073472654048326,0.5012823031061322,0.6279504494067994,0.5447753516237241,0.464652540715798,0
19,41,0.48105607849742826,0.6921351491015777,0.630707537162254,0.5990510907101738,0.5852973531281838,0.47737968770716677,0.5062861717433778,0
19,42,0.6265256991298904,0.625298340078055,0.4937222111156907,0.47950031932504245,0.7491211774257978,0.5241732008113942,0.6125524729119606,0
19,43,0.6238582979900341,0.6917270796466619,0.6047197220726722,0.6595329081455432,0.6475437014841047,0.6199092089816501,0.5557529829323771,0
19,44,0.7521873971355872,0.6791690364521726,0.7981465620191133,0.519304251497253,0.7058457623611027,0.6393890501454859,0.5436375630325482,0
19,45,0.7138827237022793,0.6683403911861578,0.7170601703935889,0.5567773727665111,0.672644783161567,0.6295711265470658,0.6204994870538191,0
19,46,0.7607727982271765,0.7040709560484777,0.8929099977362333,0.45544000527208106,0.6589158353659326,0.6257795614378197,0.7549580040495603,0
19,47,0.8153438750423996,0.7739530365856603,0.7452188279938851,0.6061805897566565,0.7839497615848252,0.6465854920073275,0.6905675391413663,0
19,48,0.8392690772358572,0.7471005286084041,0.7237532301827638,0.42287768811099835,0.7522923372031445,0.6023715652212196,0.7162142303395794,0
19,49,0.8320990417196332,0.8698032717939248,0.7928875895472869,0.5849521882602325,0.8385836279500773,0.6666247313096785,0.811681916455377,0
19,50,0.9521527768703394,0.8126664476033348,0.7015456566819145,0.5448681920382665,0.8186970915101528,0.7690967526656606,0.7754096611114063,1
20,1,0.27542005637889627,0.4027999730555357,0.5605948677154455,0.5223675316069744,0.20112359149481684,0.3522076753077207,0.2964351008802443,0
20,2,0.22824802530224886,0.4015626015148608,0.5561540700445147,0.4959366240940085,0.18667337107134876,0.44102578296364253,0.14035026371713624,0
20,3,0.31059516306866175,0.4479498450225362,0.5310022759159071,0.6729318583965906,0.23990625406528782,0.4519697453721157,0.2720173145579693,0
20,4,0.22753374507880614,0.4635741672091157,0.612909158665154,0.7027947680418244,0.21151347429932826,0.3779112980317456,0.3542486830375082,0
20,5,0.27918148147577937,0.3713183957527427,0.5377964668845736,0.5548833164202839,0.2830437413647419,0.49594433498031054,0.37455227719539763,0
20,6,0.19725118691854115,0.4154665065473011,0.65937772208404,0.5678833045734629,0.25044910562538697,0.4990762175900489,0.3264566961036793,0
20,7,0.23330879523816783,0.3587122107129589,0.5968887805084622,0.5482472823037079,0.2511939206709478,0.4265176727570211,0.3499994736692961,0
20,8,0.2964055101084404,0.39067845610491664,0.597850281335736,0.8615494425636359,0.31347692593537496,0.4361836103773418,0.23590685145039197,0
20,9,0.2664667527022321,0.38666998798664337,0.5132745515831206,0.7266809646084372,0.35583001504215406,0.42465836417658726,0.24298600276670698,0
20,10,0.27829955072652907,0.3296749787198823,0.5658701082945126,0.681541201054008,0.1444454957039199,0.39277226789335484,0.3004772994346144,0
20,11,0.2585649351683887,0.3769929049013032,0.5685018474776197,0.5919006576011504,0.3315232790329219,0.37982421725127047,0.2409833490381801,0
20,12,0.30057825991545795,0.4673227866618104,0.4819184899354991,0.5722936818512153,0.38964313325245464,0.3606520618002764,0.3737730354590313,0
20,13,0.33455674011290104,0.3894096241494776,0.46364333142922487,0.607396653620108,0.23929761939011604,0.39011530006232015,0.3460367145754523,0
20,14,0.24267352307284942,0.46020609676500374,0.5542012314017865,0.7105931752746262,0.3601481865120514,0.49252905268671887,0.3402538795465106,0
20,15,0.23439640657120853,0.4229127771444543,0.521271206224073,0.605375003183883,0.36163319781900355,0.4727189827247876,0.33861285385355744,0
20,16,0.26556576040734103,0.48645930370781176,0.5500812971629684,0.5588831684960355,0.3323787475010226,0.35523501611463193,0.3233685307173722,0
20,17,0.2772289168818304,0.5134300094901765,0.44626921163205213,0.6623835771009401,0.48420248965591245,0.49766339518583436,0.32262306089511167,0
20,18,0.2414491555703745,0.41622241525212395,0.48070994862602645,0.5768271854625121,0.3424211926717253,0.44008764535571565,0.35106059738226486,0
20,19,0.2790400745929448,0.4314163958588759,0.5167160364603711,0.7301854224448053,0.38493479556343146,0.36592050940202875,0.35030906807933826,0
20,20,0.3104958629873603,0.3813301662795399,0.6550638286719425,0.5558069651851245,0.419646332384956,0.4580025264531968,0.3620405274514885,0
20,21,0.348434208006649,0.41666678864782336,0.6110194592589573,0.5821340329973528,0.3988134806837161,0.38474581959921045,0.28293593863316235,0
20,22,0.3423565998286409,0.36208046886544853,0.5700101157600466,0.5708342614041022,0.47478128094027,0.43320177855877456,0.28101888652250073,0
20,23,0.281740514345661,0.5132472570716563,0.536837114527317,0.6108994026144028,0.4425080611358605,0.4019526280399853,0.27534231723357433,0
20,24,0.2761687289991568,0.3973994923125272,0.5969729221854622,0.6515038465990364,0.34077022745282537,0.4226431978529332,0.29721342220268404,0
20,25,0.3800527857781277,0.4339577576997363,0.5803336282540446,0.5386288288441502,0.38464123092863045,0.46024316329709425,0.3676115374572957,0
20,26,0.35075293993530854,0.46151682299765634,0.5301495818584377,0.6022312644685464,0.408424107639333,0.46799687543142937,0.3681407794599728,0
20,27,0.2830224118995443,0.4102536074428407,0.5711217264163647,0.7083003980402527,0.4521449276935254,0.43721657937615027,0.36141702277213883,0
20,28,0.41099942222642044,0.47212970722540143,0.4979379950752616,0.6099922720344275,0.4203778260761831,0.5247834988408417,0.34268799552764706,0
20,29,0.40175163071042275,0.4431442785074251,0.568655314803374,0.6312487428593048,0.3729726620431106,0.4841043896562718,0.36963363588327786,0
20,30,0.40235983703064737,0.5105237110388084,0.6590053301451572,0.5387947726661978,0.45990564247867044,0.5170700618829244,0.4150897716472652,0
20,31,0.5657702556180468,0.5456546022927918,0.6548526022595909,0.5859235025558059,0.4350774314792066,0.4802928241904922,0.4457632259584746,0
20,32,0.4757670068425847,0.5216132154427523,0.559816425378744,0.5883390001250121,0.5523380922273041,0.5503146322780861,0.37897487403817776,0
20,33,0.4505814202530901,0.5731591260703136,0.5828406588971909,0.6878603564326,0.49800247878287046,0.5294784181316956,0.47873835353014527,0
20,34,0.5069876724978153,0.5537664079427562,0.5706069692050602,0.5623122720849187,0.6040252237142946,0.5028898545663312,0.49585082891618903,0
20,35,0.4682945629586646,0.6104367327908873,0.5179236405343527,0.6211637705594748,0.5210902405425839,0.5455053191845617,0.42193817643172654,0
20,36,0.6120041331242153,0.5615125981640864,0.5846635213612236,0.6055381309792668,0.594516229853599,0.4356475568187051,0.606544231232617,0
20,37,0.6280155888265931,0.6120664559277688,0.5075861239665602,0.6135268019358839,0.5460452400452773,0.5968226716656887,0.5139555986607767,0
20,38,0.5819328801117437,0.6798455340904683,0.5645699889770933,0.702560252476873,0.728450831142699,0.6635306314472386,0.6077913405930733,0
20,39,0.7065230779478273,0.6491998707383675,0.549305945955872,0.6528007804940151,0.6761207721231765,0.5925982620085326,0.501879917568225,0
20,40,0.5846515068943523,0.718645346978725,0.556116198406464,0.5746011565566267,0.5719870947853927,0.5350996103587218,0.594178624229146,0
20,41,0.7451312848882571,0.6253936496070429,0.625631453077702,0.4089153805340248,0.5057652860168462,0.7086139683250126,0.7055625209006356,0
20,42,0.689543434799924,0.6912340754646251,0.7500893246088282,0.5160931805498077,0.6653015102833709,0.6303361105194157,0.592063714321944,0
20,43,0.7729139601577858,0.6746947236154106,0.7308558368023418,0.5134443928558317,0.6729029078441111,0.7124416065692976,0.6312164846951742,0
20,44,0.6961593172575797,0.717403588448405,0.7114686382579338,0.6519215798828223,0.5618811358739719,0.6507025503836219,0.7315822686327698,0
20,45,0.8026320630087486,0.7748912970788638,0.7327416857171165,0.6252505763533518,0.720604080778307,0.7341712534713631,0.6598691473518958,0
20,46,0.8295008873573113,0.7177318018533592,0.7639675578651415,0.5029342697564243,0.6676057094796125,0.7049850943940936,0.6398055154491118,0
20,47,0.8443832210619858,0.8510243874221005,0.7129257608282782,0.5587841452108668,0.732904177208983,0.7295168328161592,0.7216103880856423,0
20,48,0.9462528109269213,0.8060680277901481,0.8059791688930977,0.557066962525175,0.689950037226276,0.6588515340890612,0.7680025376811459,0
20,49,0.9701476414164004,0.8189247354655447,0.8326473800735542,0.5358330516612417,0.7678437170141532,0.6981603096282036,0.7659779024422063,1
20,50,0.9481284479881705,0.8717761134885407,0.7745495531635663,0.5126936338690732,0.8681872541119501,0.7892169363345862,0.7774484516293512,1
21,1,0.2052990485873252,0.4080698893774308,0.561142951269839,0.6649532538146551,0.1424444566457294,0.4702491365339316,0.2781613160311224,0
21,2,0.28436686277216894,0.46836394983689766,0.5216622887638462,0.6625276161143141,0.2640469525246659,0.4925886076406126,0.3216034262715863,0
21,3,0.3216380133491293,0.45108284447400215,0.4691333056309065,0.5582224956585554,0.257288805824245,0.410286998081621,0.30429976769994793,0
21,4,0.1964255315007331,0.34459460036578315,0.5334072927510385,0.5879967286833816,0.2447657471439439,0.35843367815188676,0.27779086377626816,0
21,5,0.2586442512829127,0.36358210145633657,0.42622149414773636,0.6209458213851076,0.27866196782116454,0.44725875700962753,0.26739200778193456,0
21,6,0.3070653994643726,0.4158572343654514,0.39527964449269665,0.6321920202860385,0.37663741827275654,0.36403045934422024,0.29708623309145116,0
21,7,0.24034177386432604,0.4179126076576886,0.5909980390244047,0.6250869971840486,0.3396355734327228,0.4239172170606758,0.28069316130126837,0
21,8,0.14829327444456525,0.424589070596292,0.656580020193029,0.6474941286371516,0.31320484124970077,0.41054843374927724,0.28858333043631645,0
21,9,0.3431823079150639,0.48779739678984096,0.5707671240809615,0.6221090347634305,0.29358313485603943,0.39492463402858724,0.23099162393486716,0
21,10,0.24883762762666975,0.4014003869286662,0.41313908066962207,0.6177605972570158,0.27089418053204334,0.375357557235796,0.2874910494689965,0
21,11,0.21911576890434953,0.46493350823879703,0.3843968906534681,0.5008520605573418,0.29919714706694556,0.4402063594696153,0.32881075680094873,0
21,12,0.2076514356459563,0.42083419336525263,0.4882895305256403,0.7130642842793417,0.2885463650044885,0.4341407424141461,0.43497090697989715,0
21,13,0.28495546916052744,0.45611547166931765,0.5719981150602751,0.6373692359246751,0.32863044766463057,0.4432167144918558,0.28500030488831135,0
21,14,0.3621799177718025,0.4869340954481779,0.5436742615557245,0.6713497878863594,0.2738494454761609,0.42657439229001404,0.3637924922092028,0
21,15,0.22580431729580402,0.4048205845288421,0.6766963055714976,0.6257756749861384,0.44440171836202275,0.45134286586378963,0.3313090141162718,0
21,16,0.31507538297608434,0.49948887751520005,0.45314984389013924,0.5988529668667738,0.39890471146245327,0.4359225681107836,0.2969307265733395,0
21,17,0.32672028613619847,0.4117178954663931,0.5420656569591562,0.547491512245746,0.2992711453712781,0.45000826160666896,0.32577033937899225,0
21,18,0.23934892966429414,0.383547781502222,0.5606541899839248,0.501941648198486,0.3013053662263882,0.35205292260838394,0.34775103019289905,0
21,19,0.2803340858273499,0.5213762007873712,0.6475403786889631,0.5116455458492707,0.38890457609785734,0.3971514351809773,0.2697431982144871,0
21,20,0.34376218374722917,0.4719829437110179,0.48194013500619837,0.6623020398446001,0.24537750008709924,0.41035271007833796,0.2908054227649375,0
21,21,0.2758062277175729,0.43752644531900575,0.5213696328925702,0.6213444344593452,0.4214078580174934,0.4568665513051191,0.32038240916977206,0
21,22,0.3308538030832111,0.4193987054638686,0.5310418088529127,0.6897143937827952,0.3318343593639586,0.5410351098127972,0.27024225126302126,0
21,23,0.24563812605677232,0.5591963498434689,0.5015654979806993,0.589949530608288,0.3847550756036049,0.4569801403946975,0.3233779110547745,0
21,24,0.12028712824938603,0.4552579918000914,0.5396464635040651,0.6823141278447437,0.49454365689676416,0.4442145969304101,0.38321145408369783,0
21,25,0.33871474303537813,0.4263762100432712,0.4570711772308962,0.608864679307757,0.5090283468318668,0.4640502768365423,0.419824407383919,0
21,26,0.3563401811279724,0.42499199813815275,0.5573730070042442,0.6330009697195649,0.4736895040354504,0.46893703099556633,0.31064077310890914,0
21,27,0.3941304556168427,0.43100982888719414,0.41473375464884776,0.6499591741012273,0.42312917635687114,0.4512448572022352,0.3780088877865507,0
21,28,0.2977050273333893,0.45779402415317066,0.647682775658951,0.6218041762468149,0.37785958515110246,0.39940607594294425,0.3597614960829801,0
21,29,0.2605454950326257,0.5119594082423528,0.6030105403747181,0.5926944166620209,0.4838369487734504,0.4808756474271663,0.40204270842888906,0
21,30,0.23588428348073334,0.48554026946718465,0.6016445975202954,0.5849378219289635,0.48260694096428525,0.5212741295186865,0.39508973992347773,0
21,31,0.4500360689494116,0.5090196184383848,0.5618237245710046,0.4333283797748746,0.47506204209961195,0.42834525101664755,0.42122669449133554,0
21,32,0.45599258761495526,0.6021639583800182,0.5841437486186144,0.7359554134980005,0.5228166519305856,0.4427674411837335,0.4011833627662332,0
21,33,0.47831920084954616,0.5023505484667958,0.5754199490729074,0.5842506266304957,0.4961997080624066,0.5611185951709424,0.4804747650754417,0
21,34,0.4596746277145782,0.6272220305563082,0.5110941170250851,0.5053925941145216,0.46447624666061416,0.5332779759359523,0.5276493406114965,0
21,35,0.47990426000017716,0.5736773631040983,0.6569675338545272,0.5548207426682908,0.5195167216554447,0.4778171933538546,0.4580661183541874,0
21,36,0.5357982741505837,0.5648681440528217,0.7136952954823298,0.5431480594416062,0.6509364652037306,0.6275368706341354,0.5085744943622117,0
21,37,0.6732400479722085,0.6386072810740969,0.6147887778347761,0.6304111531473728,0.6220946889604113,0.6351730044508438,0.49177826273991826,0
21,38,0.5269845491709347,0.6699428067435835,0.6461503458652272,0.5846866422857304,0.5853929296130501,0.569346211144495,0.5006058326036121,0
21,39,0.6882763059985143,0.6261752777066696,0.6968000092610201,0.5885397131317884,0.6088771730287577,0.5178354307230685,0.49805926287925295,0
21,40,0.5343539114611068,0.7417928408431069,0.6940870521295366,0.5555936414438788,0.49119454649610417,0.5152412398576757,0.5821438001558694,0
21,41,0.6338849813243101,0.7319638137641001,0.6450503097236223,0.5554882686008102,0.7097071178900975,0.6014067663177598,0.5668773632930455,0
21,42,0.6986081256519049,0.7607167762684386,0.6409717078978546,0.631356974276789,0.6674611147329462,0.6527132943542112,0.6270858133975458,0
21,43,0.7237591375497374,0.7014096185353144,0.7664030069938307,0.5295557004106629,0.5754704358975834,0.5592722915114055,0.5532901793405005,0
21,44,0.6937811059840746,0.7559260279223632,0.7190906510070076,0.5326392234358481,0.7057825730725075,0.6634282203327871,0.523261338947909,0
21,45,0.8001245217341793,0.8403184883638368,0.8378781201172967,0.4495153170109715,0.6727121342151466,0.5894768680102523,0.7538638189728956,0
21,46,0.8239118028524274,0.7839916995847498,0.8267659161548979,0.5987664682073475,0.7773957252776282,0.7028861669021564,0.6795298893721181,0
21,47,0.8746975472502851,0.7835376917377934,0.715829966985951,0.5888683613908839,0.8219774013087852,0.6548519500846965,0.7029442097058621,0
21,48,0.8857384453532208,0.7843338559509787,0.8825594876023439,0.5409778898457538,0.7682308305951897,0.7925355084234137,0.7127817013464661,1
21,49,0.8262554274929697,0.8192172589960169,0.6567837689766985,0.555305743860286,0.7757650223955038,0.7030074042132903,0.7493353363482381,0
21,50,0.8596447780778173,0.855425784676974,0.820270034278199,0.3982809466599133,0.8058788890377734,0.6454273116195303,0.7675985366769886,0
22,1,0.1911654096218513,0.3992676070798158,0.4726407913985424,0.529723686280164,0.24054891194929098,0.321825046877516,0.23078795137084376,0
22,2,0.3173860238278774,0.4599734183506576,0.5803947573129301,0.610803572572266,0.07236150531229066,0.44234265106092796,0.35872868696123067,0
22,3,0.3040223547073064,0.33832486178307736,0.46802850974601096,0.7360288639247404,0.14199622792015199,0.3668079385924807,0.3349275775582642,0
22,4,0.2253871481098893,0.4767985589361508,0.5386739184701598,0.5970919301373693,0.1672535098460291,0.5279703281929968,0.28917740906266964,0
22,5,0.3327565814505924,0.3769549219168383,0.4720941219507153,0.7067788938760352,0.3327510399571987,0.3331542011939633,0.32048901304910965,0
22,6,0.24000874607319508,0.4186873047358599,0.41512822463095245,0.592012678721234,0.20609157603380196,0.40341043679220007,0.2920260753169005,0
22,7,0.37393385566378523,0.43286416166970626,0.6368194119867439,0.6103952018553188,0.23007260226217346,0.5177207807246513,0.26929701300630077,0
22,8,0.33487727474498613,0.34891370958513607,0.5625906279355556,0.6550008239698761,0.34815951908226994,0.47570222515050703,0.36579891764387856,0
22,9,0.2593413882847674,0.5188992707041681,0.4075313069134623,0.5344092152675716,0.3149076824305299,0.5138493024088675,0.31287754229570824,0
22,10,0.20628476784652247,0.39102275189094315,0.38482365349997183,0.6668246574937196,0.19716612040465917,0.37010905769836766,0.3317012602480702,0
22,11,0.30172649880865954,0.4471086252054255,0.5552451716811164,0.6070743884334516,0.2333176710268251,0.4636445703442321,0.3392547845387542,0
22,12,0.32887822542406525,0.3627750043260337,0.5675238112958426,0.6199171351862995,0.27903575334059944,0.42206820814031437,0.27668714108048104,0
22,13,0.24596916754111936,0.3741257032596791,0.4977858980729814,0.71682505089434,0.38025683294557094,0.3561579598376387,0.3813673544376243,0
22,14,0.2617744879189882,0.3003270864701777,0.517344486435693,0.6873454645579893,0.4214757181880122,0.3960586367819375,0.40399895523314827,0
22,15,0.30567237352865606,0.4081394665392126,0.6046635917447012,0.6978981479563868,0.3922534193260037,0.3734724975627053,0.3621309515899461,0
22,16,0.24411318495614087,0.3282493085599157,0.5982592503014543,0.6091940419412454,0.2668890744527075,0.43199140356456156,0.33980205405566016,0
22,17,0.2536755965638161,0.5284778451782055,0.5974952578291525,0.599877352899592,0.3352943206458628,0.4617743697356588,0.26771893021298343,0
22,18,0.2683382823770821,0.4332732891577417,0.4469999950100199,0.5529149610603972,0.46074335681709255,0.44816129471422766,0.33717032427005844,0
22,19,0.308624816294068,0.4624606059352174,0.5439895386163254,0.4907582107187777,0.3834282749994249,0.46492794017748446,0.39358809990993504,0
22,20,0.22997146821333683,0.39216146240974226,0.45520544727920104,0.6642025326667984,0.21699580469628094,0.4255821769963689,0.40328977367886276,0
22,21,0.39049074502894154,0.3625100833224456,0.4214607340755574,0.706234547470714,0.3950729219454352,0.45456371811045715,0.2786923585946502,0
22,22,0.2919780258031156,0.5065435224452826,0.726148149690772,0.6490364632199197,0.3599032168723074,0.324117083475267,0.252976794272883,0
22,23,0.30141531205656674,0.4312582559156744,0.5826728182205424,0.7089373879617076,0.3950247847301698,0.43196665651669824,0.3433810514255342,0
22,24,0.3277839440554726,0.4729940058766937,0.551370406248414,0.747896318393515,0.4423309289981258,0.5111572774046914,0.2888357411638435,0
22,25,0.32392583689006743,0.4747726631648279,0.5881960218680389,0.6229921306400884,0.5694395432884876,0.5263989884554225,0.40386226664145486,0
22,26,0.4518429451066226,0.3857515351265392,0.6375198182593403,0.5605253412800286,0.4001396528559963,0.48446962220308337,0.4092610082755362,0
22,27,0.3636476603362339,0.4786766036250656,0.5381543796713001,0.6664419236741113,0.6539556569590713,0.488766035426294,0.3286401780918842,0
22,28,0.39861220854084006,0.4429875056985605,0.5935284854382796,0.6375212981470535,0.4338099077285027,0.5784477506891892,0.34642763403800525,0
22,29,0.4724330375146113,0.5508027446884914,0.6598303565080239,0.6313097887395943,0.5384547620472798,0.45734459139860306,0.4469040980175191,0
22,30,0.5417192379577972,0.4389782003885728,0.5164971819079254,0.6501884581620381,0.3301181312071162,0.5266003086894175,0.47179022124656844,0
22,31,0.4701654042145248,0.48489313263800476,0.5530917016188017,0.5664458898822945,0.4620295235320687,0.47651609111077514,0.4230497607555804,0
22,32,0.6109814992131732,0.5350907428441495,0.6232905151334301,0.5565870220114219,0.4814242534495126,0.4395814731133688,0.37583168760944535,0
22,33,0.5520597459581239,0.6248086827642293,0.48373348311731373,0.553455391919071,0.4485865574389792,0.5229861452933225,0.5259884746853576,0
22,34,0.5660990556101356,0.6599614198196158,0.6504530651355537,0.5359944886509919,0.5539349171501435,0.5062225494298854,0.5110241006368,0
22,35,0.5257169191951978,0.6121574708692886,0.6197698719402857,0.6094806438303266,0.6080808230611481,0.5828724802062302,0.4926403323310124,0
22,36,0.5760217654046079,0.5535739003315251,0.4139299320807439,0.5677915428957706,0.522707213630394,0.5902877238037676,0.42703863029778166,0
22,37,0.6687883995133446,0.584308192682551,0.6758479724029003,0.5337786442959176,0.5838315014132002,0.6115579003208428,0.5910398511557657,0
22,38,0.6301743894761832,0.6290980568810175,0.701386875416087,0.5011247849910436,0.5889160042015876,0.5739057950819262,0.5560319108340518,0
22,39,0.6038776866095149,0.6942371307979822,0.7338891996442054,0.4500695025501106,0.635535569655573,0.6587591457422588,0.6087955523381161,0
22,40,0.6749000857325825,0.6884489039674995,0.6933449541192817,0.5585484506693539,0.6163919221929461,0.5618674137938622,0.6179344145654426,0
22,41,0.757716010493204,0.706149682253563,0.8031474641422274,0.5105372729255963,0.7178861058473992,0.5906987765389081,0.6700475286478215,0
22,42,0.7586223440500264,0.7998481527030418,0.7280325120722263,0.49056365353156595,0.6323506043366475,0.6954381153053326,0.6785532350938326,0
22,43,0.7919120386105957,0.7431761491388257,0.6692676787647074,0.6798679834024831,0.6826198246043195,0.6471093904548475,0.7097425522129046,0
22,44,0.8748462847509866,0.6658133802208508,0.6826442167628104,0.5965442251026347,0.7766118632353803,0.6229352143497003,0.6235089181890676,0
22,45,0.8189232094742348,0.7519711041122303,0.7853483517316011,0.49615386910315923,0.5782744549078588,0.607945778219706,0.686297779286014,0
22,46,0.8608168833552545,0.7119951741878005,0.8483957304805919,0.6539085556859403,0.646508173859476,0.6972379340018959,0.6555798134001575,0
22,47,0.9914483706179107,0.7744655726136758,0.7231773776434022,0.4626482439663382,0.7925713626598918,0.5326366648737986,0.699260133923419,0
22,48,0.8938210377275747,0.8571772753865584,0.8369419098779333,0.4296776292272291,0.8632091992262483,0.6360370587823242,0.8036315340837922,1
22,49,0.9272898493644297,0.8097316535162082,0.7600541046537781,0.522105071711827,0.6961907389177086,0.7069030021160805,0.7184663588536204,0
22,50,0.9372093190972256,0.7889012683652281,0.7425891561074637,0.530748494328105,0.7724426212506778,0.8287172388330325,0.6642773493140042,1
23,1,0.27456328379728023,0.42842326021552046,0.49005057749053765,0.6303590770914054,0.16435584722489094,0.4520839989677227,0.18865619739386497,0
23,2,0.23622109446687636,0.37084689810844557,0.48692267603872913,0.6104482259246972,0.2958382256288301,0.5844746831624257,0.3461935412075191,0
23,3,0.27246885789294584,0.43146645830287417,0.4400387494286946,0.5443520421667591,0.2232031442649927,0.4645853801350717,0.20720958661992855,0
23,4,0.27321235212820216,0.40248618066352904,0.6055391534419297,0.5353179527554194,0.37712989600696734,0.34870037782152097,0.188941814058587,0
23,5,0.1914568202663814,0.40106221679775605,0.5028391184731733,0.6082535472735541,0.19445533806819326,0.44863280762898455,0.27713314426164154,0
23,6,0.2427611540522665,0.35736762885667056,0.39146026137096307,0.6096734341130977,0.17784772571824264,0.3609019072997611,0.3219728654573494,0
23,7,0.32598943559532745,0.41618581921977704,0.5081310158282527,0.5579140435669648,0.3088623377805763,0.4296547533201302,0.2638951678629599,0
23,8,0.17484049390671286,0.32903364342254304,0.43438697402892457,0.6409716360565828,0.27180450069163214,0.4836489632777876,0.2548005073915712,0
23,9,0.25688623905891783,0.36624774026295354,0.5413715369499043,0.616039288505286,0.2432528483512761,0.43469995435720454,0.2969234807031304,0
23,10,0.2455501091831419,0.35075257305531815,0.5212335791126411,0.5718371375767152,0.22878026794135597,0.4219650077948696,0.34270132720860896,0
23,11,0.24322265626080242,0.39003269710660715,0.5621069283532137,0.4761958538331656,0.34684189935196885,0.34169921125348307,0.237829604583851,0
23,12,0.3818859738252241,0.5050709680007134,0.5686541429057995,0.6413925426977269,0.19626338191925152,0.4446379081440349,0.28373892407200146,0
23,13,0.2847199211774148,0.40024449952766505,0.5816509682178196,0.50384271394324,0.32150068534075893,0.3942451388242978,0.29331820855421536,0
23,14,0.2247143735481785,0.43461160696562323,0.5075363256353514,0.5803647880893866,0.29776565083934486,0.4318724054406537,0.2780081743718394,0
23,15,0.2702709355953781,0.39843587314665196,0.6352889563732089,0.6449143953536972,0.3120372660426228,0.44829302154123546,0.2676589931613246,0
23,16,0.2717758941567695,0.3692603045045059,0.5527147833596092,0.5896632378432305,0.3226719999531558,0.41396400704383224,0.46955452953215504,0
23,17,0.1879459189843905,0.35420340145205825,0.5803511835886804,0.7001871615009878,0.31209216851762883,0.5077474834817731,0.3612794999921273,0
23,18,0.2819574524901551,0.4458435113207827,0.5902219075507549,0.6438376739357013,0.3213915018920782,0.4364896476486845,0.42586317273609625,0
23,19,0.34204603802281264,0.46639424936246165,0.5495350420798392,0.6265219340009042,0.42484343751949877,0.4825321117655342,0.34259467390057746,0
23,20,0.3214577069561054,0.43864960317659585,0.5104220862058447,0.780726558497964,0.28765692153753036,0.49592564295287417,0.2888664527873085,0
23,21,0.4342091426331911,0.39648155025879683,0.4829289141620915,0.618949175770904,0.3381669825421183,0.493602817547015,0.3078735281968353,0
23,22,0.24292031008867843,0.35685842489228875,0.5191710514732866,0.5258895297177443,0.48909613476592706,0.37430982547525005,0.28531566561646515,0
23,23,0.28366156917558155,0.37388060150661984,0.6795974912050371,0.5599019718104256,0.3952245315502071,0.44174037399469845,0.37531545759832896,0
23,24,0.2752397147921316,0.4361086391278347,0.5225154296520729,0.6649375698919138,0.34590068510848393,0.5545055278377891,0.3044408306270278,0
23,25,0.26218029469401977,0.39009204941796916,0.47879001136456634,0.5617686069401447,0.40014457855071023,0.4060517485618129,0.3797776210647105,0
23,26,0.2790889920060861,0.43795155679413655,0.6110987215087406,0.632892570416624,0.42801862820675185,0.38474776150156603,0.29046457700681455,0
23,27,0.3927223278622992,0.48672815615658244,0.4828865643753064,0.5861377013704607,0.39348258942576003,0.41350693918096454,0.3732150515608091,0
23,28,0.43503815389355505,0.5253179912258499,0.6364636238326705,0.6602814184968876,0.4266404557695687,0.4890895442264792,0.3353583652735671,0
23,29,0.3547937358311779,0.4785180179301508,0.5552950863700656,0.7244159856416514,0.3749749799697929,0.5525143913834363,0.34609230962729315,0
23,30,0.30056928009652906,0.3854596368638209,0.5937559721909949,0.5577024229792088,0.480120059972282,0.5187108515082923,0.3243991535716932,0
23,31,0.2766114361828811,0.45118214455244016,0.7297816537691361,0.6666759898466265,0.46311617486638373,0.4328155981909142,0.3584683302171784,0
23,32,0.351926281321394,0.5167029597885565,0.4944586756957714,0.5564967395009439,0.5162117274230124,0.4188679123217801,0.418650862643127,0
23,33,0.31258430574282114,0.5152749562780474,0.45483973627877033,0.6496017205793396,0.49407714024496424,0.5837542108253411,0.4573656422186304,0
23,34,0.33404277348661104,0.4916449371604314,0.49891189780187406,0.7115442852126256,0.523381120443191,0.5517709402091583,0.4111484543724708,0
23,35,0.4645484155532364,0.6043269659296222,0.617813732897222,0.5325599693914,0.6363508482851851,0.5043592250506843,0.4242239938061676,0
23,36,0.5289997462367487,0.5736506319830942,0.6145947959621332,0.5658305197333509,0.5194869295920331,0.5144209786584785,0.491758043556364,0
23,37,0.5168281872599519,0.635646874715838,0.6136718073287766,0.5537464149125806,0.5809049344944419,0.47883067907530696,0.5018359154539624,0
23,38,0.5080934186794938,0.5068654296641688,0.6185418133129948,0.6745780221385456,0.576975400335114,0.5928792689716563,0.6294156948656195,0
23,39,0.5523191644492809,0.5960215698632081,0.6424460745756105,0.5340263212843445,0.5655147800111942,0.6238626954629745,0.5847078140386107,0
23,40,0.580771290783671,0.6237997806543304,0.6959362262315677,0.6345845353103393,0.7761180760564331,0.565216335185867,0.5342135642828986,0
23,41,0.618668930730939,0.6595519069254743,0.6365473323851518,0.40270076468574934,0.6363939938090928,0.5932819520348606,0.640161552512845,0
23,42,0.6211423927629732,0.6732950563510238,0.530824200980436,0.48134492988802147,0.68213035808918,0.6039329780023169,0.6443254119749033,0
23,43,0.7028566968124944,0.6820243750806108,0.7557094007829244,0.5883657660899974,0.6975351290052978,0.707270501904205,0.6013956445356717,0
23,44,0.6938694591346951,0.6713561125117153,0.7530922600048837,0.45171555569547195,0.7083659377051376,0.6491656596860663,0.6949926364327437,0
23,45,0.7799822139934582,0.7704632496462452,0.6656145314958156,0.49362762155058676,0.7174657663906051,0.656535609543468,0.6426343041347861,0
23,46,0.8880077420705985,0.7424490796630054,0.690558627070259,0.42755334652025034,0.7014588237105732,0.7047441755620195,0.7264099057840435,0
23,47,0.8871714453327262,0.8207615200940122,0.8131065160784585,0.5830581593286537,0.813198691766435,0.6773153416716875,0.6398470978819246,0
23,48,0.9095074261448208,0.8822997696690571,0.8364903249318795,0.6347283473518739,0.771191238819592,0.7111405295969314,0.6585508439337127,1
23,49,0.873954598835116,0.8339755006716236,0.762215923041676,0.5403040153310081,0.7431601574276894,0.7603510095366293,0.6132422843562472,0
23,50,0.99280425563631,0.9365024254228107,0.8212372936869544,0.6070929813549524,0.7741361597455245,0.7276431287963532,0.7974707821613876,1
24,1,0.15608634559170603,0.4190188547432622,0.5023974268750334,0.5983828329945141,0.1749989745897626,0.4466528173099813,0.32162240903050354,0
24,2,0.15090975740673304,0.4429254977810507,0.4069406733057983,0.652849210029349,0.3150145519252408,0.5037617401696568,0.3220936295316046,0
24,3,0.3314893634053367,0.2810802168553114,0.4722965026743556,0.670909510944596,0.20676277952948258,0.4861889154303517,0.28583229698449036,0
24,4,0.20876025768321704,0.374274452059597,0.46810230257966434,0.6362699778102066,0.189526102050628,0.47326024417456436,0.32306129623014124,0
24,5,0.16964777309586399,0.31802617266067784,0.5077069971057766,0.7939280368135713,0.3209725266856742,0.39927768457466434,0.3142256067215671,0
24,6,0.1612745788588708,0.4740812934517303,0.4978803111225342,0.6145591493235284,0.25542707956603133,0.48562700696539474,0.2578408920899296,0
24,7,0.24944175554051612,0.30601709569134355,0.49012274834051217,0.691212457391529,0.2977456342105243,0.48191780328626377,0.3292175682601415,0
24,8,0.20748200951267318,0.43070658385041616,0.4821315670151145,0.6774080761948923,0.26830550743697024,0.5171422439722022,0.2742592022299012,0
24,9,0.2701509674227125,0.41177694654565095,0.5523709636501947,0.6356758632517515,0.30235728081510865,0.4222564463452804,0.26832057462225045,0
24,10,0.1599367419981028,0.45809741662663134,0.4295385219477164,0.606941176685858,0.32888270248886203,0.4759698358549956,0.2172674031581381,0
24,11,0.270681225867955,0.4212008054631164,0.6116852470371481,0.5706915860051238,0.17605753218858824,0.47591630083842607,0.2817456940190757,0
24,12,0.24336837136719022,0.48272789879658506,0.4307723167531111,0.760159757236836,0.25772710432780027,0.44115054270628745,0.2502433791076196,0
24,13,0.24820659980758006,0.34932530488344565,0.7186078878265638,0.5902797698588783,0.2873322465616383,0.4866517939676827,0.40451274416742344,0
24,14,0.19843498474418458,0.43709545047473314,0.39070392623305034,0.6741023048793414,0.22788871168817235,0.39943993381953813,0.3162399247984345,0
24,15,0.24904725972574798,0.504954183836644,0.5746267707534596,0.6586834852438526,0.2612359458809202,0.5259683948772702,0.2788467427860744,0
24,16,0.3668037437417925,0.4572328266181888,0.5978409168375595,0.4350248142165879,0.3322998550705774,0.497508281995977,0.3678255134157043,0
24,17,0.2546078889021202,0.3073817247399427,0.5561094988120927,0.5070002959263906,0.4208286705672543,0.5029362430358704,0.30048165927967513,0
24,18,0.2620390546924885,0.4488954197507433,0.44849184037297957,0.6573495573943946,0.263528886186535,0.3537034918835309,0.32070358416665046,0
24,19,0.29010907742310144,0.4069246254881836,0.6623984166049912,0.6296362993627665,0.3849729067109735,0.4564616938703523,0.37954549344740396,0
24,20,0.30219488588092785,0.47879920524327957,0.4042769754066966,0.5127891409648534,0.3754364752819134,0.4381163058659049,0.3609904922024104,0
24,21,0.3127872376182244,0.3823202365219357,0.5328478800713913,0.539536595722533,0.4122114760622841,0.35548574788183396,0.352015504927044,0
24,22,0.2681176012344242,0.4919463845724625,0.5511165992018893,0.521260386576542,0.3576563693183586,0.3757310737261599,0.2524620750197404,0
24,23,0.31890890807351907,0.4718302960357845,0.5789838770415825,0.6192853489468508,0.390596586875002,0.39854653364688425,0.3177960164124751,0
24,24,0.25223571453916793,0.4568463435219021,0.5301535738721355,0.8038836822736866,0.33525226414969955,0.4473450639584109,0.27121339443981385,0
24,25,0.2807393317897547,0.4972440013116569,0.5085233422547455,0.6085208239966304,0.3991809222516669,0.3849474127971395,0.31239488141034466,0
24,26,0.3053852850658331,0.48554736436124124,0.525178244320228,0.6048694241611192,0.3307512104907769,0.4833867258628175,0.31280510564249797,0
24,27,0.37111598828822373,0.4508042486653498,0.4715682103463876,0.6189980832148221,0.46392211988111837,0.44202399993766395,0.3219980795310339,0
24,28,0.33377290463022363,0.4454855179836421,0.42901536843175164,0.6473826911227671,0.40596036839351746,0.46991705376851545,0.36035786158395183,0
24,29,0.3165480751160926,0.49112662626872283,0.5910006690717341,0.6270419450657787,0.3423688373630246,0.5244540531093319,0.37595113337712904,0
24,30,0.27670583888760025,0.47956121046472605,0.595584893530878,0.5907222286191379,0.5195315244427445,0.3723616585449911,0.3058770494453107,0
24,31,0.2748237337520293,0.5460038592272047,0.6936461564209782,0.6340754280938266,0.44069424756388675,0.4523180049574528,0.38426699454165114,0
24,32,0.2946690320964537,0.5449446537225124,0.47800029514701464,0.5750585060443074,0.4887916193588865,0.47895711297523547,0.3319497976900264,0
24,33,0.3572909675824859,0.5738725911881823,0.5439628934395653,0.6175221610795663,0.5886471407587707,0.43874170708509524,0.29958234836189096,0
24,34,0.4148582977054653,0.5153412456488732,0.5587200150828039,0.5264297309452429,0.5091645119505643,0.5431466352047057,0.3278052570341501,0
24,35,0.37583086539870697,0.48389254924589054,0.5955768325385528,0.6332649811420271,0.5543029476209396,0.4479372895970215,0.3309230375055381,0
24,36,0.404064705488048,0.632182285651006,0.7228490120543796,0.7194413876637624,0.48759334593791726,0.5405351210037713,0.4804809591959076,0
24,37,0.4457963159080432,0.6257138007038219,0.603677693490101,0.6010197008294598,0.46739665956003806,0.559593804034205,0.44762385876582395,0
24,38,0.5094274536635226,0.592291273277633,0.6131556054828876,0.6338626507462939,0.5633997811202294,0.4698845734717953,0.5128033358742523,0
24,39,0.4656142320947403,0.5536211666262034,0.6488999332216512,0.5742088718143089,0.46303901821962923,0.5387505361806999,0.5665282279154049,0
24,40,0.5577090521130231,0.6783717940885798,0.6974620258520953,0.634638398592436,0.4403134500634445,0.6598983741443277,0.5635977995491742,0
24,41,0.5610221338012441,0.5595385808286656,0.6549941808596512,0.550144326881237,0.6615531723502226,0.6422575283404289,0.5511241816449141,0
24,42,0.6604299818713202,0.6563835667153751,0.6434012529372248,0.6222280963205172,0.7135866714142145,0.6579983121931547,0.5707885143637238,0
24,43,0.6610392421314271,0.6527898882550365,0.67083035978037,0.5130678797702768,0.6524222753387305,0.5671251074273106,0.5388752392751922,0
24,44,0.6541222213382423,0.7121943590405955,0.7594382614844207,0.601524914240441,0.7170242256282545,0.6495211035028545,0.6628223876490648,0
24,45,0.7580117872619493,0.6418065493259575,0.6683360089028266,0.5817822043033253,0.6473742439774357,0.7306719736395988,0.6471743419250118,0
24,46,0.8271534230628229,0.746013060690091,0.7303838369454175,0.5872807423732801,0.6123304297166456,0.650690647436178,0.7155021092134004,0
24,47,0.8784384592771657,0.6978482765350985,0.6124554317993263,0.5728478576640297,0.7682817662292999,0.6705819441028528,0.7177752755578418,0
24,48,0.7985341639362599,0.7627909145808685,0.7567474992105713,0.5742453375936232,0.6620425844185209,0.6856359517365823,0.7092548350814447,0
24,49,0.872947961283961,0.7923280430320793,0.8435773824307963,0.48097788443608414,0.7301408848853795,0.6312473404262411,0.709496483935483,0
24,50,0.9235685331577014,0.8710869606143993,0.8074576489050858,0.6319295088443759,0.7184618036865187,0.6451399239393717,0.7163612390853128,0
25,1,0.21100188815696921,0.45523274527785107,0.6093761351078941,0.6502585101107963,0.33747633292724094,0.40358134717167904,0.2009740478998787,0
25,2,0.11798912618727339,0.3574498488650098,0.5396078562695957,0.6138571111970732,0.20654283422770967,0.3637604983589997,0.28465988052833313,0
25,3,0.21451724160152746,0.35628870601794693,0.4174723077581869,0.5714243250226653,0.2505400251448615,0.4413801131179855,0.24777464497021656,0
25,4,0.23811948395833477,0.3555146300512375,0.5546343735310698,0.574633421472335,0.1767259727798115,0.43325859536297917,0.4082849615013185,0
25,5,0.2275298107350191,0.42094257681904845,0.3854218896960082,0.5526595777548466,0.0943442680971717,0.5134936947288311,0.36936930145778746,0
25,6,0.23107460092893672,0.328020499875121,0.49424900278245165,0.7275435127042336,0.2618849598917429,0.40016767668940517,0.20769646699981936,0
25,7,0.22441465572334368,0.3203633073318585,0.446501402254992,0.5433477189585122,0.2550953884572817,0.44016694848064086,0.27303914678607377,0
25,8,0.2354589577983486,0.46391561926360647,0.4877964145343497,0.8027195355206687,0.23813067659156256,0.38603350041220635,0.24948497249521212,0
25,9,0.14914204123143732,0.4281281421913905,0.3810287361304635,0.6297002554434339,0.19992489535421884,0.4135353296309954,0.333627019956618,0
25,10,0.18481881973566866,0.40848412752868046,0.46533689276571205,0.5678077806463523,0.24710160020182736,0.47520332378184693,0.28159720678848105,0
25,11,0.2631178085694632,0.36809946694129625,0.49193063724984454,0.5718891805976006,0.34700411917680285,0.3534610171717374,0.24155243097820953,0
25,12,0.28006618543164274,0.48285301374113865,0.6158379533540991,0.6517880911968518,0.3030266278185188,0.4765312906156996,0.2539749691284145,0
25,13,0.27135072465905097,0.3735160791425575,0.5162285287484164,0.6271776209523688,0.3318871735506978,0.4850895769262526,0.3554037594145866,0
25,14,0.2310180817512562,0.43178810443381604,0.48066527083275545,0.6082142646796297,0.48309040541482484,0.448709485044177,0.33891225085187743,0
25,15,0.30772251659621996,0.46701362113317124,0.5777146788258559,0.6328934748052077,0.3970514057460063,0.5045842598317367,0.33315494596746476,0
25,16,0.30504739528046454,0.3863937346720129,0.47534278035692706,0.616801979426906,0.2395185758937113,0.4837797636781712,0.2734543056267089,0
25,17,0.253254865990738,0.43616434107852753,0.503144270650387,0.6159577371661791,0.3494223420565752,0.4214484521186437,0.2855402771180618,0
25,18,0.16229856066139137,0.42651424204952587,0.49597703696810497,0.6451274892035892,0.27474243220885947,0.4202107329378198,0.3216820133005122,0
25,19,0.2877280941144977,0.38022558945655693,0.49627662968955377,0.6731630811596414,0.29895350804461596,0.44266778658138145,0.32894397737368625,0
25,20,0.40950643491467226,0.42136342702762253,0.5634835611557458,0.574021932786843,0.4116648795199643,0.49153937984259677,0.3026017981626951,0
25,21,0.23355485728018283,0.3873798093975054,0.6061756802750145,0.5867599432469811,0.2441832602895158,0.5376678078246812,0.2944952338468697,0
25,22,0.3639641710494423,0.44011289529061803,0.5237664378458695,0.546309617326968,0.29990997802234604,0.4424806867701936,0.3553404887037448,0
25,23,0.26145579175126576,0.45081288996734714,0.4081953003270422,0.6476100212417287,0.4166843506862028,0.5508830447091428,0.3401739823214524,0
25,24,0.28658268907028556,0.4360100099992082,0.5688295508139278,0.6216135237035112,0.34040319793684143,0.37181283559029904,0.35554541013165086,0
25,25,0.29668623997731247,0.49566486769601037,0.6108966407942521,0.6360075107476801,0.37613051072831555,0.4647654042522782,0.4053536443800241,0
25,26,0.3337311129161593,0.4344726879154087,0.5274352368178162,0.612876361345978,0.4309197198477923,0.514797915800618,0.23024131358309163,0
25,27,0.29594402698998384,0.3916249429277926,0.5902237051611225,0.5765299884833045,0.42157804103881047,0.5502390953877021,0.40069868247695284,0
25,28,0.3225576925069467,0.45456599887773286,0.684756408575907,0.6681300578864143,0.4070270051620849,0.3891948860891173,0.38114190009946347,0
25,29,0.23567193742741815,0.48682930828557913,0.5275680987781936,0.6518398955316482,0.4875044128748544,0.43018679892280803,0.3870422382212103,0
25,30,0.28907475211567796,0.44138642966893116,0.627168209946439,0.6031656567167384,0.5523465908338552,0.551174243509343,0.3210640431572776,0
25,31,0.36654432293829015,0.45350140513199294,0.4889669510807606,0.5846769136308219,0.4541111707180383,0.5282596545346869,0.36859556196587573,0
25,32,0.3426298517386513,0.4577384638024758,0.523874995775352,0.6536965250449761,0.5372255377599625,0.5146396342850434,0.3501230744312129,0
25,33,0.3507208662374928,0.4566017487031569,0.47335419763380626,0.5716237359978726,0.4825378734471209,0.49931035696101506,0.4287488747786051,0
25,34,0.2952515950782274,0.46050687514683747,0.610030192261465,0.58831336787669,0.4802160599031517,0.3970003711424888,0.392570365798663,0
25,35,0.29601659402574665,0.46802433877589517,0.6348896851351885,0.5597067855008094,0.46450042213378423,0.531612622373281,0.37478874140094287,0
25,36,0.35240644127501086,0.4818332723853026,0.533219061659601,0.6698934813490292,0.5937401940686693,0.5246094173508048,0.3143264183176159,0
25,37,0.3180220830648442,0.4484485231227583,0.5473470612262069,0.669867706114924,0.5654278510416838,0.4590306794072866,0.41808329334389877,0
25,38,0.3108702724977578,0.45339823585207534,0.5895164391095133,0.6150489358510639,0.45946969079518185,0.5155580746534751,0.354786248568779,0
25,39,0.27296934651699095,0.48236457018049944,0.513401562089254,0.5614746487773596,0.5217925569944974,0.5631283804518491,0.3885685085039752,0
25,40,0.25528742525785625,0.40793187268261566,0.5264475799116886,0.5819787209516804,0.5465569576259309,0.3623908099782074,0.37941592024767334,0
25,41,0.43146090814293625,0.4018776926041431,0.509502506853259,0.5687459683415279,0.577743285651539,0.41641137660617733,0.4707131624363341,0
25,42,0.3477615313097659,0.5788356866891389,0.5660766663141656,0.6440182043899213,0.5329521036024771,0.4102748967472808,0.3586819184247885,0
25,43,0.4502810043001855,0.5533045196333303,0.5226760849092582,0.6613417147256975,0.5188717368745058,0.4296249552936587,0.40607786607813995,0
25,44,0.5782357796165793,0.5573937091430283,0.5676505131705856,0.4949116108997466,0.6273485101978717,0.5452561931549614,0.51832225715429,0
25,45,0.5381810832248282,0.6481347270713126,0.5896219459174092,0.6122225520016411,0.6145660753089265,0.5893062591316802,0.542591732930935,0
25,46,0.6524902761271386,0.5821911575430768,0.5879447536134231,0.5504630862534846,0.580737530072934,0.5751678853833758,0.5497573741350115,0
25,47,0.6846010864448552,0.7525603676920828,0.7074283414277914,0.5211932970594094,0.6976896751314574,0.6611602055854975,0.6729811774332402,0
25,48,0.659809980248746,0.6555765537955716,0.6872844506251512,0.39972590993112167,0.8197062679442098,0.6837133282366533,0.6263499828584711,0
25,49,0.8583025783513097,0.7261625866618943,0.6626796821034819,0.4807099102650651,0.7411785782077929,0.7140843164018144,0.7625891672263387,0
25,50,0.8716464201253525,0.8732483209100389,0.7108078047994325,0.4040813724656153,0.7163988023640362,0.6719091965084079,0.7161784241878191,0
26,1,0.30645178696089664,0.30633267628704886,0.4114585761169479,0.5725132244763099,0.25494451264619555,0.4111526278513475,0.24639453884481888,0
26,2,0.27210844514486654,0.3942620020288185,0.44606465413656193,0.6362167740341236,0.20400390749284603,0.410749337810727,0.2595799890699082,0
26,3,0.24038294314410777,0.4495850440944815,0.5983428301834688,0.6475388461319984,0.1966113731068909,0.4762163116109892,0.3110832351139177,0
26,4,0.2469940762525024,0.4352844019507042,0.5267296723907222,0.6140540844879129,0.22047250702474602,0.44031219223292833,0.3164587875906928,0
26,5,0.25053145974295626,0.37985554122873855,0.48512022023807116,0.5406237834258092,0.3446728306143386,0.39994131932395754,0.3413720230068954,0
26,6,0.2538755233697384,0.39972760623638315,0.4544540777961329,0.5618878759704815,0.3577079233282962,0.4340980539418623,0.3518633873093826,0
26,7,0.22174658532280733,0.4293752882963922,0.5143507542843944,0.5505671718189866,0.25187120144574465,0.4591753295119613,0.27324853724945714,0
26,8,0.23722058905848584,0.5163764665655052,0.3844165744026893,0.6500985979416355,0.25679965536487015,0.3991672545748783,0.28690621464218674,0
26,9,0.28571511152879614,0.42270085612173763,0.5908918921519639,0.6961299797060345,0.3299825565170369,0.405290377442639,0.3281220774606438,0
26,10,0.2123073601454405,0.33752805529728713,0.37440570650378113,0.6241913294067291,0.30788238289201514,0.3749109211173793,0.3583016166275682,0
26,11,0.32416156257353573,0.4371267934991796,0.44295664996845935,0.647496872797409,0.3392066416923261,0.4080188207056497,0.2364953501345063,0
26,12,0.21024670006195884,0.4772443831530566,0.4906976323701385,0.7234760663895979,0.18055047994886986,0.4435397802072574,0.38266963200506604,0
26,13,0.2559288850464163,0.4036482142817978,0.4729362650493402,0.6346773584668569,0.2392747039400538,0.4326515609334887,0.3395997118842287,0
26,14,0.21747872182847927,0.4779092699300751,0.5735179873131795,0.5575287697217756,0.24835354609864757,0.39200377920030877,0.3436636582743608,0
26,15,0.31059306745005383,0.41269248909746925,0.45926860337499253,0.6751307893048699,0.3017930891929302,0.45032740279269895,0.2415037580442313,0
26,16,0.3251587478748438,0.39578627166650715,0.582615267501605,0.4801388182287084,0.31043650042140886,0.4338322677060934,0.40872701516712034,0
26,17,0.3118385966001226,0.4870465890624397,0.4766957246929008,0.5975885630736386,0.36149772642871425,0.36972575164037347,0.30144483940693223,0
26,18,0.3080216723709891,0.4289624355258379,0.5367150653285538,0.6548543219317863,0.40834460887460683,0.4173792926310449,0.4035360471639835,0
26,19,0.3193518133454287,0.39725200670770544,0.4589843265260585,0.6004037722042044,0.37464590585866464,0.3581754067220474,0.35413465667726285,0
26,20,0.3179126388193119,0.4081973598597882,0.47639176218196566,0.6379911406504447,0.37080177707970924,0.4701520587127954,0.36208606863028175,0
26,21,0.23608276038129197,0.4556809473924656,0.5081567497227073,0.6140818973638783,0.44086453116012464,0.49805629365256215,0.4045221825191827,0
26,22,0.2907880922899784,0.43455607652748085,0.41376714983237317,0.7003841026939163,0.37868609517285984,0.4760948530001455,0.3711498262871217,0
26,23,0.2537216122047864,0.5271509953527748,0.557130486097848,0.585164860142089,0.3994191793323474,0.506511845241642,0.38651572398671524,0
26,24,0.3852031240113627,0.500707401549934,0.5277267325460889,0.5484966534147968,0.47924051840365556,0.477421375014731,0.26951008109611174,0
26,25,0.46339757896739253,0.45582508787072107,0.4880620583965041,0.5594902024816015,0.5313259390057652,0.4973879744788844,0.4153719556958614,0
26,26,0.37338989359440744,0.41518398052260447,0.552981368664054,0.6372232108983642,0.5169468159125133,0.47234215200702273,0.3163244129131893,0
26,27,0.2304682717047561,0.34415156333648667,0.6013938959075801,0.5975153668216193,0.427314962061184,0.49934733396833075,0.42005051925223,0
26,28,0.41429257333865865,0.48793445670286384,0.5659549424505996,0.6344233293502759,0.37487026627198305,0.5069999302820061,0.2305266989992357,0
26,29,0.32263544935614874,0.42591188382933187,0.5147770853849025,0.7303625339736337,0.5272414331469008,0.4263086159596631,0.3319216744513812,0
26,30,0.385338621128075,0.47096742293402166,0.4194382561282907,0.620592470054058,0.501793278470655,0.521520685022389,0.37160498754388854,0
26,31,0.4780021658522445,0.5018383987140685,0.6181511463936736,0.5767185304883337,0.5313036700072409,0.4133458231070678,0.3720420772595229,0
26,32,0.3770402657342947,0.5820871383751899,0.5356099150214684,0.6467317311648086,0.5953995472870589,0.4975120434107431,0.46470653707099585,0
26,33,0.4417107783569447,0.5751339612840283,0.7179593026630661,0.559945683431305,0.46126612780761733,0.46075881817177833,0.4846123075777368,0
26,34,0.43763708516107136,0.44887204980075995,0.5526215736599294,0.6255985233956926,0.5292693389337573,0.5334355691559501,0.42859641544985655,0
26,35,0.5102485219154999,0.6030504463454629,0.6216800523573223,0.6187348170893779,0.5752415740181304,0.4907780867750291,0.49328951840512003,0
26,36,0.5794460051375103,0.6125871755960038,0.5536688273251561,0.5331391420437416,0.5360729333066424,0.5594186499522807,0.4883972858437113,0
26,37,0.49380293011201537,0.5049102748910296,0.41356402805651205,0.5684567269863409,0.7158501861449349,0.6525480670986623,0.4654702475756697,0
26,38,0.5056599563252598,0.562285432548003,0.5587950999840552,0.557379169842581,0.5801433324781905,0.5881078258130702,0.5674153649397596,0
26,39,0.6092990303608995,0.5912548292109441,0.5591942992110883,0.47551620469164685,0.6445003226131483,0.5713409712319515,0.46057125958605266,0
26,40,0.5736478652384639,0.7470189409486486,0.6234824794889222,0.6008903591491473,0.6853377816430993,0.5532535773721479,0.5778023558777354,0
26,41,0.6704662404482733,0.7001095834200364,0.5816168515417683,0.587787627728326,0.6052846938041828,0.6312361975278433,0.6398721695503006,0
26,42,0.7107249181022418,0.7322155057183168,0.7335705919540332,0.6388209787739446,0.6468660489413247,0.6347251223993922,0.6603487949942601,0
26,43,0.6551255581938689,0.7428251450927749,0.6816510693496112,0.4711847189323016,0.6933961521264266,0.7108475598423715,0.5521310545037276,0
26,44,0.6236355560404839,0.716203850309106,0.8355997502206169,0.5184823752710462,0.6832144855674414,0.6901978554932232,0.5676672333878765,0
26,45,0.7822995854258334,0.8473887759351644,0.6309526872846979,0.5098349137402655,0.6365713798233104,0.6130975916336128,0.7297337727168653,0
26,46,0.779910572006442,0.746434977670146,0.6887195591592769,0.4988445366282656,0.630860552069917,0.6646453410535582,0.6752760290537564,0
26,47,0.8440412446430168,0.8023762921877261,0.6998710586359442,0.5131701327722066,0.8506992417958695,0.7963671174755614,0.6604045814026042,0
26,48,0.8119187679781682,0.8612890606349756,0.7216302217569741,0.5307440909794143,0.8554544036332167,0.7025858511935678,0.7682942542696842,0
26,49,0.8640780642429705,0.879448995678002,0.7007391251811689,0.5913018780957414,0.7148438511783619,0.6919743412459225,0.6984301542732059,0
26,50,0.9007507157113414,0.7229780266499239,0.7545758270267992,0.47497609122005446,0.8119461204621644,0.749785400554205,0.7373454011723078,0
27,1,0.3013285226452073,0.3514847659771779,0.45121675345345424,0.5522849509029709,0.12007763123382893,0.43675018118127473,0.2927451665536605,0
27,2,0.28270114530776136,0.5150558357265904,0.49802890627212326,0.6043682261722276,0.13998641929199845,0.4576289083738163,0.29112671207231694,0
27,3,0.17727448395949488,0.41538020945133497,0.519163973256776,0.6283421023936212,0.18600404550856858,0.4836662324276699,0.39031537894890056,0
27,4,0.27385289390106277,0.25650749243298054,0.5532026964637721,0.5077907230074947,0.20450195912604452,0.35994876691228744,0.27961942525253025,0
27,5,0.14856503173506372,0.38502601552421806,0.47206418618287604,0.7148629210323124,0.2709056604710171,0.3681391443363289,0.26943528104848,0
27,6,0.2807489607601161,0.35968832687972896,0.4909050623131838,0.6058934510955111,0.2217210843706517,0.3428893921839155,0.2617189142305016,0
27,7,0.22957347056835609,0.40303731847695407,0.5210367952797502,0.7530884836827275,0.2635324862850177,0.48449726767917556,0.26829099139744017,0
27,8,0.2528583310769292,0.37209335290753076,0.498539755357793,0.6732830561487961,0.22397812633448702,0.4312044515481819,0.33623667758279663,0
27,9,0.3106013845521627,0.41704417398556615,0.5028414205662497,0.49951113165198713,0.2585832534791916,0.45117962080726515,0.3906672509401234,0
27,10,0.31574150651033234,0.3555447713189031,0.5071224253042932,0.6932447865397319,0.23673598697600465,0.4822611314486551,0.3426658932300167,0
27,11,0.2465955636646161,0.36928524227137827,0.6418765505872319,0.6579117510634418,0.31943696748052697,0.41475751258988747,0.3104935814794989,0
27,12,0.2866244791580935,0.4579170144235967,0.4644269931901436,0.5320041820707797,0.31305685107640985,0.34943913313376185,0.29501695025031816,0
27,13,0.29481810453149826,0.5229298517743155,0.38467865632675075,0.756451101819104,0.30301549045285847,0.455590434108629,0.2430583921188142,0
27,14,0.2759043217390011,0.42332662944058563,0.3867830419567932,0.6244278088308456,0.3767496994289945,0.42778606822584053,0.3751099672822076,0
27,15,0.24537592578437253,0.5087556929398697,0.5271706475027558,0.6229847150472698,0.3409388733561639,0.4444657875470563,0.1874933321670746,0
27,16,0.21283337133829214,0.5129167851107839,0.636625809420484,0.6711162999473352,0.3296919537596667,0.3919992531698151,0.28872094993621983,0
27,17,0.2500208255954169,0.3164202322806968,0.5993115855939776,0.7100301868170736,0.45255294122999135,0.4957174002124664,0.3842759838617391,0
27,18,0.1844159137468317,0.43819405207500073,0.5723100940693593,0.611883796606025,0.35114983287562307,0.39699409804908387,0.27671306283639874,0
27,19,0.385548013415422,0.4392676434376948,0.5501066523565049,0.5611485165777789,0.4095544909963672,0.53458245858071,0.25293846100276535,0
27,20,0.3223818070536668,0.46838032574446287,0.6469972367493929,0.7421610927302691,0.36599097932764024,0.4816586836078179,0.33621168528630296,0
27,21,0.3125714027654656,0.4781749764250124,0.5487850079791889,0.567129127430833,0.36118636160865936,0.4266046289912671,0.29247780225346476,0
27,22,0.3235362997360688,0.49617588004435986,0.4751664356287558,0.5853512788262724,0.4912741671158743,0.442575206796354,0.3387065514625818,0
27,23,0.362882235857497,0.5083904340357515,0.6147245670412194,0.6215940566814528,0.3546538413506599,0.5484606538879627,0.38261544884777593,0
27,24,0.38102163726863547,0.4256195542370453,0.6371492382232059,0.7086970753630695,0.3607110336991367,0.48268791515104803,0.38150953519806646,0
27,25,0.276315639039722,0.5266271638496914,0.5412142212623489,0.5455181489851658,0.4178007698099428,0.45512323805498534,0.29205549034423556,0
27,26,0.364921157696344,0.46951003270310065,0.5036709137434086,0.611091675895582,0.433727398592393,0.4672660813740524,0.4030915381120016,0
27,27,0.2504958634899294,0.43208394640056547,0.5548214735627646,0.6874474690972469,0.5208707864921931,0.5465342670793727,0.3567307198789653,0
27,28,0.2515076182012664,0.48429407865807417,0.46953151289773964,0.616247648254715,0.6337903033323287,0.4743777118095215,0.30960933904098353,0
27,29,0.30197693559194716,0.4173627943421225,0.6936197673373351,0.6840087215760051,0.4817321974997447,0.44100883548762293,0.3398605258513901,0
27,30,0.34675957180464323,0.31385974285255935,0.7174656960961187,0.6309837414183371,0.49060214034408905,0.5163347406717398,0.3812701413655794,0
27,31,0.31384452155316866,0.40911023380168066,0.5692162947031237,0.7058968791364754,0.440131846497013,0.42699880025901116,0.4216509630189969,0
27,32,0.31810269922969475,0.4545427863526879,0.5466513313306665,0.5255817142458776,0.4556395932475025,0.4763184009569861,0.3743618968087415,0
27,33,0.4342003060311551,0.5514241723332202,0.6168256668851754,0.6110759245539675,0.45961585580258724,0.4670939216254201,0.3950789384886449,0
27,34,0.37698498159720745,0.4723412264311974,0.6094803567889583,0.6956523503050102,0.5588096230440525,0.46599934724183006,0.3267075653746997,0
27,35,0.3153698137418058,0.4938537599337465,0.5923862627488944,0.5351280609233582,0.48476029349818694,0.48116427326526967,0.32601600449511986,0
27,36,0.3376592803755866,0.44742898641653717,0.5613243802714228,0.6435368197747461,0.47308826514380437,0.4582693810092976,0.39698391886535545,0
27,37,0.27374285290021977,0.4093713077155123,0.5299364395160121,0.5408949034216917,0.5121366862894253,0.555047142558634,0.30727008061556593,0
27,38,0.46684592263498415,0.5092065041487855,0.535059369876708,0.6105870419288457,0.5677617505035967,0.557988596531372,0.3522573196261379,0
27,39,0.29489025828240345,0.4965548016254902,0.4640018841127461,0.5921730425106924,0.4964789935333789,0.5283061755117053,0.3559801806316597,0
27,40,0.28722609483698675,0.5005753477226422,0.47977877858974766,0.5944610900042084,0.6926721544553736,0.5226087188620442,0.3775793708584347,0
27,41,0.375271960402749,0.585769910012859,0.47649460620252015,0.5944555436320322,0.4990417058982572,0.5129910684818165,0.4239439672243924,0
27,42,0.5292335461777302,0.5326632331680423,0.626443258710149,0.6474151145980984,0.5108249092844109,0.4868338283708262,0.46098395745670084,0
27,43,0.5992925832174916,0.5837332827908768,0.6011924815599626,0.5349169654599074,0.6395263182578946,0.5335259394969135,0.48173475049507775,0
27,44,0.6094120980259319,0.5998498359774006,0.5890762065036494,0.6022670875316826,0.45809286952340855,0.5423251822260066,0.47501634321145003,0
27,45,0.6133840567942701,0.633509648782093,0.6595055169413618,0.5297321997466506,0.6353865650562425,0.6014918841575218,0.5486252510019594,0
27,46,0.6385228112358494,0.6373653584285189,0.6869354919222288,0.5729414851326039,0.5937651468275086,0.6587607071326788,0.6450751092639647,0
27,47,0.7576251491584448,0.7604177413780862,0.8554245363932099,0.5255450675837261,0.636622146310263,0.568187914929836,0.7318018783297977,0
27,48,0.7500007078247033,0.7257066866387996,0.6995751728273635,0.6061826850560317,0.6420345953639087,0.570687205573738,0.7895393601917444,0
27,49,0.8725513602173429,0.7853265179218186,0.7746413082966254,0.4309658288177227,0.6887265841702044,0.6984033487715848,0.6047645462640789,0
27,50,0.8852224764046945,0.813956397493391,0.7232424552707131,0.45115557535662104,0.6497689980746539,0.7245100796310979,0.7404483461147333,0
28,1,0.26164784788947065,0.36954880241689425,0.3506173579234785,0.6609660507384736,0.1350169375934522,0.42456351274206205,0.24218657782836536,0
28,2,0.29656556014684116,0.4217809100401687,0.5823027962402629,0.6398231296772944,0.24176861506044686,0.3337430499886911,0.2693237503066723,0
28,3,0.30373417657694435,0.37248853360465356,0.5233401656339286,0.6335454405850851,0.29646050961684367,0.4175127958846933,0.32918934743465733,0
28,4,0.1654499639121485,0.2862327827687737,0.5614189482593333,0.6604200162673242,0.28980965443395695,0.39173190821469034,0.2622226171232667,0
28,5,0.3219359007067284,0.4876914063811026,0.5635665942888954,0.6398611834882101,0.32512296186200756,0.41420787714252205,0.2734529234758853,0
28,6,0.20441521708836669,0.39684953178141935,0.4313814369351242,0.6815004691339747,0.2866212434619811,0.4998781198773913,0.21413585985429057,0
28,7,0.17832716486967354,0.34828459624583974,0.46774249171958365,0.6984632415181918,0.2765344098337144,0.41760853747392135,0.25856862826774196,0
28,8,0.31718230174399614,0.450731963052432,0.6074715263964645,0.6438090876188675,0.11347385248666794,0.3689708533659274,0.32404356529233547,0
28,9,0.23620883721293925,0.35823866175552355,0.5807312697190178,0.6473715582448585,0.3110714733744874,0.40091988756074715,0.31221438794499046,0
28,10,0.26125953651703593,0.2896035210703446,0.40623187026058116,0.6006612893448793,0.4325070887764959,0.3439628463287568,0.2438209703730069,0
28,11,0.3598220808600757,0.4287086248494037,0.5667499296612909,0.5997437749594113,0.26836270466363743,0.43950921760338785,0.2756855304686948,0
28,12,0.1946373406120664,0.4656993516283417,0.5219519108611926,0.6071167478839482,0.2094209263888147,0.38781056640010647,0.37113257365665897,0
28,13,0.2924708588529866,0.3798233993342327,0.5187661754642184,0.5376708771128013,0.32299293525727324,0.4567320448635102,0.3298307363592509,0
28,14,0.2650483863543205,0.45325970729908155,0.5075993683305331,0.6027616770595934,0.4402080565175335,0.39205054405669376,0.37042092340444915,0
28,15,0.3184899898479163,0.46440762790619866,0.4882744391460068,0.5469513888282737,0.21677400777179495,0.4102443245537332,0.3453109323976162,0
28,16,0.294198364605532,0.35777851010445777,0.5092278265527225,0.5511773657480762,0.33932116988633443,0.41734602651962344,0.26208169318812,0
28,17,0.24624309244724593,0.36850376498812937,0.6029922077702592,0.5983895081329446,0.22086647305558013,0.41263595962026567,0.3699355856909133,0
28,18,0.37143812946602706,0.3939668972519206,0.5640385639071519,0.6821983150754607,0.38901163833868596,0.3764753012679485,0.2796765711539218,0
28,19,0.2599203627427467,0.48818382569511026,0.5002800694729539,0.628486239153149,0.2878335633787429,0.4161866212643751,0.2856346809780139,0
28,20,0.3084108145451397,0.4651324948122817,0.49766342478351294,0.5641861957223253,0.39096374513265847,0.39652055484964827,0.3859211263211294,0
28,21,0.29104418007409777,0.4677087811375106,0.5282544850397798,0.5205168969898882,0.32531420603663397,0.5022854351932307,0.33879421739222915,0
28,22,0.32855653889510394,0.4192370590065126,0.47398500332438526,0.5513076364619692,0.45799576827912125,0.3525250813997325,0.29532339627802556,0
28,23,0.39346908900452043,0.47749290981751596,0.47757827691270377,0.7117612072464089,0.3256925960177017,0.4654668082677577,0.3641892322876108,0
28,24,0.35303058815375826,0.42670549355295206,0.5870599699262575,0.5096242704448275,0.4360985654137325,0.43299466636531975,0.3998851891483911,0
28,25,0.3842124122453515,0.4803806382516526,0.5310744078666291,0.6672601585768577,0.47264350787162734,0.47859550022456065,0.23038493126874085,0
28,26,0.39455622788464173,0.39480270722823674,0.6033722805046065,0.6623871594067802,0.3904548583050783,0.35663841864416373,0.31915437010260367,0
28,27,0.2857870709488779,0.4204871327700365,0.47336923127831215,0.6928870685929711,0.4284250573024937,0.42650468855254303,0.4208737008597676,0
28,28,0.28658642347383256,0.40162080444691095,0.6258718975415981,0.6210072898245029,0.3590561588086333,0.37004421565532253,0.29699806424001207,0
28,29,0.23384708701427379,0.4104246506675752,0.48206436068493025,0.5922391226969258,0.5625746027076628,0.4472578363950863,0.34702125811278933,0
28,30,0.3278850320060176,0.48800764819433545,0.5676430413866214,0.6273553139359546,0.6359879650651376,0.5075562922022175,0.3039139007646635,0
28,31,0.3037640952263596,0.4929125382029927,0.45333688080242107,0.5535332331149613,0.4996344537494077,0.5132834556799013,0.3857322174376507,0
28,32,0.3656418634975379,0.4818248049516166,0.5159414708019094,0.6687801085230078,0.5494927539695985,0.46164421543351125,0.35735369791106714,0
28,33,0.3495298465685344,0.47958429351829845,0.5866958135427026,0.6141316246427507,0.44777958063541434,0.4850982787761761,0.36386224949888396,0
28,34,0.39357336307396446,0.44862588567785,0.6054342153433263,0.6384719500838588,0.5845655781167307,0.44137728935854803,0.3778338074179763,0
28,35,0.36067490671226055,0.4367400525498025,0.5963138167539224,0.6450778565509698,0.5921134170153077,0.46849870740066096,0.35040802458759324,0
28,36,0.3216407164793614,0.537849226754198,0.6333989398189592,0.6954367340680645,0.5465973790807697,0.44607518087011166,0.3790593863152682,0
28,37,0.33694385329995175,0.5528558144462608,0.599805891729798,0.5664666226806797,0.6459724205879467,0.4766694637585088,0.3214948478575007,0
28,38,0.4429401154176128,0.580049245810841,0.6314639537436643,0.6991585189152281,0.6149969275279167,0.5010458076382033,0.3952520893905463,0
28,39,0.4089517077165103,0.4543200996736801,0.6136371110518477,0.707517010837821,0.5386176543002582,0.45893761073391015,0.4052273154619333,0
28,40,0.30991000472797026,0.5513859520052589,0.5324334117983598,0.6211069147232126,0.5233924975395161,0.5398377407456499,0.42665880791420074,0
28,41,0.32035606732120797,0.47925350975709,0.60551068899648,0.6313181422447859,0.5755458826671191,0.4879849379734906,0.42453981157490805,0
28,42,0.40545160808232067,0.4498540396127451,0.7459695543882728,0.6029684408410247,0.5902155804730387,0.5071232762393105,0.368660474379973,0
28,43,0.4474458104032955,0.49387587314910897,0.6217234820099969,0.5077133563711428,0.7054958398783301,0.5476263220266974,0.4659783401048911,0
28,44,0.47274672411691676,0.6494228115958083,0.9054313422372164,0.6650148812367552,0.6848832712817238,0.5634042669612649,0.4364695846589359,0
28,45,0.5220239020378324,0.5598040750763407,0.5495196138859724,0.6385433587900955,0.6415551567043499,0.5713762383285523,0.5228964698141325,0
28,46,0.6082588347029197,0.6296898007984385,0.5641198875831136,0.5364140609486456,0.6024549459495592,0.6243948925544607,0.6015374420872301,0
28,47,0.6916749029025011,0.793891882954724,0.6176577082736306,0.5789316024010372,0.6959979827068397,0.6793332667809342,0.6280844531789814,0
28,48,0.7745558082996565,0.7455351638643535,0.7037146705735356,0.46085331268055896,0.7865853164558735,0.7071883460598828,0.6059238819898405,0
28,49,0.8246744298694125,0.7240185044194655,0.6032798168121969,0.4864311075519264,0.7129491929182619,0.6109827777762435,0.7118044437598295,0
28,50,0.942745631756498,0.8158879395642863,0.628948959021294,0.5562754737728761,0.7654501968105402,0.7334397776831232,0.8445829177929036,0
29,1,0.10043242498209498,0.41690225341339104,0.5034848131223629,0.5470618322240791,0.1238169570094142,0.40366954920913023,0.22029526650590975,0
29,2,0.13613380944126938,0.3638441057834144,0.4501206517953895,0.6357873635948357,0.22055655342560218,0.4328978634931297,0.2942064721902906,0
29,3,0.10864862469967829,0.36128099366343686,0.4771727566402744,0.7439117142852993,0.1460698207749913,0.40325117483415546,0.2927133530055244,0
29,4,0.2176036309444697,0.3849751034748567,0.4899821020594573,0.668877710816979,0.3446426997751026,0.4959749186974164,0.28356730579454287,0
29,5,0.169841116111793,0.4103499704231293,0.448685631995653,0.6761956279313264,0.2573965476633672,0.4247571905592343,0.2294427311720464,0
29,6,0.07644453871154253,0.3765175327983884,0.47018316054645615,0.6372197115852571,0.36679100149671773,0.4569953732832719,0.3680201036317807,0
29,7,0.23095782835696355,0.5010563676471553,0.45997142173884215,0.5721737339521098,0.3031286540286393,0.42961607729688767,0.30921769164034807,0
29,8,0.14849221802134696,0.49183823343875127,0.43580972203260604,0.6611835355544926,0.30345369714382703,0.35224933512148776,0.25926098350032034,0
29,9,0.2101343595384124,0.39504824470347244,0.5084087135372436,0.5325411585809163,0.42055470300291886,0.43615978093697483,0.3283500448648472,0
29,10,0.15287378751919026,0.5116342327476766,0.38182948750953594,0.6367188241058466,0.21730976653352646,0.4137499422801498,0.274095276616299,0
29,11,0.19087724035789919,0.29019854263469674,0.49551580626569114,0.6145826014790015,0.2174434072156393,0.5110609360724692,0.2788770812601343,0
29,12,0.16309419567684766,0.4171216939784707,0.6107700865454234,0.7683809482354085,0.35273835222203953,0.4911996883485885,0.3970213740738541,0
29,13,0.2748176975531763,0.4634200566195202,0.5308791151518101,0.6410204620670881,0.20771498219793055,0.45280596302230747,0.2366126239776852,0
29,14,0.20954908832384403,0.3706960702399973,0.5219020374087635,0.6283060711609919,0.33698297604902816,0.39439392964789494,0.36133411912405994,0
29,15,0.22555893788114093,0.36917801930265015,0.5115170710242809,0.6858376689962072,0.3932106579085221,0.4011353658537803,0.29172209047125774,0
29,16,0.17428450795953873,0.3616466229646736,0.5159276889314067,0.6579883038909706,0.2968968281719353,0.4378696858669412,0.3105750796184322,0
29,17,0.18012556203236174,0.4054391946174575,0.4679785210195347,0.5517494287952908,0.38475109948681824,0.43704446018347604,0.3269404929911651,0
29,18,0.2809091901689764,0.3544882846082599,0.5741484271166898,0.6335388155426713,0.3343045400512438,0.4615841843513971,0.24048083823896074,0
29,19,0.2436523587261782,0.396140112758367,0.48942128447263333,0.5178112114671536,0.35216256500982474,0.4224634011379709,0.2631444806438121,0
29,20,0.28534501335730655,0.4406319754977761,0.5106047182007543,0.6460990761279076,0.3788216622502974,0.3938910391884407,0.29936610067063696,0
29,21,0.23751448359641758,0.4450668358938234,0.548325856599098,0.5285103210029647,0.42891306464509577,0.44957079420042556,0.4622354527075077,0
29,22,0.24487807862805144,0.5886609581104252,0.5487864140652225,0.615942167643439,0.33878468631496095,0.5272133183604493,0.27924492069117157,0
29,23,0.20862738780716375,0.4403331868710989,0.43712474119729583,0.7005876333040337,0.3903321616449034,0.3914455170553483,0.4024345298520046,0
29,24,0.25263551845911886,0.4944708191067183,0.5715824031402024,0.48820186697005785,0.4577214020586673,0.4485693118667436,0.3259485651598334,0
29,25,0.15900351417552872,0.46460854573309013,0.4444926038403483,0.6028496174266021,0.4343758658922927,0.5087018543993806,0.3040193420070143,0
29,26,0.2904478165483402,0.4361295128754732,0.4639875513518178,0.5333710290661747,0.4503052310919884,0.41953579252295925,0.40756784026408577,0
29,27,0.20167160486998423,0.47188131756221574,0.4951767199988404,0.6205129996021282,0.5021593598035113,0.4636614665834362,0.35624822303513626,0
29,28,0.16565020435831312,0.4823918874965245,0.5559952103708127,0.6735738396190052,0.4883486480682272,0.4491025684197243,0.40441964457553453,0
29,29,0.2662630090764681,0.44984252847603223,0.5787230463446248,0.5974106130417343,0.5598530965364941,0.5614681368612819,0.3990969127093003,0
29,30,0.18054442982963048,0.39693111283625027,0.5254907603358151,0.6224738579155327,0.4581075549140201,0.3798932375183523,0.4155795853161824,0
29,31,0.32515453783121395,0.5248761634393236,0.5654283723601922,0.5694201577563718,0.4833516831581581,0.5686794018420751,0.34300059437464725,0
29,32,0.3200703368277785,0.5318843025372798,0.4918468735957638,0.6043109232057546,0.457885670245914,0.46828446895305453,0.41838433354757465,0
29,33,0.32278839448442964,0.4808825624460654,0.7156334495419994,0.6391298530622525,0.4911848858222441,0.4949357363557996,0.3489426881056395,0
29,34,0.25987909515902796,0.4655853195465388,0.44293777776151316,0.6156178886123305,0.38197338652343615,0.45021565824222604,0.38057979960223365,0
29,35,0.2549516802282419,0.4767234799025964,0.5011154893765519,0.6206489911653521,0.5184851843955063,0.4239875011049245,0.38438496002545486,0
29,36,0.27079465819352927,0.604652351814341,0.5477508329320984,0.6032459452776189,0.4986564134475361,0.42185303884618,0.40789486799217023,0
29,37,0.2543077465226951,0.4592879220230701,0.4902539538906042,0.5149350000473166,0.5052236079704484,0.5154667656356146,0.3860489902732622,0
29,38,0.323852969122042,0.5149982405137022,0.6925854315856901,0.6141712642998073,0.5457845404102972,0.4726267789169931,0.4559893365591775,0
29,39,0.2574912851687276,0.5207837768981426,0.505261813226008,0.6520082907568355,0.5758304560485101,0.4651298666096752,0.4096905786043413,0
29,40,0.3016532599388321,0.4708617307666634,0.7643584504099166,0.6293495041784125,0.5242164770129938,0.40708491319734585,0.4492703098397133,0
29,41,0.25753755051881183,0.513414960700453,0.6110803181983957,0.6580371759925717,0.5701850253835616,0.485359506844336,0.39820185378403516,0
29,42,0.3769494136676569,0.5879226375652773,0.5911490403418096,0.5589918040501782,0.581342497813758,0.5414890409367499,0.33787360208075773,0
29,43,0.460218959942199,0.6458061408425665,0.5202359975486368,0.6020275562499737,0.587027293224979,0.5171584943879188,0.48307655043782083,0
29,44,0.41754427884796275,0.5913374413539387,0.6202237081474089,0.5164426936589497,0.6793788604873512,0.5357219513444483,0.4873091196966577,0
29,45,0.525059740069208,0.6848738406452907,0.5866604223539534,0.48815680417619156,0.6344127461720835,0.5860118086467506,0.48696220279512403,0
29,46,0.5992200429894822,0.641710971634252,0.5719241798095156,0.6179204775388438,0.6360923196243746,0.6668905801932679,0.5910235395554715,0
29,47,0.6381301665677402,0.5834418877727151,0.6156249456262407,0.5404574324168766,0.7168837482375622,0.546316298880594,0.6275199146069769,0
29,48,0.7190361621270656,0.7518299607150087,0.7688451121700701,0.6000093758112511,0.7435393939564418,0.7052196794485286,0.6532828762038081,0
29,49,0.7049641990478388,0.763012211104534,0.8014951007922826,0.5691632782916596,0.7662433411485409,0.7223659328996553,0.607222142269698,0
29,50,0.8143106059292521,0.8882947091135427,0.6176531394722431,0.5273941102088715,0.7241898632513091,0.7436060075790651,0.7678535226234423,0
30,1,0.1949412803330512,0.41736550208537165,0.5708507896803428,0.6290285553205168,0.1324296626966841,0.4267789404783384,0.41315381142046315,0
30,2,0.05882965459163331,0.39836715768474223,0.5684483667678741,0.6090603792459213,0.19039454479136703,0.4094517892458256,0.3128094742717326,0
30,3,0.2705840653099868,0.3950003504150965,0.43934830081219156,0.6874610096839218,0.13429214569330153,0.3964394951499208,0.2592162467357418,0
30,4,0.18049859429754608,0.29265173897499475,0.46567294193046005,0.6473330208442867,0.2830450727950163,0.5394269846721386,0.3607448785492941,0
30,5,0.17377885935077936,0.484201371567368,0.4822005514771638,0.5805105658271237,0.21997557187075584,0.3643855880551595,0.26974899544145126,0
30,6,0.2584824630201241,0.38619558324494907,0.420877853071304,0.523773670684598,0.26657418485138695,0.43203129267346124,0.26788436443934166,0
30,7,0.24497397936947674,0.4777273126844674,0.4565898791099208,0.6253341701729259,0.3204962242403194,0.3909942854901375,0.29741839427183475,0
30,8,0.1635848709773423,0.4192249397382811,0.5150081275023102,0.6533050549757635,0.20078681152035727,0.4316985192630612,0.36988670318279043,0
30,9,0.2967560961780987,0.3545464247174879,0.5459736877430538,0.5910112055023332,0.2980340355877953,0.3939891647111538,0.217726327907385,0
30,10,0.272479767560019,0.4303999877736906,0.5442063501940048,0.6329810193787627,0.3142716484907427,0.4604755879543351,0.2922659285522691,0
30,11,0.3271125514730028,0.425701551450057,0.5205794447517742,0.626173070433584,0.28592548890102687,0.4136322018139599,0.31903392621827165,0
30,12,0.23627388625565746,0.38167426467368565,0.5267608263174022,0.6550516966505616,0.29528510840534505,0.3363810781555342,0.3407185772027736,0
30,13,0.19748806022884524,0.46246351211616366,0.42291023594989074,0.682724456919468,0.31355800282116725,0.32475674623113343,0.3227164793631619,0
30,14,0.2229071681383614,0.3895137119271891,0.5134948946398089,0.5908886791299716,0.21459858540869695,0.5032033943338602,0.30418211720190974,0
30,15,0.19792844860225173,0.4675366033726461,0.43310976216324326,0.628039238111478,0.29998105988758517,0.4147290169718834,0.263822023451205,0
30,16,0.2583902523048612,0.44336561131744967,0.47060852631019146,0.6145439358537551,0.39730726585822534,0.3592685721525464,0.32128655132040707,0
30,17,0.20891542412369168,0.44725057564990506,0.48903239719327085,0.546991812425894,0.4324569915241993,0.48980447571659147,0.22758470218204158,0
30,18,0.2948224862954523,0.4225563083481265,0.633840225104847,0.6569801839124606,0.37996793143123986,0.39410686540872814,0.3513720147432236,0
30,19,0.3340118594000217,0.4605069294509121,0.4726618596269685,0.6682806456879389,0.5054914933481801,0.43571914500952746,0.35692065948456464,0
30,20,0.2766172436104355,0.36663827199842763,0.5319629340545895,0.6226146397898367,0.4879398666106849,0.35824984436483254,0.31795582704461106,0
30,21,0.2638610579395804,0.4360329233507501,0.47527186825824774,0.5640436771842345,0.2794487740500109,0.4179392376177923,0.28513224724439384,0
30,22,0.2401662226083317,0.4232204507475747,0.5035456224859638,0.6171100890625777,0.3662886646157096,0.39771069550314336,0.34148832219739195,0
30,23,0.28957294251905696,0.41930897808806894,0.5281797516434462,0.4969620337786077,0.39863583502766814,0.43218228154547633,0.2931269820996744,0
30,24,0.2662379076525359,0.5020229138003246,0.6148442291746065,0.5643124903065313,0.3849153576053964,0.4289705021355711,0.38287727577750624,0
30,25,0.29498912586157033,0.4818131306710595,0.4982510614112348,0.7018331944612435,0.42489532055478796,0.4122043776904043,0.33351798781010805,0
30,26,0.2726925259303296,0.5050778899522416,0.49782579450599346,0.5740601781933616,0.47357584463565755,0.41270137196771295,0.3887270125080848,0
30,27,0.2538699360061387,0.45662786280028334,0.5047857996608324,0.6409385934001436,0.5562678946973252,0.43926476985562884,0.37688881369292543,0
30,28,0.30235251788267725,0.4545397439634238,0.48478077875539116,0.6401083969569473,0.43467549500483676,0.4139599958130637,0.40350866311241496,0
30,29,0.2933446848623563,0.532402830737315,0.41787429251269015,0.6963692482237454,0.40818872305182696,0.471176626970776,0.3259968122939645,0
30,30,0.37404395902794,0.5608108283697643,0.5325142044544245,0.6401284821316577,0.47341947509975,0.5485253418676428,0.2523424776273233,0
30,31,0.2755933170223216,0.3528017989264411,0.5243628931799531,0.7308829274546331,0.439637048575976,0.5029382753282305,0.42053360985316834,0
30,32,0.3215724136500828,0.3873851046729444,0.5010685295779147,0.6744204574597997,0.4916407458222241,0.4831670720721841,0.36985787898415257,0
30,33,0.29762364117008816,0.5560705021493155,0.5621452255544712,0.7216519384748479,0.423501314644511,0.47543261038154305,0.3461156608038265,0
30,34,0.3838684458628247,0.49734048026789734,0.6398267883018857,0.5797867344035633,0.45662993254857703,0.4684052536568633,0.3664673910804458,0
30,35,0.27841804644598395,0.5409325794925944,0.5306013959556559,0.7055646873327609,0.5157646019122435,0.5014214465407022,0.39888548214818415,0
30,36,0.3483097788071427,0.5800166472233553,0.5752128577170249,0.6740766043735805,0.5655963106755312,0.48575248291824935,0.38292393588623735,0
30,37,0.37171376005329887,0.4185917971474464,0.5765112022367519,0.608955327155161,0.5095083893808975,0.5365982189514287,0.3395426875968074,0
30,38,0.4162211582845252,0.44206602145801976,0.44012969882861475,0.6659246328279693,0.5600947636051778,0.5146931242255817,0.38382147840387604,0
30,39,0.36003170062006346,0.5263619835998643,0.5019032285171656,0.6212803172798821,0.5403953808607921,0.519566088082551,0.44344312069703584,0
30,40,0.4871809019511111,0.5496621133181806,0.619734991521511,0.6084462019909248,0.43998086716868384,0.5618977158644031,0.47292568123958395,0
30,41,0.4407503101000123,0.5779541983847375,0.5463357951832665,0.6303903682870583,0.5189787217616045,0.5023958323324554,0.5218871349850277,0
30,42,0.5015586713186366,0.6659645429055807,0.7049683943900023,0.6204671286953171,0.6717797232935605,0.5565067503388115,0.514684636982455,0
30,43,0.5992503768296029,0.6211193693479933,0.6241996512993974,0.6045654546104026,0.7095009261594342,0.6072558698563618,0.6443729361192713,0
30,44,0.5418509007690553,0.7101313944794777,0.6163716513147288,0.5435784654934782,0.5498122093927327,0.5616394876327087,0.5092886291710382,0
30,45,0.656907772321085,0.7057837348631247,0.7730663217905767,0.5920429473224404,0.5762412503987996,0.6562579146377857,0.6197305920149301,0
30,46,0.7183860848040855,0.7383990499757415,0.6537393532004789,0.5319160914056643,0.7621792045763673,0.6099189964930091,0.5923913154769597,0
30,47,0.7058784527488438,0.6689179867844259,0.6939444404619058,0.6212030273595497,0.7063980399616722,0.6733002832938393,0.5671211535210152,0
30,48,0.809960782937865,0.7486971157408896,0.7465463901410233,0.5359215827437633,0.6627164385842382,0.7002212577675668,0.7632281996977863,0
30,49,0.8047984940362343,0.799949567938485,0.8096514950830815,0.4435637267850208,0.7785706383841937,0.6689849913596901,0.7452174397832726,0
30,50,0.862713070689726,0.9118690315260382,0.6670782243769413,0.5376933992241613,0.8653080360838487,0.7564189534664983,0.6963022919051838,0
31,1,0.2204498850298945,0.4038971347044526,0.41258124119902156,0.567634552493182,0.1603110507811988,0.41236265959425533,0.38183477286455375,0
31,2,0.16730659779711138,0.3385429852428078,0.5476881199869562,0.6175195042186938,0.16422640710980252,0.4046602208110834,0.24562448495211495,0
31,3,0.3539733197937176,0.4253432202846118,0.4982908039424846,0.5801014707507228,0.14639599508690904,0.46088448657015174,0.321767708918316,0
31,4,0.2840211886010317,0.4014553469442543,0.5606332514776594,0.6377718201219806,0.2253718472073417,0.3778557694346256,0.28312317038186646,0
31,5,0.2015477338589294,0.42498706978015893,0.43220848825831976,0.6668035001678215,0.2637764801893977,0.36689446205817494,0.28179927382391945,0
31,6,0.16760286242123956,0.3520524880687533,0.5047352131649455,0.7479998438259317,0.21364531495763012,0.4531636999792748,0.30860677038006756,0
31,7,0.2422111570431445,0.38580826689525227,0.4861536646918442,0.520323685833612,0.2615338259080207,0.4747546753311275,0.3010712887389843,0
31,8,0.26677086175115167,0.407822934683489,0.4688452112895227,0.5908241770783158,0.18376937156377274,0.4178460554950837,0.30809993792820767,0
31,9,0.2677705056178446,0.3701573009931011,0.41364422071368356,0.6076068747677257,0.32970586680966496,0.4215691831652806,0.33049920875027977,0
31,10,0.28080451118968075,0.336137098864717,0.6282927484102271,0.5532509931065773,0.3376239397837867,0.42039080026655223,0.300208604981655,0
31,11,0.2613347187064754,0.4414762271640448,0.5916853058276147,0.7044769329558427,0.3189092928066022,0.5210837119584152,0.31324862714112395,0
31,12,0.27359047309920814,0.3937397684287317,0.5318863908065891,0.6501903126505475,0.30606811211584356,0.4574428258998778,0.3544681479663448,0
31,13,0.10856010601977673,0.5077135075746686,0.49996859988457704,0.5706031867500622,0.24955338226083096,0.4213777048833177,0.2856626084341509,0
31,14,0.22524817596167213,0.4528871412029911,0.664525440870217,0.6692342958808941,0.3933558910852743,0.42072949842766305,0.3216332682775289,0
31,15,0.2299765947717623,0.4077134964725441,0.5838186370833154,0.6854175653060065,0.3390446161709155,0.3812421409610637,0.3042204008391171,0
31,16,0.27031460994563716,0.44437015556357096,0.5066502705273556,0.6345026733429923,0.36901407434503036,0.4552431021453562,0.2615234853851536,0
31,17,0.2906466383672142,0.5131355885653001,0.5081651974832911,0.6530504120268866,0.40568911471542946,0.43396861508137197,0.38162038737436704,0
31,18,0.34277372615696033,0.4597216084492766,0.6940096074760276,0.5830830132341396,0.4894446551707364,0.4836149744329216,0.393819366651336,0
31,19,0.31957822460208896,0.5107487081832182,0.4542848949393289,0.6102004230910748,0.24252483870612873,0.43768335115754214,0.2885995903269957,0
31,20,0.42713665733413375,0.5278901753398599,0.43123867243095576,0.6533442980959643,0.4279358652235543,0.43110514566477054,0.3409153801579275,0
31,21,0.21722392081080777,0.3930335322956926,0.5456607702908692,0.6259641516789061,0.34648623707496384,0.40968119300730776,0.3301110375164397,0
31,22,0.2843302009065573,0.5283365415317824,0.48649256166362076,0.6315865880872895,0.37674227425375967,0.48019804732065546,0.29812060588874023,0
31,23,0.2072238693001005,0.5355740119840123,0.5430991928376182,0.6531454749048148,0.4870714941855175,0.4950830747583035,0.30329865561034697,0
31,24,0.38872818808563164,0.4080354143919589,0.6866899957835784,0.6431421491581139,0.3900063336847846,0.4089355307695873,0.3312356462795863,0
31,25,0.2781922660009614,0.4418536378072194,0.46479104456213066,0.6648707116942616,0.4118740227326368,0.4232102727692786,0.32873330324657285,0
31,26,0.3062155499772505,0.4225512455956211,0.550395743182831,0.6169594425460245,0.3656321466110713,0.4419747653246369,0.37656691352104443,0
31,27,0.29465627283373114,0.4940386397392989,0.4746031152110765,0.5630607297084005,0.4279247022023792,0.5326783068043568,0.35836258132691035,0
31,28,0.3869613895142331,0.44845307823982306,0.7012313266100195,0.5893230125827552,0.391296276244922,0.45088190125740624,0.34034578695814915,0
31,29,0.44345319336182265,0.48133132839026255,0.5788974701570109,0.5922872439717847,0.4263398369152922,0.511877917785885,0.271607911370512,0
31,30,0.3045890641735231,0.5355523652817156,0.5217838118921369,0.6449690934364518,0.4716637207632855,0.5268129206468404,0.278763849089354,0
31,31,0.33680001915724717,0.5330346858864466,0.5017740620967874,0.6157492984774846,0.47856388305952474,0.42518298833874124,0.31467458744788995,0
31,32,0.3830319982846031,0.4677353411657277,0.5471424696356718,0.4954235873024143,0.47718957619954766,0.5397888561407742,0.4346494924889803,0
31,33,0.4185085542760375,0.48295840879172075,0.6950821364018266,0.7269228932479772,0.5240322749852157,0.6314485775173604,0.38607659570894715,0
31,34,0.40063520651109974,0.5321873915081553,0.7543398966794456,0.5802733094984996,0.47727779408890164,0.47029610464017585,0.4977820579831165,0
31,35,0.4416329610886012,0.46816317514852324,0.5246174994893977,0.6947032016785439,0.5848999016443969,0.5317968783017247,0.5549178491337434,0
31,36,0.493900366498693,0.5798642691162739,0.5739995893950117,0.5686380884651776,0.469106215737707,0.46730925261936845,0.3960384851261335,0
31,37,0.4474177116416059,0.697031448268641,0.5747402142827083,0.6842409944069521,0.5510967394280716,0.4768239947873095,0.5670556115699401,0
31,38,0.5099757489643597,0.601741196193937,0.5735847606312076,0.5670541126182511,0.594184034560737,0.5508689422823237,0.4326173349923621,0
31,39,0.6202447133458886,0.62666930858449,0.6251934417849664,0.5127248358695827,0.5658254892767144,0.6521902624719551,0.4872682800170375,0
31,40,0.6172120124038389,0.668145295060832,0.607973155567072,0.5417505008942678,0.6167996463325398,0.5690142708171593,0.5815239861542084,0
31,41,0.753285058730135,0.6886047395633567,0.536504918875586,0.626924001993178,0.6196249043589712,0.7089486490992237,0.6591938416728845,0
31,42,0.7105353429331738,0.6637879568983198,0.681674072134743,0.5919876602898086,0.7133514409342192,0.666417434301455,0.6100923387384986,0
31,43,0.6859796596037367,0.6319161588912257,0.593580573144871,0.6341547495216263,0.6566865390949059,0.6429147796646093,0.5999119012418784,0
31,44,0.6946663630731027,0.754624207333171,0.6969167391057363,0.5661003226682041,0.696366303119049,0.6269727299850218,0.574796802068194,0
31,45,0.915144211895797,0.8237658150783084,0.808669922539528,0.4938093058665005,0.691284869740073,0.6208032889522701,0.6028244666702769,0
31,46,0.8599113566729988,0.8106848873938175,0.6580775922674109,0.50968246556198,0.7503759617447664,0.6463276207168236,0.6931031217654461,0
31,47,0.8429391122842025,0.8001453666226096,0.6913459597399862,0.489798667606014,0.6521238660516196,0.6101141227058388,0.7040816105345361,0
31,48,0.7841689411747748,0.8198772336347844,0.8031527563654091,0.4069388310135764,0.7186222768489697,0.7837962243086329,0.7581113366021544,0
31,49,0.915890510193529,0.7876322079076313,0.8077438660588742,0.47002366543252505,0.7463894819067106,0.6879133377623288,0.7513674099464491,0
31,50,0.9015871011857007,0.7850292733939899,0.8048223621551698,0.5162313982329213,0.6672937838394651,0.7777410711053345,0.763090363922037,0
32,1,0.3132678847398622,0.37793522388972944,0.5740100570358928,0.6273754770684392,0.2394580054704015,0.44158145863989523,0.3446365162654763,0
32,2,0.23646045280132488,0.3631366478000076,0.4997172096683617,0.5743939135352452,0.1548684679204192,0.3163973765350979,0.20773686210856449,0
32,3,0.22938271433532834,0.4929730149910572,0.5330208220808906,0.6170145187018337,0.13696369299072597,0.4244334447788024,0.3824091883484115,0
32,4,0.27951965945169616,0.34296658170474925,0.4393984258325593,0.5688444893964524,0.31268929564176207,0.5071860218054379,0.30019464174837934,0
32,5,0.3468432516498664,0.35407132295675225,0.5116276329320256,0.6477779599727678,0.19323196356941608,0.39520428893043463,0.2573131210406199,0
32,6,0.36872609066967155,0.41133962651182804,0.4908246989070049,0.5840095355004022,0.25410477880701976,0.4008889124281605,0.290748487882239,0
32,7,0.2563420796772988,0.3987205968692951,0.49821818604493867,0.6009461939164317,0.23651312737902735,0.4679098301468403,0.20966319855117788,0
32,8,0.28698419997696706,0.4413008787993257,0.5635554448204213,0.5775164503981657,0.2171384866292455,0.3795865357673086,0.2884465985085706,0
32,9,0.254619625555776,0.44379658200891525,0.34864551467971605,0.596865967881485,0.35102824205669375,0.42405143554835323,0.2619428181916917,0
32,10,0.1360065986634065,0.365409901479404,0.5900068960758807,0.5850438339862261,0.2621273382799265,0.3174093906481796,0.22445811034437194,0
32,11,0.32187243084989525,0.35372804842802846,0.4734599325898745,0.618249659420073,0.22723233607059468,0.33519280582432,0.30063948062802826,0
32,12,0.32420059280331487,0.46496186927710736,0.4104509916754123,0.6234741145896163,0.2918929181462527,0.43243896572514035,0.3006109183182932,0
32,13,0.1473182041060369,0.4818914510285337,0.5438993115832562,0.5309426127478095,0.3453878991795653,0.4158347596499265,0.2928513841791135,0
32,14,0.3286542504494304,0.3864088214241901,0.4456215719736579,0.6879046886363598,0.31526711541399655,0.4322256805003896,0.3510232060138333,0
32,15,0.28200006818447293,0.4442857634861418,0.41610356782753644,0.6332659428060928,0.28965731244911797,0.48377362962275744,0.34633316634249545,0
32,16,0.22865979438908934,0.42643023024130905,0.44319134077100053,0.6177881658213784,0.2050832193866157,0.36535838658123787,0.38105168044200943,0
32,17,0.29491693444283384,0.3887628338656889,0.4513022257689035,0.6320093453053115,0.33238206142445925,0.5211323591658639,0.31496181399948253,0
32,18,0.24678255341404864,0.418765038741143,0.5411893983547591,0.5976328573272088,0.33286228798554607,0.4615454812807661,0.4025411640780495,0
32,19,0.37701704099047406,0.4704801188759391,0.6063047362267495,0.5834168045992018,0.3585843503009359,0.43646132146176675,0.3567138618281988,0
32,20,0.3296605363724117,0.4858353288687932,0.4925667966113039,0.6731226531739475,0.44094856653115205,0.48187481729623316,0.33870848917406066,0
32,21,0.2823075035548927,0.45451811321801044,0.5546357333777585,0.5402290602109109,0.41747505517637123,0.3869590637159092,0.31320408510452846,0
32,22,0.2940709075851769,0.45132770193101596,0.5398589893305354,0.5707891016384695,0.4320784675294599,0.4125921748346884,0.4515987187367348,0
32,23,0.2756430195673156,0.4005829116893114,0.617130632528881,0.5954509010168928,0.32517417153020195,0.49488563735638835,0.31902130561109593,0
32,24,0.38458602809962356,0.46612317694042726,0.7061135176979734,0.5165154504240066,0.36692299548369156,0.4408024997698021,0.4554586764304061,0
32,25,0.405842270186513,0.4152938029627045,0.49257396821606997,0.5702863978915728,0.37799438671755425,0.5296352303637987,0.33281164383020784,0
32,26,0.38372706616298874,0.37442360129830127,0.5452852074888397,0.5541876962796247,0.41633510476650093,0.42707896530203937,0.31570096269843717,0
32,27,0.3596683969364428,0.4492089705383008,0.569147904009381,0.567883127548787,0.4838951521423657,0.4474900488921197,0.3260168218931052,0
32,28,0.3401378537934831,0.5563319628422961,0.5403680360928187,0.5513357878313937,0.5071291440071029,0.4356035782104123,0.36698795021762354,0
32,29,0.4198463926239757,0.4358620121677018,0.6442500585004276,0.5570443649282728,0.44342561685707127,0.5305997892953391,0.363808711239067,0
32,30,0.34595070435491637,0.4808521426480337,0.6813604490434173,0.5291646069954639,0.37173499800910775,0.42222459113952954,0.39866863447366635,0
32,31,0.3928601796449182,0.4969353347244447,0.690607316324137,0.6827290955307423,0.5008430142498665,0.531356646757648,0.38754519705574336,0
32,32,0.33687743796437414,0.461731719815346,0.5583948287817018,0.6245011043209763,0.3658882641147945,0.46632198325380025,0.3836290884774723,0
32,33,0.5065477709421347,0.5190826767722635,0.5091305986626598,0.49891523698391166,0.5502206574867429,0.4477456320261294,0.4471418488580674,0
32,34,0.37910398851785854,0.5570946279379482,0.6748835687237541,0.6631423595168169,0.39821723378537266,0.46241739776031476,0.3613909747124789,0
32,35,0.5080740579910921,0.41410540610296864,0.5749417865070512,0.6440431898204664,0.5478785594734473,0.5263133459749931,0.42875031566406446,0
32,36,0.517654935622293,0.5712046725617562,0.650667816423307,0.6317899954577276,0.5591516851497945,0.5876454182292415,0.44985376659321147,0
32,37,0.5734604102877275,0.5945189777194628,0.6539852060975904,0.5081329191030243,0.6764477653166627,0.582325120683182,0.4758001554500437,0
32,38,0.6345653973384298,0.5527115108968071,0.7890955377354448,0.5412077036060401,0.6872303128763367,0.5514763107463642,0.5908373354410155,0
32,39,0.6127495457441523,0.6676374665085283,0.6887453995687076,0.638045710019473,0.5697516731119062,0.5788404186424906,0.5958194287999037,0
32,40,0.6715347798727374,0.6360419880111126,0.6684111874607824,0.5710730129848669,0.5667030109529022,0.5754653403938776,0.5622466126038353,0
32,41,0.7526445243065293,0.7170977778408182,0.6858986348945447,0.5142112290368299,0.5795586144861228,0.7010905517640206,0.5261057281963903,0
32,42,0.7231551625342512,0.6706338174258347,0.6070457364795848,0.5069062016596109,0.6112096998617584,0.5808253565451111,0.6645860196590466,0
32,43,0.7100176717594368,0.7111479021933602,0.735556913370644,0.5273228176365452,0.7131188777105548,0.566642661282172,0.6783651816058207,0
32,44,0.7649071092292308,0.6907492837767574,0.6144504908640611,0.4419996838510766,0.6282333998630129,0.6734836610301176,0.593336078884767,0
32,45,0.7529544612749279,0.7257583341247842,0.6878149144136354,0.5282664255054341,0.7509563807631127,0.7204627219045744,0.7632731252694661,0
32,46,0.7867135308000005,0.7995242578529878,0.6918178149132482,0.581647188190954,0.7164268058068897,0.7508602105018399,0.7367358056966344,0
32,47,0.8400141463821325,0.7793269577015864,0.7138322579702852,0.4336464713810056,0.8073061553297319,0.7230693654421606,0.6889486437959531,0
32,48,0.8601893444794595,0.7118932765772363,0.8173158827025531,0.44128638601304015,0.722253472062561,0.710006152039188,0.7470732672369381,0
32,49,0.9518502981301928,0.8508946263281014,0.7030473752560457,0.5296546134360595,0.6586670017969937,0.7917068849226415,0.6792717588090889,0
32,50,0.887964014865478,0.8064916857067174,0.7709399890802436,0.47427451408903987,0.8326547754887373,0.7388450507981399,0.7478545135385704,0
33,1,0.3131951569617895,0.3356614552992294,0.4539543800102277,0.6484873891210623,0.2302019951616224,0.36888092293006186,0.3200563294653312,0
33,2,0.33654295149038327,0.4216724578124811,0.42396528845479947,0.5882553979121953,0.1852123631282826,0.43079383606511656,0.2750011550993755,0
33,3,0.20523865548643738,0.42525116671989305,0.5248365805194914,0.6263322534323019,0.24324391153762764,0.3932540426237482,0.2969996178887572,0
33,4,0.33727996883492334,0.38597957745200817,0.46976397770291317,0.44837363615050596,0.3001216491790819,0.46493026768874063,0.2632086015361754,0
33,5,0.22438824063807988,0.4252198931239712,0.501746148643624,0.6614955210564368,0.250186588302091,0.4753379416058242,0.31147875701961236,0
33,6,0.1812674422514693,0.343882721475127,0.48409538310786615,0.6847741270940145,0.3668317835640644,0.4201882108806561,0.26502099680559105,0
33,7,0.33252980100122437,0.38069047124027616,0.7182834268550709,0.5756357647979292,0.3893165058116399,0.4672183691793733,0.24678678003393167,0
33,8,0.33152063912508956,0.39953739037417085,0.5714587897386609,0.6689574295609196,0.3077803100356479,0.4303763315976247,0.24205299553469367,0
33,9,0.3053548459833583,0.3195974564481088,0.526246472119394,0.6141919241113913,0.20320243575290275,0.41594968046541214,0.28780768265828505,0
33,10,0.31115753010643454,0.46780226256573,0.5077529286856546,0.507565008989895,0.33034051092929745,0.40109066352062295,0.2892199935006045,0
33,11,0.3073900059936342,0.4718589180811226,0.5828916675932238,0.7151713704671099,0.4026775674772467,0.33310628848708884,0.24891897195354346,0
33,12,0.33894813331704565,0.3865459108100424,0.48495737677092493,0.6070041540843527,0.3309542412854451,0.36253394759967716,0.24825682686829567,0
33,13,0.37088890960528953,0.42253012983744576,0.4653838205532578,0.49110747917974185,0.37416053510361674,0.401403417530476,0.25642815421241394,0
33,14,0.24259657224046788,0.37833928897730734,0.5056805884664094,0.5474754977143605,0.3371424822528583,0.4272776130040949,0.42749961445922635,0
33,15,0.3262255843131853,0.43770024945204783,0.4518609817253796,0.6257151438468477,0.38117566198440295,0.4458245741278916,0.3882231442409919,0
33,16,0.27963994215743015,0.5053528023615472,0.5894418433284695,0.6524307026759772,0.4179929243911676,0.3465721060649115,0.3613805331361411,0
33,17,0.2924166044887794,0.5656618558945614,0.540944427484344,0.48843385744948753,0.37587631987602527,0.40780699850053004,0.38244976369647593,0
33,18,0.2990555091837566,0.5119225959131448,0.5945615914185518,0.5703248007390739,0.35287729516634914,0.471045839538204,0.30858683686136895,0
33,19,0.33438786421079036,0.38611007079813053,0.3741064262996122,0.6343480917399222,0.25166600304228887,0.39694806484276396,0.2408208820525714,0
33,20,0.35746937150353075,0.43088459174699634,0.5139119681172314,0.5410458929825595,0.3406490546696863,0.46682275796050937,0.329395636734675,0
33,21,0.3880062134038619,0.4319890070870894,0.4039425499855655,0.574601306056027,0.3831386431476385,0.41057564739979424,0.28186878943331234,0
33,22,0.46486676793423026,0.42279059689818127,0.5350035903255758,0.5412778473661407,0.47260406330249083,0.49453715216757116,0.3774867069732959,0
33,23,0.32558454506282586,0.43467910900771894,0.6564914972320655,0.6579636861766736,0.27384669071935036,0.47494104878185045,0.3107150969615202,0
33,24,0.37096113626857485,0.3653728617988601,0.5572181119346834,0.6326376636350964,0.43780774918788723,0.4823764425956654,0.4171982979910866,0
33,25,0.3552965358212894,0.5123983777094112,0.6969918506512838,0.6749042452500853,0.43737236760848547,0.4766265274884459,0.3578021879699129,0
33,26,0.4660101543728852,0.42014733128417836,0.6224434079769889,0.6124485834379656,0.3451748497916766,0.44698411282067463,0.3202612083123043,0
33,27,0.3659166239304948,0.4090986568176016,0.6461705539442801,0.6854080402685434,0.5381633319257841,0.4696482332034058,0.34841334658596557,0
33,28,0.33607786175152105,0.4693029777359918,0.5325025470475044,0.5323379409686048,0.45964733029034444,0.4371516554128349,0.3406723917990848,0
33,29,0.43217826949689747,0.4229614954726011,0.522840924940945,0.5740950382184113,0.4111891647320605,0.4308715528175114,0.3455774858592403,0
33,30,0.3881739010368081,0.41515715004583753,0.6385912226742008,0.6766647383886223,0.4159288609634178,0.523205544595978,0.37434692062981384,0
33,31,0.3936556150215318,0.46931146021872394,0.5877555058136984,0.63123893138787,0.45875443686366785,0.3621086620419308,0.38695912703159635,0
33,32,0.4182489432798285,0.49728375311378603,0.5268635052190793,0.68137929146464,0.5002904997101943,0.47298214236890435,0.3562944656618429,0
33,33,0.34728827634278325,0.4596662731270472,0.46618653984440017,0.6636038646394703,0.46207105961853967,0.44269822091368394,0.33995316839214096,0
33,34,0.32401363356460894,0.366237736694887,0.586439282617494,0.4931865376277774,0.5572482670386427,0.5455263874767574,0.3601888098032484,0
33,35,0.3889387918204052,0.5609620579538935,0.5240647503520753,0.47810709143413266,0.5102052953536099,0.554398159670537,0.3977484152970209,0
33,36,0.4101966712618028,0.5321562419226277,0.551606849275987,0.7775834051205428,0.4929549226088308,0.5205255361022374,0.41169686182409004,0
33,37,0.3761295994301825,0.5371049323739683,0.5693351521322969,0.6402843036036363,0.43484195877773857,0.5045999327581051,0.3905648422041284,0
33,38,0.41899620595052,0.4683391146437875,0.5193668247281568,0.6054868681016534,0.5141478093009022,0.58222647805216,0.42439353644217953,0
33,39,0.5063664129106082,0.46975716942818435,0.5644618757225,0.6738450316958792,0.43280068736614313,0.46274870765295156,0.35273330745164166,0
33,40,0.4266540969608383,0.4901370317333824,0.5553446891274709,0.6839078823581267,0.5780891558200424,0.47807125050259713,0.391393529573007,0
33,41,0.42038531164677145,0.47087757475171477,0.43197006379722586,0.5339637575579028,0.5409784462952143,0.4719811578022926,0.35881892701948814,0
33,42,0.38692621057215076,0.4534755364932285,0.610085068475019,0.7021636698126807,0.5115699441352072,0.4909857931853906,0.29394976709230913,0
33,43,0.4506244325098187,0.5963232993966375,0.536512800142839,0.5577006381807337,0.6024985702470003,0.5098319583352703,0.39476564858448876,0
33,44,0.5315056663640197,0.5856348046764596,0.5867198768047135,0.6197316270624041,0.6967641202489137,0.6203387404032841,0.44073116068125046,0
33,45,0.6369689871084504,0.6690601638063373,0.6322351175781709,0.5687775536030691,0.7011428787428396,0.6140679586361477,0.6019526948597611,0
33,46,0.6688503258602727,0.5377184321114009,0.5497006512292155,0.543011570355663,0.6012697974585606,0.6362176393827734,0.5029878408099413,0
33,47,0.7158058436961974,0.7613260430588612,0.6437343986797361,0.5804780604162126,0.7014090343180297,0.6698533131612529,0.6558218637169352,0
33,48,0.718803553833874,0.7298796223343853,0.7087364382160826,0.5571605539891668,0.6677466912867513,0.7109117225870972,0.6588143042490829,0
33,49,0.84541799863826,0.878271577142786,0.7804620080618104,0.5895740600005308,0.6718381151505286,0.6486029598352544,0.6688844402614933,0
33,50,0.9243404101321772,0.7977475016593711,0.732292906302536,0.46569122213282915,0.7458763094525821,0.7678830014139095,0.6721208102002901,1
34,1,0.24579879399933463,0.4388115742975294,0.432704468619181,0.6186385082036762,0.1466093539768564,0.327894951498786,0.27500078676026024,0
34,2,0.27525906979017106,0.45095148121903533,0.6329978784675736,0.6256117570365926,0.279152949918536,0.4427481325053317,0.26604431930624706,0
34,3,0.36076721181073546,0.34534489053594386,0.6015939637992439,0.6522084577557351,0.16843923288515847,0.43979991809094765,0.3944455530642665,0
34,4,0.25740694264990704,0.36480096209076596,0.513414562612125,0.6100691762618098,0.3079842431385638,0.4625794568210902,0.20578791992357892,0
34,5,0.27768804741326103,0.40485540680140336,0.5254260109982462,0.6919237403165961,0.30366757781276127,0.3895128629656352,0.2900694016155166,0
34,6,0.20615029701129955,0.4001314746199455,0.6387328099291368,0.5172773963750151,0.25255629238039595,0.42559309272951623,0.309986773588216,0
34,7,0.22258706591663174,0.33927011716026867,0.6043653630832035,0.5610388415382885,0.23302626850080962,0.5350316299306487,0.26148721716117723,0
34,8,0.35063317928790483,0.46158600934896216,0.41958965500694234,0.5771988531379101,0.2901418385751191,0.5276508728691646,0.2627244670679402,0
34,9,0.3220213165266797,0.4443829113674188,0.5620177803011915,0.569218648109912,0.2490771117839357,0.4433750599900984,0.3665155656314141,0
34,10,0.3035275004524385,0.36470357814302956,0.646425878232457,0.6292557768285025,0.35466528677340453,0.43549486040338004,0.31026335326217064,0
34,11,0.20070450197200113,0.48119526059179796,0.5230640749983694,0.6323856873791971,0.22405677486797543,0.39024679111031885,0.3617151000567493,0
34,12,0.2807788947680019,0.45477416441815277,0.5325017452877123,0.6127682635953364,0.41911754121069916,0.4141399176988624,0.3732356318508743,0
34,13,0.3145981293383885,0.49240085865165395,0.541109414889612,0.6142143482052631,0.39976653037892196,0.5006631126885945,0.3738981660576938,0
34,14,0.34105142674355,0.4370058596534985,0.519959572214016,0.6565867780383607,0.3416334123502717,0.47349037086635903,0.3030019096122504,0
34,15,0.3615898050452708,0.456126329525742,0.5585593663594804,0.6894368784496139,0.3963012672161294,0.43536139732268564,0.3685155190411648,0
34,16,0.4220889350316459,0.4864863905523483,0.4818073477006814,0.759842641367016,0.21787760984061028,0.47426773703345215,0.28678763352773573,0
34,17,0.3424828987213938,0.39451022674564395,0.5085453701446292,0.5771641124800645,0.3346533812857953,0.42736761920552474,0.2866422065649473,0
34,18,0.3530038036269661,0.38698468043620166,0.4127211865869202,0.6386573871289742,0.393915233067172,0.4817108380980617,0.3543587190797064,0
34,19,0.3868959898031926,0.5733914098207789,0.7474453037783061,0.5145138447413172,0.23917168212584927,0.44623043510766425,0.3546116214940161,0
34,20,0.37582161775951745,0.42848789623008127,0.4834234465610114,0.5874265484089374,0.3679898978561478,0.4901756172030075,0.3076629651667085,0
34,21,0.3727534376588471,0.4346601801227405,0.6117697385451772,0.5648296260658964,0.3208181746120708,0.4646314517009171,0.35481442311323985,0
34,22,0.41502236552300076,0.5434468404885113,0.4912502051011499,0.7092380403638714,0.25507206967995666,0.5046056133359013,0.2943118614435792,0
34,23,0.3033787961587962,0.44637562326866026,0.48009190824207115,0.6071671581330751,0.5167954417358267,0.4468031101703297,0.4453150811962919,0
34,24,0.4296308306469696,0.3711153696743599,0.5183443661235266,0.5878334008804785,0.5082623360478286,0.4628624393018037,0.23799584151762526,0
34,25,0.3080094829876594,0.5017025147056084,0.5963505238559393,0.6019760340223328,0.3920894123829457,0.4908194120425026,0.288523845378402,0
34,26,0.3808684953001411,0.44387052034666175,0.5694374575532001,0.6261256611844811,0.46384516968539247,0.38969488457599527,0.37832509902643513,0
34,27,0.38189016648485175,0.49026079254957505,0.5355056477813166,0.6734799539757825,0.4469148276787913,0.40040293587726944,0.39121080774416306,0
34,28,0.3835815826710486,0.44358885749765103,0.5134311975206701,0.6303193249955723,0.4094427085509204,0.48481030070639164,0.3556398316311001,0
34,29,0.46386461743720625,0.49042173921062715,0.5992517175136267,0.6997779324653175,0.5502281034520102,0.5004588379102007,0.3567888290799446,0
34,30,0.4348032174371385,0.5522944331821736,0.5901933417053561,0.40289017440523045,0.5326385118982837,0.5303140881735696,0.3759823685745539,0
34,31,0.48337999661108094,0.4806724864728551,0.664678034656977,0.5282992107005896,0.4912174936507074,0.4881585800135696,0.36889330978186535,0
34,32,0.5450132143483258,0.594717528375678,0.6366391037275864,0.49737508436979105,0.4287124271647642,0.5165867168575036,0.4275752044675621,0
34,33,0.6022739727206754,0.555006051136818,0.6342471527529224,0.6531866763351677,0.5263844635020868,0.650100934482575,0.4013900805303887,0
34,34,0.48737957041206936,0.6452285664952783,0.6627199242387836,0.5560465374107975,0.4854717653288001,0.602061916334478,0.48561482054955174,0
34,35,0.5590264322653777,0.6100550269912453,0.6378855010844715,0.5460315808071211,0.5428730896018943,0.48587178930682184,0.5113575150994056,0
34,36,0.6390550032879825,0.6351881142237678,0.6181905078360926,0.6713791082698365,0.6192776396985553,0.6267838368219857,0.5783382482669959,0
34,37,0.636453959605639,0.6579717374357434,0.5570209444378077,0.5054250879181416,0.5019978229794259,0.5642210825305273,0.5082297992133332,0
34,38,0.6520409416241719,0.6318451411206921,0.7305133336445199,0.6886048317044692,0.6215609334683323,0.5470641261056013,0.5763536101717013,0
34,39,0.6600798110284241,0.6109286395931833,0.625556771167503,0.5519412349757442,0.6566370878777531,0.6197164964116977,0.6544179375812074,0
34,40,0.7208138634238779,0.6560797860741974,0.5957254173576869,0.5231976978366375,0.5806183758864583,0.47838944171210535,0.5318292804365088,0
34,41,0.7455421713219704,0.6699477202762234,0.706537065810671,0.43496964149971584,0.6537519499442671,0.6825789609834612,0.5953268113411831,0
34,42,0.7339281774134467,0.7701196214882865,0.7070432064176195,0.4618579160515165,0.7931012290119018,0.5682834872312217,0.6083581187454262,0
34,43,0.7303381468848624,0.7009315746480249,0.7437652937979211,0.6191710171479587,0.6420907792432697,0.5927363005516234,0.6635580527895122,0
34,44,0.8216701078864759,0.7547087297757714,0.7016507835385509,0.5424107904037877,0.6685791931521511,0.709025229830117,0.7701708011222504,0
34,45,0.8368357221884962,0.7710974161105904,0.6737715608876914,0.5772030500923762,0.7201662367187808,0.6467590982935176,0.7229729061695153,0
34,46,0.8161745461416064,0.7932671787928872,0.7467112143683876,0.5837120452883766,0.7578058604827519,0.6745908573816054,0.6733869575271496,0
34,47,0.9103558655270189,0.8172572841056438,0.7615162458738761,0.5154238486090852,0.7819394559840022,0.658606644425771,0.840083216086002,1
34,48,0.8633291948633462,0.8197136404598643,0.80480088974051,0.4946900275818609,0.646639183232354,0.6526381072678813,0.7623394298259732,0
34,49,0.8747492799078065,0.8546765199553921,0.7454302504728959,0.46868795923240786,0.7208812885519523,0.6433201789230013,0.7785791932618777,0
34,50,0.9479419427491752,0.8625566481337068,0.7533404203442917,0.46293819272628767,0.6454163032122164,0.7475017270759994,0.7774279092499854,1
35,1,0.20519094897960452,0.4166235880262884,0.5084431216927013,0.7182839312295292,0.25128647015630173,0.4160358455162979,0.31951393780482823,0
35,2,0.210412462773061,0.4600181898655511,0.44033594853016367,0.6213985788832975,0.2893826001589763,0.43824952790874455,0.2667473507315611,0
35,3,0.09823547793724283,0.5016090594880374,0.5263958274875569,0.5849556116548242,0.24796741334779046,0.37681629308483244,0.2712399361301867,0
35,4,0.14468914581870307,0.2951507527081039,0.39456398254398156,0.6812772658362476,0.17678708232739812,0.45234460559014394,0.33823236949226076,0
35,5,0.20402446443087474,0.4096511460263832,0.478836574343312,0.6922345557233978,0.35759203244866955,0.4994905915185478,0.18542183826132164,0
35,6,0.2227607819859861,0.4287528980211272,0.38868798236085667,0.5153933803778621,0.33240738497752353,0.400444034069511,0.22122968307733842,0
35,7,0.245676557212539,0.3670726156768252,0.5281137949528835,0.5612763582352098,0.1583479923569588,0.5010190081610661,0.3181094955644488,0
35,8,0.20368473896284783,0.48404501845376174,0.5542071031870108,0.6888087818981455,0.23697843935064802,0.4337333270089789,0.3209099457998266,0
35,9,0.22857621959674632,0.38421948300583747,0.5423341438251552,0.5407163501689651,0.3153182011548235,0.4481356600871455,0.2932345735746339,0
35,10,0.21870580186027944,0.3824934629336357,0.5540608308352075,0.6552208403092623,0.259563785671458,0.4043473853878471,0.2968513258119772,0
35,11,0.3168087805410417,0.43442378570971035,0.518622016348305,0.5640365015786583,0.34333936682219846,0.4048197550027792,0.27596263444594804,0
35,12,0.2635189610965232,0.2960276195432221,0.5081560465364984,0.6275311772328572,0.28762423065313036,0.4448181832844902,0.22071559985454947,0
35,13,0.19897941312841472,0.4379123560883575,0.2950530640035377,0.5693872359656296,0.2016343418480368,0.42606879137343256,0.4116949628977925,0
35,14,0.2459776827803849,0.46836154703941163,0.5238914590467402,0.6071004937886396,0.3815987554487003,0.4631943575255903,0.3308312880783226,0
35,15,0.23764958981057516,0.47485854426158314,0.5004476166084579,0.6938751727613608,0.2721712180226431,0.5126891977252889,0.3426020041544209,0
35,16,0.28400175677454365,0.39908485508413605,0.5279399638043233,0.5908023717712849,0.33602527015201533,0.48947153969049334,0.34752558260733435,0
35,17,0.2087480029640064,0.4477387805132667,0.5512230988827044,0.5795333012367742,0.4484789289789223,0.48447474686347974,0.2929211817307603,0
35,18,0.25436216436126596,0.42020727944629205,0.6167310245612244,0.6790713783796932,0.3641041708100834,0.4790952780444607,0.3679487613172275,0
35,19,0.2894837590153828,0.4691093777046141,0.5645324006554219,0.5732717702914525,0.33033741455923626,0.4321702669156975,0.29406678604765557,0
35,20,0.30675042309438033,0.45932040634345006,0.4382443396595218,0.6055449972963478,0.36894285096484236,0.45709722142549697,0.2779038775676171,0
35,21,0.3025390498486238,0.36790189938656886,0.5173135554861735,0.6004353688545063,0.3816029409063929,0.46203588105889254,0.41452853089057035,0
35,22,0.3239819041835658,0.32159210469343114,0.6327597804172123,0.4974278395677706,0.5441836782820875,0.43131160852614225,0.4017191530386518,0
35,23,0.2619283704817079,0.43181253909061995,0.4781988725807406,0.6672422099866573,0.38159191374689194,0.4112508235974633,0.3666638005978077,0
35,24,0.2709037104593282,0.4577552932436097,0.49342993575171123,0.5905070791448038,0.5080989920683675,0.44338823998574267,0.32441865201081943,0
35,25,0.31367557447188166,0.40330681586630684,0.5699050780320871,0.6353492114035545,0.317680676955553,0.5447127801704381,0.41804067803816036,0
35,26,0.23843149816206416,0.4690025748512621,0.4417895698518098,0.7018569772221354,0.4058927758548565,0.5374903464154408,0.30637983148068665,0
35,27,0.36151345537579666,0.44403802601805853,0.5622464220223019,0.6855595253382808,0.40963715294995007,0.39471304547261543,0.27726447018462114,0
35,28,0.3211917443968092,0.5158831586540545,0.5256168696712187,0.5341557645439674,0.3108348616231055,0.6025981267175851,0.37914615092687515,0
35,29,0.3192848130626192,0.3938330525883782,0.4907589606325867,0.7245998076794745,0.5005008371511331,0.42242011711860317,0.2940592335958381,0
35,30,0.2931812926857844,0.5704573017923352,0.5348212836823832,0.5486268929520193,0.46648385818339494,0.47521692341890004,0.29397267112063147,0
35,31,0.399189098850983,0.49372404035301437,0.5033292488943318,0.5825534880315053,0.38518412711457406,0.46861300019963514,0.3942342359367338,0
35,32,0.4655187849792621,0.5451949271535097,0.44475320532122814,0.5022356750609751,0.4403871432663423,0.5672687941474874,0.4439365617180943,0
35,33,0.3988347179464946,0.5138969621733147,0.49404576454718485,0.6238381783521506,0.502372767127836,0.4901806761901927,0.5009882563383562,0
35,34,0.4946638020112174,0.4637581717047742,0.7806630943956426,0.5747466294375351,0.5712881842535845,0.5585326932163733,0.41591311586218066,0
35,35,0.5014553648283712,0.5262951559000926,0.5545280319263152,0.5941469808376559,0.5366417917103085,0.5981803143162863,0.49660959972344443,0
35,36,0.5179995801251691,0.47841020325302264,0.5716710889886352,0.602983546213419,0.6252076443992614,0.5518170381613611,0.5550833785703114,0
35,37,0.49306968717669436,0.5925318010356448,0.6544561847033666,0.5530818668286182,0.6648774106749956,0.4996970266187189,0.518671989187886,0
35,38,0.5316042850976828,0.591383842891347,0.6316647854389762,0.6230056250528248,0.5577234058626145,0.5149920358926305,0.5810911436115561,0
35,39,0.6274599822856899,0.6750808722776578,0.8007065372940233,0.6354697507078213,0.5589837977160822,0.6052562555044363,0.5163827068049656,0
35,40,0.5362325669209252,0.641599102811435,0.6973904954355243,0.5588958405491185,0.5511807529479358,0.5188966524242034,0.6705446777264094,0
35,41,0.5954446046621721,0.6977844110803819,0.8236049302083308,0.5943705987216109,0.4646330707154308,0.7409669653517281,0.4931852950331002,0
35,42,0.609768324331,0.6564856087870536,0.701394392234499,0.4271671609006548,0.6411566934420532,0.679024263994211,0.5641808409134796,0
35,43,0.6892637604153317,0.6953591159736218,0.650943586886111,0.4744135211472289,0.6924367891568816,0.6647250803339912,0.5737557585152709,0
35,44,0.7328440914138812,0.6828180837622833,0.7162396721221085,0.6280827917169638,0.6724106391263012,0.5875858482947046,0.6673385081994206,0
35,45,0.7483021160295055,0.7736232865010824,0.7632297610516258,0.5364158442141125,0.6870734667117288,0.7647485030950981,0.7284562713739364,0
35,46,0.7921607413885572,0.7183604572528703,0.804897999396332,0.5372290773745099,0.6707984305991835,0.6627191677968057,0.6408146812119022,0
35,47,0.8495427744411128,0.7965197183145128,0.734109771750993,0.4820170102221523,0.592338498517346,0.617534607547949,0.6726867806430831,0
35,48,0.8596494277063029,0.8468032585272376,0.739237826105499,0.6016778732501432,0.6878832796819451,0.6947088579483004,0.7279649267504059,0
35,49,0.8802662267700849,0.8316974933469542,0.6435133629018265,0.45743416887592614,0.8153285649932835,0.611023363010617,0.8183591564310553,0
35,50,0.8673862824382643,0.8022070749891594,0.9031930614655719,0.590398634103051,0.7571192679931044,0.7348248245678571,0.7395956938592483,0
36,1,0.3052471657082968,0.3878192976724787,0.42823846831084617,0.5380176771209015,0.2166270654418688,0.3833552422753605,0.29493015709912684,0
36,2,0.25284320344885386,0.3421917564103497,0.5064408081494137,0.5997018069536018,0.3211033377367322,0.4313744586714764,0.3824735974057297,0
36,3,0.2932009928356837,0.38736008967885394,0.5289852134643226,0.6931186153411374,0.2812975969150429,0.45074966390922844,0.2714032583606136,0
36,4,0.28241379430022756,0.46769556243660704,0.4648996089504228,0.5753744615387018,0.181751972703787,0.46708503078650776,0.2439262488968741,0
36,5,0.2564152138761104,0.375745407781711,0.6174701519695887,0.5322644655139264,0.3445719559855136,0.4429442932122748,0.18932668216706544,0
36,6,0.28134132193105915,0.3841894158293481,0.4420695604331023,0.5258559953696968,0.39892676970862345,0.3822309062919078,0.23242057189995374,0
36,7,0.15443602338200396,0.3591225800777722,0.5808478435912328,0.6478526356891627,0.23981780241563708,0.43071533364656894,0.27607647348999986,0
36,8,0.20184012759207715,0.38178803402362865,0.4700525303718197,0.5764483488886547,0.3346346597849889,0.46970586960065264,0.25418183658045257,0
36,9,0.23566686456352895,0.5211643799144773,0.4424606357412416,0.6103265366177576,0.2863232248230598,0.4271678912977425,0.2804895062890256,0
36,10,0.26985362786723244,0.4582902661872538,0.5572565964766432,0.6736368993083592,0.3850643499784438,0.5005521983394168,0.4222401979797958,0
36,11,0.21725835789368442,0.46096560209029147,0.5673304625289216,0.7352176943139312,0.2409704889994227,0.46329755406964684,0.27454648276165217,0
36,12,0.24359336349007374,0.4451734402095444,0.42047632697430026,0.6675935888933539,0.320363570911166,0.4444096440885952,0.4087114149923665,0
36,13,0.2750439679586588,0.4288135349519628,0.5346627412168513,0.7533082342785667,0.32082842554482494,0.40983601002558684,0.4073451397723611,0
36,14,0.18127178935960692,0.38935781467855746,0.435138875417,0.5120020720211329,0.304219099737912,0.43608920173632837,0.3754263957564453,0
36,15,0.29432241212649307,0.384339499740114,0.585945328337488,0.7034739701839241,0.35867425349276966,0.46212587681489625,0.25576538501500107,0
36,16,0.35777222415813076,0.4477476199523419,0.483994990514276,0.6102803086407295,0.31877475709924474,0.4243775173419853,0.353999153184703,0
36,17,0.3225275270186282,0.4527451272389111,0.4667138418215272,0.5899584785690366,0.3192295356327286,0.4344764961690774,0.4139356845707295,0
36,18,0.31776075674238907,0.4427381898416809,0.4334843446346924,0.633200498343805,0.3145995622137768,0.526726094828296,0.24649471551047558,0
36,19,0.23581872783754126,0.4389242407258264,0.5770247733217739,0.6813181213269258,0.36735858794410514,0.48466082750907646,0.2962764950693949,0
36,20,0.333241067441953,0.4586049739069994,0.4949459412538686,0.603257457946194,0.44093936375287635,0.39340776915359216,0.28478424329962737,0
36,21,0.2647735169929698,0.37194709018251554,0.6281573066929337,0.5540239827272055,0.3770341992008217,0.41842396781564506,0.31971582572298896,0
36,22,0.32604465860473286,0.4527411762153456,0.6040557516647624,0.5834499073074967,0.5259813061969527,0.3555675607248028,0.25794325460388534,0
36,23,0.317632780092379,0.4668693041528038,0.5669892715122608,0.654272436209027,0.42498606322603705,0.4039047754187447,0.3807095452536396,0
36,24,0.36895225405705123,0.5406120538450583,0.5615333255750283,0.546347058942069,0.5223513758721282,0.40269250324985295,0.3592982096836191,0
36,25,0.27959942921082015,0.4932150060765759,0.5571121719487576,0.6507944894760879,0.37605882259019785,0.44629625173126697,0.306523251007965,0
36,26,0.29879258547668924,0.5498152086602398,0.5234428039871881,0.49246410052816125,0.5177054922392472,0.47886296870130113,0.34104947827233056,0
36,27,0.26098441391721544,0.5571024048543247,0.5468291422062026,0.5157349313911115,0.46266440199711456,0.5181085851017421,0.3580217334176749,0
36,28,0.26237698241882684,0.41693405361403824,0.6513160597932866,0.6157001566857905,0.35127653511928225,0.4784066962922232,0.3598518392786776,0
36,29,0.2645103589156192,0.41220525501135624,0.6224643670826436,0.6348507713483058,0.48971861987970705,0.472837940479006,0.3717844352455911,0
36,30,0.30883922899602095,0.5262455902712522,0.6470213117473379,0.5466744807344149,0.45750447001353306,0.5039642679496832,0.45210398661078655,0
36,31,0.28294280597273475,0.5343523059102913,0.5537045411474911,0.6826649983325443,0.5262967208492773,0.4002017978717618,0.3880986978313588,0
36,32,0.3253229339686682,0.46088417863466896,0.44118352617588386,0.6610170509930561,0.5005249020688347,0.4186908042644957,0.34690800015618,0
36,33,0.3019989072674262,0.47593385637549457,0.4303047146957585,0.7009653018111173,0.49795455709797715,0.4112323246754845,0.24281455758061588,0
36,34,0.36143527435624184,0.4889342856734526,0.6148553600885223,0.6716539037778027,0.5176662842032119,0.4548892891371092,0.34754292006923715,0
36,35,0.43933520664049774,0.49585484143420144,0.6711181242965235,0.6353303248777329,0.5449002816404115,0.6039613557191398,0.4759868519873922,0
36,36,0.365555896154658,0.6332091251078146,0.5753742361763089,0.592232882155966,0.4085627422540292,0.5161263059335734,0.3641381844478092,0
36,37,0.3833112635875868,0.6360849918897402,0.6331042950484298,0.7356158239567393,0.4927950286986845,0.5933766092942223,0.3531232026777705,0
36,38,0.4457613054288445,0.5464021732374821,0.5717040742757937,0.5368817347612732,0.4946539957186055,0.5099021890651911,0.47401318457022595,0
36,39,0.5280629224334654,0.6497270100647193,0.5177511483747677,0.5587277180104167,0.6289544127952443,0.5652889495542738,0.45010595014939403,0
36,40,0.5226846846812593,0.575131821930314,0.6686745785288942,0.5780172207435835,0.570978201074754,0.5363918678552918,0.46462780706848866,0
36,41,0.6402017567297256,0.6488275231494083,0.7150545268308848,0.6015523475545997,0.5816769922875732,0.4978841127313761,0.49672787000010443,0
36,42,0.5837250826172413,0.708250996342986,0.7292588397383027,0.6962421901813045,0.5886473179637511,0.6763194741267502,0.6475868896949714,0
36,43,0.6807849371553069,0.7438366624570606,0.6705576293548182,0.5482870816024156,0.6128891664976587,0.494551015243319,0.5965000514126593,0
36,44,0.6392926773039243,0.7255095825072156,0.5864552019660526,0.5977765581827195,0.695604194209749,0.6086491629445491,0.614763899122483,0
36,45,0.7665299798295051,0.7363682120525633,0.7197412615271505,0.5724663639568583,0.6441021339900259,0.5688117921363062,0.690748271686808,0
36,46,0.7381980506741601,0.7700555099565021,0.8028346112984919,0.6036161658320952,0.6648323521670215,0.5864325359635816,0.6019745371378094,0
36,47,0.8740347886785353,0.7357777293929316,0.6863982267599334,0.4912206282305479,0.6828608581050329,0.6764151283839039,0.62878572656653,0
36,48,0.8296308192901656,0.9187567287362668,0.65935591245444,0.6165684408977299,0.8143042532909539,0.672498152498894,0.6979881457949949,0
36,49,0.8273337431051409,0.8173697025112572,0.7563193071325395,0.41797633104235365,0.8844926723407283,0.6962123924359646,0.7459747315079183,0
36,50,0.8954272785889975,0.8221060944377897,0.7680301643098788,0.5061834289037249,0.8112331573830525,0.7366551145019977,0.8028612098435046,1
37,1,0.22800978740880137,0.4427555867168824,0.5241835700661148,0.610515508729226,0.1977253919269208,0.41593803293765014,0.2841221961838516,0
37,2,0.21573298878239697,0.43344502776341304,0.5611653194783719,0.7270314102740448,0.18178221736131436,0.4561219362576053,0.18974313418586589,0
37,3,0.1744459657926057,0.3485834448213857,0.5280557730311073,0.5827100578746612,0.1814987893998254,0.3999591988750827,0.3242812995959263,0
37,4,0.24816732833183816,0.3814671857730332,0.563792353993031,0.6708753052449705,0.12588309215383325,0.47785547093821573,0.25986220467705945,0
37,5,0.20752963452380013,0.42155673013548917,0.6865944267534771,0.627629933677102,0.2174091369412186,0.41539193826622295,0.21954850213809904,0
37,6,0.2737192269227955,0.3531551046851077,0.43845771969098735,0.6209169427489296,0.3099197236003092,0.37085050456315144,0.35127046709335863,0
37,7,0.2151629022926101,0.38481547867135113,0.6335987713990797,0.5367071998072798,0.21908642264323122,0.477429179231746,0.3090228521726818,0
37,8,0.31351473336120617,0.46141478665845903,0.5359973467962658,0.5832562047449892,0.24450172280993854,0.4454338032649199,0.23520354693933104,0
37,9,0.3538855259767569,0.40160225750798645,0.5393273144701565,0.6911481225709596,0.3983336503140613,0.5104490667745349,0.21662312433206038,0
37,10,0.2975094841171259,0.39128913515490343,0.6407936721528256,0.717762510368158,0.24104419152447626,0.4258799990047138,0.2685222931905182,0
37,11,0.2648034540762958,0.46631289573734297,0.45540747353863154,0.4629950237026542,0.20272741506591085,0.3839849193646635,0.27581542055014646,0
37,12,0.22568537626652196,0.3606449704870034,0.45413868076435226,0.5530607599304131,0.27473037534226125,0.4069356302052467,0.3456528408486906,0
37,13,0.26539524012647636,0.39654886600416156,0.5774219483226297,0.6107432434389377,0.38004180340395166,0.38058149119975954,0.31133166957825903,0
37,14,0.22557276664868475,0.4230244479507471,0.6437049430764656,0.568825471824432,0.31835270108973407,0.37398841902037244,0.24343861140479955,0
37,15,0.26797592096150596,0.4087208479534425,0.5081782489444542,0.5211000415577978,0.29744322730958167,0.46608792367018376,0.2510877463552731,0
37,16,0.30871725953986834,0.39248665389881654,0.5495067077312593,0.5287324232368982,0.3973069743759323,0.46069003665468483,0.3243832701754734,0
37,17,0.28120761858113424,0.40330719437690443,0.6232780998868073,0.7304459481340877,0.31139373763293426,0.4381128381446092,0.37645212716307275,0
37,18,0.3310044969798641,0.47582017987441916,0.48943867971104194,0.6451564798040156,0.3616284383294038,0.3843565703303119,0.27731736767858,0
37,19,0.35130106408309514,0.4874679081156664,0.5828939042825132,0.646406642195937,0.39576957842938637,0.4604780224777415,0.34977985277108176,0
37,20,0.23825396325659587,0.4024876427027881,0.45997548628625706,0.6864287004592405,0.4792460062150168,0.33954760397939127,0.41024073059358307,0
37,21,0.3627110625009,0.4699233577292448,0.6344276537519944,0.6325845460014498,0.307192732471225,0.44411625581133946,0.3603828023053403,0
37,22,0.3485616576505985,0.4439151305679778,0.4935143476619591,0.5548412970013076,0.37449107704799933,0.4610285824850163,0.2392304097872025,0
37,23,0.21944046930424504,0.418946257301098,0.6206120314001056,0.5488330170962699,0.4491895847516798,0.594641256365616,0.4124769065628675,0
37,24,0.3657967943327891,0.38391585987816046,0.4282609742612612,0.6217218865447636,0.4399166338081047,0.508320214212462,0.31396189292993426,0
37,25,0.3344306493706137,0.4484302947211767,0.5349267586706199,0.5687177298416264,0.44178244450309784,0.46475249900975385,0.32299941170219826,0
37,26,0.38146665096457977,0.49146881479877313,0.46862896759574924,0.6259787460117195,0.3793141062281929,0.4612277373149916,0.3022231651490043,0
37,27,0.3728416449939571,0.5178494652671195,0.6168205463136848,0.60376401730558,0.4174634153883545,0.5448861914350076,0.3419440174913793,0
37,28,0.3876484082262562,0.469988783413186,0.6502160886785288,0.6345781806788509,0.4507999107591973,0.5355060404387345,0.27587668274815064,0
37,29,0.2965069229502046,0.3556460110713358,0.6075223499611622,0.5865548951610237,0.5153220824987945,0.4800543245617302,0.38575712333138423,0
37,30,0.3062626643437125,0.4724880437609861,0.6123417728315719,0.6169770796709755,0.4278838206420625,0.40204909543008205,0.3682081507661914,0
37,31,0.37067851836395416,0.47485153707804323,0.5280136412958913,0.6319139279312851,0.5179845307629322,0.5735687091373011,0.41659362382946374,0
37,32,0.3631260053538305,0.42553371384460115,0.5692375011472081,0.6600530632203745,0.5414982745181373,0.5491786024258526,0.2725632082412158,0
37,33,0.4506196314358755,0.44717076131517797,0.632018447842445,0.6130260974671207,0.5370166150575403,0.5518697432300539,0.4415994827072501,0
37,34,0.45648566281572434,0.46227964621936024,0.6379295697343605,0.6810210716378996,0.45437002510400337,0.4816458595924272,0.396662486324844,0
37,35,0.5140486104052893,0.5397989248473231,0.6492961597079795,0.6553513576331299,0.6096769842511852,0.4726147547553271,0.5307726376998266,0
37,36,0.6008519252476805,0.5728521161569724,0.5621138840111377,0.5266598142254807,0.49217892109122513,0.5424130917618148,0.5245640213959498,0
37,37,0.5287305490581806,0.5975989199793189,0.6185735379285655,0.5418831850080916,0.6171449717856372,0.5732757456644947,0.509957825422647,0
37,38,0.6135714434646486,0.6485956604803289,0.5782961792619461,0.628065427210291,0.6030362527751193,0.546707285489082,0.5352733893342133,0
37,39,0.6666785406154568,0.5848065042900268,0.7408631904700793,0.5699614099500183,0.5720593763836556,0.5549049521500004,0.4941887549400139,0
37,40,0.6762498274656871,0.7549490819258601,0.5460050208195882,0.5058314679013214,0.6622378484915772,0.5927657736140479,0.6066733430661384,0
37,41,0.6431389346748841,0.6634031325615816,0.5036156452039873,0.4885337964039493,0.6887539053102649,0.6679473731613232,0.6559559218022348,0
37,42,0.5891573421143657,0.6617353878263572,0.7742116116441186,0.6488118257495846,0.7283302931518632,0.6098445196186529,0.541014063814129,0
37,43,0.7324916129306686,0.7905544314807631,0.7085549148180785,0.546715156447132,0.6656954231743217,0.6549548462500391,0.6583600995411737,0
37,44,0.7086607184783531,0.7995945927369016,0.5888604427228354,0.6382648475522864,0.561359278164778,0.6190396100251156,0.6963260318625056,0
37,45,0.7255083742120157,0.7711785505634426,0.7195474467831766,0.5213228169791956,0.6532789482673113,0.6598411285948986,0.6393324908309537,0
37,46,0.8091218329997453,0.7499597713566635,0.6880664221968071,0.6351884791417202,0.6070845587548375,0.6928478115711613,0.6771593109299894,0
37,47,0.8099593503879043,0.8032857949333869,0.6765972365288357,0.5384309785503455,0.8238920508640383,0.6967109862418192,0.6371434236928228,0
37,48,0.8664333560342732,0.7886168154788386,0.7588695405866858,0.5358894336675412,0.8386888201642744,0.7012997310313196,0.6729045633704902,0
37,49,0.9736453480010638,0.8366412023193462,0.7421047732877537,0.5487813555815151,0.7369066397506567,0.612005029751602,0.7793832379581472,1
37,50,1.0123389568714551,0.8072716016618955,0.7863077625864796,0.5205822591854647,0.7694086678679432,0.7338380400095489,0.7737615626736102,1
38,1,0.216522447917188,0.3839849322605909,0.472017431607864,0.5860596585679965,0.11203811508163845,0.4226111227926481,0.30656601847726445,0
38,2,0.25749117413201567,0.4161218463954566,0.6019783786614542,0.5948141282286178,0.14770327313996667,0.4182779926503193,0.3793780631684973,0
38,3,0.2940458537308841,0.45569566146425566,0.33921260464240177,0.6446133514165091,0.2632046382243857,0.41083323993100723,0.25547807194551414,0
38,4,0.24871064415808883,0.3852951984156112,0.47204560700702625,0.5993314848390533,0.3074475094307977,0.3648785610542432,0.20294707883642052,0
38,5,0.25913818098484076,0.38358838537587325,0.5002148013387132,0.6325566020467476,0.21355692637289808,0.45229655638236516,0.24488687130955522,0
38,6,0.16160425618763224,0.46421185674318877,0.497273861240826,0.6602062455042295,0.282594475055975,0.4558906890185661,0.2952112235712827,0
38,7,0.22787484832127264,0.34964107218851337,0.5041225846546321,0.5792134171762541,0.3485278503949656,0.4485572214653555,0.26237593049397306,0
38,8,0.2861893980512749,0.40739985219255415,0.5318222223053986,0.6241192726677385,0.18856059509179524,0.32365477162480444,0.2821195477554005,0
38,9,0.26502061722369097,0.47522820567026125,0.5111179310490771,0.7014317638551187,0.3501142063558583,0.4851643432587233,0.24322441828964997,0
38,10,0.34787774332598564,0.42961723623790193,0.5548051933499277,0.5367267616930627,0.40512739583648405,0.39443127987172916,0.2062787429124902,0
38,11,0.16796487637581656,0.3643437427604417,0.6966958283173111,0.5971975533498068,0.21333276992121258,0.4366648943283059,0.2637098127484013,0
38,12,0.24946182998256786,0.434736685506758,0.43890586741892784,0.7759416886874332,0.33821742320163883,0.4295247101258766,0.29655208746843575,0
38,13,0.259493394961494,0.3843801636909407,0.6382830195323367,0.5868431625367256,0.18923486560169475,0.37990161395600525,0.3601862309999569,0
38,14,0.2944349889450513,0.48489072257095467,0.4679983387579387,0.6579450633278542,0.28592701101274454,0.4683938318376167,0.2968432374615171,0
38,15,0.3457457518274338,0.46640124038412495,0.512420041021679,0.5917025798003128,0.43094885506889924,0.47046654057489845,0.29944290956710573,0
38,16,0.3595839442989769,0.437370004302658,0.5141512903411739,0.6268985105337557,0.3642678124782195,0.4395655426284614,0.3817843433421498,0
38,17,0.3385334749119599,0.5029359495247814,0.5277947737696755,0.6614198603002769,0.41326737913231654,0.49475191400083046,0.36999995738691727,0
38,18,0.4133954747337742,0.40981521073672544,0.5179345448707853,0.607129371400992,0.3399159713141714,0.3457613978292532,0.39554324028541243,0
38,19,0.32762981438917477,0.36830694111625567,0.5738501011503817,0.5728762378435881,0.3028422845534565,0.4563171732240853,0.29436327097586856,0
38,20,0.3313285497118509,0.4819994726817209,0.47471196584898023,0.56052845156051,0.3814090200009365,0.47496262901290415,0.4051377595930313,0
38,21,0.3104407138883508,0.5033893012537627,0.6717166175297102,0.5604145400414747,0.34467128481160103,0.46845500473049295,0.3057128428903456,0
38,22,0.3421625992703153,0.5246709976869889,0.443536239343043,0.7099000464667707,0.36351384688502675,0.4680895960629099,0.4167425360550931,0
38,23,0.3186645165419105,0.485708781134737,0.5246783658367291,0.6512810629756769,0.3947191400973309,0.4952576448494519,0.27008841537248923,0
38,24,0.26669264770847256,0.44957852854018304,0.43133232468331606,0.5784901054959909,0.3495494837258716,0.5275838114769412,0.2928659823912081,0
38,25,0.35315599564015837,0.539341057728083,0.5318753044528021,0.6176768416113761,0.5024454476647086,0.4989114669108223,0.36627074923059466,0
38,26,0.3671369642662005,0.38956079523236564,0.4979427115425181,0.7058877590573149,0.5121195610844673,0.4782742349667688,0.2511323139311671,0
38,27,0.3139654475211665,0.4516150484330642,0.4556712194645826,0.6052211765850661,0.5490377142893214,0.4778417938429336,0.3611413314480519,0
38,28,0.2925064962829112,0.41555684538951476,0.4355760929704625,0.6195021157344905,0.4800331482644416,0.42135216902569933,0.37602930032879067,0
38,29,0.49885726940256514,0.5322538508707942,0.5508278313895827,0.6542862546325753,0.5521085990206777,0.3810719264438054,0.46117011855648754,0
38,30,0.40074092120499544,0.4927536013707042,0.595405889714303,0.538324744778074,0.46791115791854293,0.5195138603248945,0.41642856246369964,0
38,31,0.4378072999994751,0.5619521642897995,0.6568824618735332,0.6597863587297627,0.5246566139705882,0.5520112971028506,0.46748636253906994,0
38,32,0.5414257557876386,0.5395961265015693,0.5290491165523857,0.5793315847144533,0.49309290866400124,0.5424544617196267,0.40735385440720173,0
38,33,0.4375609186571051,0.47917374318417916,0.5933418794452255,0.5394464570482693,0.45150596876094223,0.4968465022497578,0.42272570854605385,0
38,34,0.5025321962028235,0.5506099487541631,0.6123927330578428,0.6458544942441254,0.6292447279293275,0.5479050447908699,0.4905104892718594,0
38,35,0.5841348332881572,0.6138443013625403,0.7154760044828555,0.4666777222506742,0.5409301353772675,0.5692928267897155,0.4963524687895611,0
38,36,0.5216207349898462,0.6514161213014431,0.579615190472251,0.46970597050966384,0.620394371600594,0.5870991450223032,0.5103062951270882,0
38,37,0.6074336634500119,0.688646046692627,0.5295043833113174,0.4761613429956243,0.5453340806252555,0.5746344823270064,0.5097187384391444,0
38,38,0.6940640995076206,0.6585717720637068,0.6916969307295939,0.5813259731214203,0.5975704854549191,0.5231053983425986,0.5015670812865353,0
38,39,0.6587138292038157,0.6730139015627186,0.5609516330653036,0.5643557028261205,0.5584870203043875,0.546140032823157,0.5401325291719645,0
38,40,0.722988691516501,0.6697664457642203,0.7293983173224646,0.5283902188736239,0.6006588362869789,0.7050857987073393,0.5086803097493163,0
38,41,0.8018986041674947,0.7332242081464084,0.659133733810695,0.6356141243043846,0.6196943184066,0.5879440540477973,0.5888532494570835,0
38,42,0.6983579127058909,0.7672003917054482,0.6380586153164752,0.5432211806647177,0.5663736866360718,0.6365905340874596,0.5689036977888631,0
38,43,0.7667413401137325,0.7813152799257135,0.732962291475119,0.5705472231679656,0.6592049692012595,0.6300846534091407,0.6846903652580452,0
38,44,0.8404441100075881,0.8070306802800363,0.6531695918583623,0.4933332702620076,0.6482582696151238,0.5853352020456626,0.6400965300849737,0
38,45,0.7729602918351025,0.8282598054326974,0.6916588879432847,0.6568421382261652,0.6540912160810743,0.663300902508892,0.63649084674038,0
38,46,0.9186646939614562,0.8024935009236157,0.8039505778757547,0.4460646419405981,0.748289707189475,0.6337445008306432,0.6335674076816908,0
38,47,0.889699318955774,0.798200622648291,0.7920957555506033,0.5724139790580206,0.811183760351622,0.6346161834180416,0.793967478939178,1
38,48,0.8864775681292683,0.7288754158463412,0.6549550760851618,0.4872889171439773,0.8578484954184453,0.7068040000101589,0.7064407941624095,0
38,49,0.865169619368247,0.8727954681506863,0.7552885212029975,0.635989770585746,0.788692563785587,0.7592634824695301,0.7436280917961995,0
38,50,0.9141433532687443,0.7773709861388793,0.835394297053933,0.48190508876524685,0.822150032375524,0.7363790534487116,0.7595257488781444,0
39,1,0.23111406570061524,0.43770919639777106,0.45152125268870813,0.6569664664098221,0.30745090497335226,0.435027795732986,0.3218645726370941,0
39,2,0.3405502907488311,0.4137780210846914,0.5521971196214857,0.6178234382890426,0.17153668785903448,0.3623912157159416,0.3485462032818338,0
39,3,0.2865389415121266,0.4186008315191881,0.5690449741427013,0.5891172786450068,0.17955620513100737,0.44311859190498787,0.2731829163396243,0
39,4,0.34977199363997225,0.3608295917018728,0.43684571016104895,0.6054718539092373,0.31117151414947486,0.31726324784381915,0.34889418072877254,0
39,5,0.26967197852836766,0.36919965191381,0.6474341797801404,0.6274772051985411,0.20251450697952586,0.41194543390811544,0.2974818537450844,0
39,6,0.281983840699021,0.4055297696158843,0.41319863083738995,0.5995839397459003,0.2903995024904515,0.39490585968104996,0.3292390639849189,0
39,7,0.25275870868463046,0.4679071946269796,0.38953079889310027,0.579480746104121,0.3369457225807265,0.5213024581576766,0.41249962423358505,0
39,8,0.2901405855037321,0.45167139136178336,0.6020552690510799,0.6387855160804856,0.327568935406764,0.45418869002222606,0.3269111970954188,0
39,9,0.2543850305541438,0.387261540096109,0.43117731824950345,0.5209036865473451,0.2555823500844711,0.419405883678187,0.3086518538013921,0
39,10,0.2838518287032461,0.4031544411234712,0.45194115789561873,0.672624145850073,0.283890666962636,0.41231051024965454,0.29667728587933656,0
39,11,0.2515120203523996,0.3904770843354906,0.49748638073996715,0.6593452974090854,0.3234267241124365,0.5127368703640393,0.3691864546056005,0
39,12,0.3096036405064964,0.4483552611186765,0.48508089556540046,0.6695608938497299,0.26863298419741466,0.36327722378092103,0.3875161696123878,0
39,13,0.3071883060027349,0.3797834313583319,0.5996667335954284,0.6957769991462417,0.34875066844539115,0.5005182354738099,0.3141668537915562,0
39,14,0.3261539781976003,0.3813724220188153,0.5272724696120897,0.6108498784270959,0.3109745564937404,0.35674303860503964,0.33574322722217304,0
39,15,0.1661753524968358,0.4117993179438348,0.4710874442625434,0.5683077792418668,0.14881424297806875,0.3984578562023476,0.3103179067413649,0
39,16,0.3154129003356215,0.5012330324237781,0.5617457208178622,0.6815836576461191,0.41054760137890695,0.3914569616466644,0.3435557346343098,0
39,17,0.277847692620531,0.39466866749848545,0.564328452145151,0.5311022676927393,0.28771972501602244,0.4104621826208283,0.34672571065653546,0
39,18,0.3548642605005615,0.3907064972818291,0.46051689201127444,0.6514347181249799,0.3140799857535779,0.41502480422527893,0.2339617580374126,0
39,19,0.38391024011376335,0.387935554184981,0.6019192528204079,0.6164360851406029,0.26507512169539815,0.4018636572185936,0.2815766333598114,0
39,20,0.33142143094529014,0.5344461418620716,0.431819794355706,0.5909133561848007,0.3262411488253573,0.3846010269255351,0.3367723843304783,0
39,21,0.22335559916881148,0.44550752639727326,0.4492222804962202,0.6207096631480985,0.46516978959236543,0.4725533980537969,0.3434758547203545,0
39,22,0.3209890990651937,0.47536271111237416,0.5676916439965887,0.6140468741711873,0.41104257943633493,0.38497190899789596,0.3004831612611132,0
39,23,0.36334736409166535,0.45447992954196814,0.6403276014055606,0.650481164987682,0.3930123489282161,0.39121236234797213,0.4117366625014458,0
39,24,0.41476128766948084,0.5607423727751958,0.4483141785252067,0.5429399753523689,0.244208005245856,0.4995181068514878,0.37522413437437996,0
39,25,0.2671390549707849,0.45054831554376146,0.5529293846505394,0.6669635400127502,0.4413792148679172,0.4881900647495583,0.3387934565042976,0
39,26,0.36363222039512705,0.3982533464649588,0.6388454257359368,0.6935342913629082,0.46192848422317656,0.47043588524937324,0.4305305784439163,0
39,27,0.39770694272593754,0.4363896650712825,0.619862421248727,0.6272225508301426,0.3684244385955058,0.4329740094982154,0.40128645365829835,0
39,28,0.3081714457870497,0.431391397110249,0.5897573195563652,0.7250381018083978,0.32354699776182316,0.5992342223671644,0.3629873114488066,0
39,29,0.32103262916558467,0.4652242437571587,0.5598759108491775,0.5570542404597779,0.4126591137045483,0.5198283770445626,0.277782657732039,0
39,30,0.32791987105449577,0.41996464252622123,0.6860352296378581,0.5627298463243138,0.40219388001593176,0.45265136482397317,0.319572068294895,0
39,31,0.3840061575460007,0.4985233794722225,0.55045145021676,0.5721560121001809,0.5233184682750456,0.46972012357955467,0.3539143724924892,0
39,32,0.39996107088433475,0.5601802824557819,0.6561263103452765,0.6858317986969761,0.5408980399152374,0.4885778489657356,0.3961883916579249,0
39,33,0.3274723615937272,0.5603117688588217,0.598484018218384,0.6523885988296605,0.5071227640545394,0.5351555438119621,0.35121036114264204,0
39,34,0.3417970412987907,0.5364444449703235,0.538418446950736,0.542939944632632,0.5489362855350614,0.49394368790916626,0.3691264020407693,0
39,35,0.49354756645093206,0.5077942283055962,0.5567305653537342,0.5810399932880191,0.5330566708359965,0.5936320231761033,0.4575046925945801,0
39,36,0.5035674264652069,0.6020646591558518,0.6862814707458053,0.6574234239969865,0.636998047331443,0.5282279843845648,0.48189696555768263,0
39,37,0.5451785479262603,0.6540960422298324,0.6886452202565785,0.5748107727393951,0.6749483665757975,0.5359330691160931,0.46705967546567173,0
39,38,0.5286462748049588,0.6494435611089864,0.6571842030030788,0.6108844810680973,0.5628520165984131,0.5655344462711325,0.4146409685914594,0
39,39,0.6195020749902231,0.5820879026396125,0.640788258468224,0.5531004704472186,0.7082872875290209,0.5286865087364669,0.560828451800478,0
39,40,0.6164568062242035,0.6697457095893734,0.6444426858776775,0.5624976914843295,0.6371061836367754,0.5703631404876912,0.609159707693153,0
39,41,0.6692631815405645,0.692760801824631,0.6862519188434432,0.5957965326154283,0.6508750069462251,0.6318039140301897,0.569378993339362,0
39,42,0.6325494856710263,0.6099502069035992,0.8048765845267637,0.41866216677492385,0.7181948385100547,0.5806136922922692,0.6656649057488474,0
39,43,0.7219672119049814,0.7849774106274539,0.7425341932528146,0.5254783580728382,0.5447070761940054,0.5688374786543582,0.6964954500660643,0
39,44,0.7599211780189497,0.7452434219017982,0.6125346094172044,0.5644374107904108,0.6508230711598597,0.6629518059454437,0.6188307873064816,0
39,45,0.771934232789497,0.781896023712543,0.7424413490925355,0.5361415663257979,0.7446021968949063,0.6513917279442173,0.6712423871293324,0
39,46,0.8709242344082468,0.7832240464337072,0.6869938846688164,0.4392296437797603,0.7717262479224711,0.6376729379169584,0.6927270271482869,1
39,47,0.8929592888477157,0.8679955746794449,0.6994360250268815,0.5871157266663554,0.7217429967199707,0.7064817984193814,0.8108611332710256,0
39,48,0.8836370106353532,0.7610678388531734,0.8104213703421368,0.48350524324565897,0.7962197678062756,0.6189900521984717,0.757946189305966,0
39,49,0.9489906461085132,0.8243410889763364,0.7218786569116006,0.48823499441601176,0.6985481305679101,0.7566798639565191,0.6987776563382532,0
39,50,0.9595172193176026,0.9244842500819498,0.7698252884137634,0.49116365052197936,0.7807038061926759,0.6244220273115166,0.7119724768702259,1
40,1,0.256525796337865,0.4055878364778661,0.5114185673097756,0.5783605309307376,0.21376357787981992,0.447122472972053,0.269355197304836,0
40,2,0.17743383968823,0.40007426564948567,0.583174879804827,0.6939211822145623,0.29765532829697977,0.4370784207716459,0.2867806977428873,0
40,3,0.1304626259536149,0.3305550151799754,0.4930361519624319,0.6135026930522942,0.3117333817283895,0.48993995646878125,0.25347569292567074,0
40,4,0.2005834205507902,0.4345308171501901,0.5628212409674721,0.6945255687288643,0.20644139871303818,0.4763151843590462,0.19675929819393645,0
40,5,0.2267860276385599,0.40281360010071515,0.36537944460166827,0.5966800467651572,0.3263287639768131,0.4056649054148593,0.32867313804876047,0
40,6,0.2847703207594706,0.41517504826020624,0.44437319282313287,0.6233870407909365,0.35007301422207276,0.4532822539018101,0.2897776846353168,0
40,7,0.2931976489075468,0.449036695769923,0.5334139725671062,0.6638164300850664,0.30876392439097045,0.32065923272239305,0.31794681064147245,0
40,8,0.21384805012265698,0.4010281359977881,0.4038905919224459,0.5117233939977692,0.34679014504690986,0.45430789098544627,0.18014939363938604,0
40,9,0.2864644504493123,0.3993992813139684,0.6015503467658853,0.6829851079565981,0.19959732744135722,0.4254337950575584,0.2809955287595648,0
40,10,0.17332314753672218,0.37569892268791366,0.47113522133411534,0.6369937866346017,0.3526528083928652,0.4596822477906185,0.3435186120140412,0
40,11,0.2797868736101302,0.41118125092048696,0.48669693317230517,0.7338260569337376,0.15917144260715013,0.34173478513463196,0.32773498770668025,0
40,12,0.18138764627113962,0.3684694524418116,0.4544915942196753,0.6735401922278548,0.3807446258638663,0.5187781282615309,0.23174943888953314,0
40,13,0.18505554005445957,0.48824285028850045,0.5500057118093671,0.6248119529881833,0.33077772163084684,0.4353610861430628,0.2577428976296748,0
40,14,0.2511299384968014,0.36638392432603534,0.562599981175064,0.5944527418236447,0.3396490092104827,0.4333510419350987,0.36096893861124046,0
40,15,0.21985185503664548,0.4451001611769266,0.5488282107131144,0.6506799784423324,0.3971524552839148,0.41020086074114137,0.35239678335902663,0
40,16,0.26163762301507043,0.41786700575961794,0.6269491654126196,0.6106198742614108,0.3804793266902966,0.35431106885637215,0.304012101765571,0
40,17,0.395012419944262,0.40086016214393216,0.5323295350863017,0.6275945481365102,0.25763130254380084,0.41749822947284426,0.3444383256324628,0
40,18,0.1598163151790889,0.40845042777477,0.6002575163012825,0.6552933756387761,0.43508200110951223,0.39591763312883543,0.39084647676395295,0
40,19,0.35804798882643274,0.43956522170418866,0.387076715509998,0.6709552742784286,0.34438917932152147,0.4277885194315758,0.25674517844651157,0
40,20,0.2559818050893434,0.520751788745626,0.5018129786885003,0.5643352878710434,0.4591717504417888,0.44433326254998856,0.3288213996322422,0
40,21,0.2627556960446729,0.46603479118154995,0.4426574004368803,0.587654738349691,0.36377321375555255,0.45272204023569984,0.4085779822819132,0
40,22,0.25471183065885766,0.5845185316012336,0.5048770252533599,0.6085605103298483,0.37652921784853804,0.4369615449445186,0.3410877431507981,0
40,23,0.31303624994315604,0.503654778168321,0.6098820072225203,0.6325131263369526,0.42957871820382654,0.5076368338134312,0.28423950359987593,0
40,24,0.27080760725310543,0.43485175392155123,0.45356693177283636,0.5490709515227361,0.4744420441333842,0.5671096638821126,0.31403799445958264,0
40,25,0.3110451935650939,0.5050122281208379,0.6953100125162179,0.7112584050788952,0.4106804431411552,0.4814383817854817,0.37640289213711137,0
40,26,0.24884005710464918,0.4176611890718489,0.6219706855650451,0.695078479749323,0.42154595810964884,0.46945276970300437,0.4074631910664822,0
40,27,0.28491924223754295,0.5610935690741323,0.5641515401342322,0.5522470349177939,0.4500369376144229,0.5088717796134138,0.22287335313357096,0
40,28,0.29221613604986135,0.3807000936781526,0.5505349078591216,0.6118111860943731,0.4505545848681417,0.4417869689877619,0.301733122402293,0
40,29,0.27990236676575453,0.5083626057038033,0.5627149205608721,0.6158496002332046,0.39861391105571065,0.44190425335728944,0.39225787791786065,0
40,30,0.29417692029084996,0.3374298924266099,0.5007606658886894,0.5910383289433617,0.41557364373783434,0.4413412108430147,0.39882750640976095,0
40,31,0.37112166617473286,0.3951813957177298,0.5282455159431539,0.5036586733493,0.4534053482097891,0.4111171272351163,0.42466264167141915,0
40,32,0.3759783385591364,0.4517326087363535,0.479819733201835,0.5569062203276937,0.5039263568462515,0.5553080747096713,0.3838191146010244,0
40,33,0.3193983210231566,0.4742349834124101,0.6946649792124711,0.6940165139500929,0.5125975402490219,0.4716865983903053,0.38076766951849383,0
40,34,0.311776966130706,0.43619605263116823,0.6266554182388406,0.6213189638343191,0.5629236761488982,0.5499079374388222,0.3944307367049781,0
40,35,0.496049012805339,0.4913510064139909,0.47966172345075564,0.6031264860696808,0.6081010827047325,0.40429163248599764,0.33337701979235096,0
40,36,0.32605583165383406,0.4780877106511753,0.632736097409144,0.5769907294607624,0.4358838529086763,0.4009557014568732,0.40268902217048114,0
40,37,0.3086085381155192,0.4282604189596433,0.5402598812395794,0.6869910371750283,0.48285092277024466,0.4386657989023719,0.3166739216326811,0
40,38,0.3637408133153147,0.5945584578521546,0.5760447058973955,0.6167793136857789,0.5937761963591079,0.5080107775915123,0.3499169592816659,0
40,39,0.3492176961647881,0.5032187660177898,0.6009944011100292,0.6407523420567772,0.6425238601324754,0.44510456304350154,0.4205691124426353,0
40,40,0.4031730235349619,0.4832507275015861,0.5394709250692816,0.6639244092455607,0.5814795954253988,0.43498528488373656,0.4512806143207129,0
40,41,0.35392665425468306,0.47318844441344426,0.591089162781151,0.659629113441607,0.47335549556175016,0.4961840461261416,0.4192277351206768,0
40,42,0.4260463467167502,0.5679304567197789,0.6278614819985182,0.6561469012868495,0.5703460044789052,0.4518046782662272,0.3372127834117302,0
40,43,0.5099901384692029,0.6282244465414235,0.5580401048809099,0.6442301853575217,0.520839142882592,0.4867253220645094,0.4740988608253919,0
40,44,0.6173874861743369,0.5943967967300797,0.5697975194747655,0.5289710673301142,0.5907292432985425,0.667651339823756,0.5462436790567229,0
40,45,0.5800875844204911,0.6429175658800628,0.7009485154170968,0.5416520746531436,0.6355215268071994,0.5492647841868079,0.5266253650121443,0
40,46,0.6095513574712879,0.6938989489564694,0.6935207221885782,0.549245081428629,0.6243524086661949,0.614648152447593,0.5643547718524106,0
40,47,0.7641432371496576,0.6535529941447983,0.8473440435825363,0.5436485844927356,0.7197103564343552,0.5981624954879083,0.6873105774770824,0
40,48,0.7481309482895271,0.7240242489362213,0.6980055581947563,0.5611008393771746,0.7263686414378345,0.6602070133444863,0.635228929102509,0
40,49,0.8033931496504992,0.8124137856080358,0.7847581913039283,0.5718226518138811,0.7369119863876715,0.7077780970458912,0.7029774647558544,0
40,50,0.8742405243025159,0.8072336687321124,0.6872668356899664,0.4779563494548318,0.7661054848574587,0.6583376607157462,0.7164607264292095,0
41,1,0.1795651148949962,0.33428453171179573,0.44898542415217235,0.6081357662229131,0.14974543264227388,0.4500965307683214,0.3501575309886207,0
41,2,0.24355487876139484,0.3262132160485593,0.4861850284726606,0.6480452640412059,0.2702714548468722,0.5104676496304913,0.33865197958144727,0
41,3,0.3276040019023194,0.4026154540803648,0.4845659093230902,0.6306414742196269,0.17209683465879194,0.4275816892883903,0.20145739031112592,0
41,4,0.19375752877207186,0.4478817645426522,0.5841763381070453,0.5621829761149351,0.3605620060378155,0.4330186739219751,0.30240224830153856,0
41,5,0.17212135336934858,0.4554911905766239,0.519884492389917,0.6264688835751724,0.25863033023452886,0.35483978474569755,0.2881695723299256,0
41,6,0.2610596039786261,0.3993400278942201,0.619056807205309,0.5444540895938963,0.1956981401086244,0.5215811188578654,0.3244986559154262,0
41,7,0.20755829457358904,0.3678684443436408,0.5305614821265211,0.6318433067786883,0.26419308259176144,0.37181218923944515,0.3114378055534456,0
41,8,0.16462535985089205,0.4741371245768681,0.6646804950484682,0.7365572077291782,0.31100736582573707,0.41792074604604046,0.29728222086976896,0
41,9,0.196511835252292,0.4793405030061198,0.3718990753970023,0.602256466760754,0.3290642895240392,0.39034201763600895,0.29139255544110837,0
41,10,0.29703767822724125,0.3513030858916878,0.4202347858571598,0.5632381887296095,0.19774784896951042,0.3606810772294265,0.257366940115265,0
41,11,0.20912038197191357,0.4201687553078304,0.45071750202720745,0.6580122245038749,0.4115458416699664,0.39101850579802894,0.3948374185537368,0
41,12,0.22916739783978698,0.44120619161626207,0.5465368549276911,0.7314262651437946,0.33921324390930346,0.4638553585570485,0.2901250090018728,0
41,13,0.18408187419420213,0.4292501994789797,0.7226298489046581,0.4697486048212225,0.33098881978012706,0.4517811460439448,0.3023955478756399,0
41,14,0.24009471153342557,0.4137998362267734,0.5379385810174703,0.5907433576509861,0.4473435691248248,0.4269993128351324,0.3448805703812358,0
41,15,0.2857813743954088,0.46567338936756675,0.553348216557252,0.5583598786268889,0.2898558175661888,0.525308649287309,0.28082631461446605,0
41,16,0.19549065636628632,0.4820191617800885,0.47755218497518304,0.5622087267476,0.30125945139818594,0.4147098701669488,0.34183366774621105,0
41,17,0.1915664188797099,0.432802649310059,0.4471549014896232,0.6586134419000588,0.40261417393234444,0.4426026330725319,0.33778267014963814,0
41,18,0.24204407325574548,0.38958710249745554,0.5693436665156454,0.5520407740540794,0.3493658622036234,0.4152504976958241,0.29170900833955654,0
41,19,0.29851878918605557,0.4946834394162093,0.595234410416347,0.6401812453477048,0.3555370063167406,0.3287087502300021,0.34778304966386375,0
41,20,0.16095585905170076,0.43391661721065267,0.5505204071241349,0.5929349057702443,0.4721318689156381,0.47110508287592534,0.3195296046602371,0
41,21,0.33897989025355596,0.47022793467373347,0.4793319638169752,0.5869837741386961,0.3021956772203998,0.4472791560099743,0.2820979279277734,0
41,22,0.2773542380281095,0.34801456789980306,0.4467381112035134,0.5895891167098805,0.39484835787660966,0.4261054600130946,0.3236741034306812,0
41,23,0.19545423078492014,0.4230624611304151,0.5218782032548787,0.6013765937836251,0.41370775512778724,0.4731447285237599,0.3738863113448335,0
41,24,0.1927343826793622,0.5159798182864304,0.5653812140927762,0.5627202589295637,0.4326623033895453,0.5069997366634063,0.4288588262619696,0
41,25,0.3281077547428445,0.39451989638426377,0.5374868073882326,0.5998992410446208,0.44555419110225264,0.535559696771811,0.3574944697139629,0
41,26,0.21555229388115738,0.5398890031376969,0.5775655388669663,0.6468848808185034,0.4133761166865098,0.46979308923339214,0.29825200469365953,0
41,27,0.22358071604665009,0.4422355777486121,0.49819747959384164,0.42455794144000547,0.42219388240799566,0.41285667877685356,0.3396805058054609,0
41,28,0.3743208200244306,0.47803544985787544,0.5681878843088476,0.6497368301131546,0.5043085107344676,0.4819139726927259,0.366885651221206,0
41,29,0.16819250183379625,0.5698525791639414,0.657681089129938,0.6330281451115574,0.376219612975474,0.5211175216246472,0.3207061750467645,0
41,30,0.2289789427860781,0.5793203449486561,0.44704482665239664,0.6241391642189901,0.3426687671293105,0.45993887739018385,0.33673573974308624,0
41,31,0.27545525129575815,0.5275311791423165,0.477911560268793,0.6030823038173153,0.46328527412476966,0.48817941278164584,0.37901872132035286,0
41,32,0.3136657530398384,0.5062657413306558,0.4883495249914803,0.6433279200128741,0.584492355646741,0.38080036163062014,0.3876503977484464,0
41,33,0.37698354174893556,0.5121023466645105,0.5598221159511095,0.6458043917306023,0.45289772992631966,0.4468015963821127,0.29901485801490024,0
41,34,0.33003208882289375,0.43259437698376935,0.573394987386381,0.68956086259966,0.565567539527263,0.42121806934167993,0.21170805920602265,0
41,35,0.26678074128343976,0.512116375299025,0.622518927183537,0.686817986669803,0.6196844291587119,0.5308178459038652,0.4584774414392011,0
41,36,0.3880351015764598,0.4815565930351114,0.46734714981373354,0.7689362152689447,0.5277771761129613,0.5318354031987117,0.34608625844878893,0
41,37,0.1960760566233531,0.4656778304499523,0.5523112241625399,0.6477565260983111,0.5973214805960665,0.4170928539184842,0.4091984094460102,0
41,38,0.4392198020130643,0.5241313991918767,0.5286345812963145,0.5436941205735043,0.6517521378719139,0.5100670967796471,0.377701218420988,0
41,39,0.32127271763814114,0.5491198605925429,0.6025529270734283,0.4939893372312435,0.598187522620879,0.41540894681977125,0.47833122266088224,0
41,40,0.39056853505327105,0.595815409263226,0.6195141809604358,0.6810341180487627,0.5832900752649125,0.5214025067818241,0.428199016831643,0
41,41,0.544544843787891,0.5499233299584864,0.6571107066069906,0.5394810773272153,0.4726883806316007,0.5454652447108131,0.4928125788657789,0
41,42,0.43075574356750895,0.6190304383474657,0.6473804159282228,0.5297500852113687,0.5337135826346958,0.5431036805377786,0.5387695392619655,0
41,43,0.5074208345221092,0.6394154850203312,0.7078219253063666,0.503486211290145,0.6369431682364378,0.6433358951623898,0.4742072383891513,0
41,44,0.6783297493376247,0.6502128006645326,0.6386970889765526,0.6266010497565582,0.6402167928828443,0.47932828034986075,0.5648448856501365,0
41,45,0.680282261708321,0.6460454648393269,0.6608062293292252,0.6139990512337533,0.6660154673305844,0.5411784849173389,0.6634972850964035,0
41,46,0.743746700195959,0.6490579344374419,0.6882078507456871,0.5767380075744802,0.6826174621560948,0.5790958437301043,0.5141059885039783,0
41,47,0.7474953637396485,0.8059246680241723,0.77866837541677,0.5727338864902517,0.6867966817680989,0.6833652693588795,0.7369037703954593,0
41,48,0.8760861981722342,0.7013673672151188,0.6181625510577825,0.5869768205634713,0.6751831161164397,0.7816745383291313,0.7639747608693396,0
41,49,0.8711306535375294,0.759013126508793,0.6314768572213059,0.6081792186128797,0.6525643691777382,0.7793827459248375,0.7624191995499293,0
41,50,0.8949189147844249,0.8571107006186088,0.750446657414289,0.5947720033259281,0.8442532824052028,0.7285521958602779,0.7307695114342156,1
42,1,0.21394706476655917,0.35118240826109937,0.5697649841206354,0.6184168483210024,0.17625799268305295,0.4695611669831836,0.22831577856511256,0
42,2,0.08145099866515026,0.4094852223365598,0.5062690769349446,0.5876182539880543,0.2413774920733407,0.41882149353161063,0.3379347813652773,0
42,3,0.2068030209998307,0.4123930601780102,0.47174834804170707,0.6018917870014582,0.24189295041325337,0.41553202564464314,0.3433726415216498,0
42,4,0.2065666397473696,0.330265803305222,0.5724261190442264,0.5851295843795394,0.17344078506219718,0.5079093004556285,0.3252810761216296,0
42,5,0.21409311850147894,0.39834246020481445,0.48842771943606156,0.6667466111274002,0.31295114253429757,0.4235908126037077,0.3966271432350401,0
42,6,0.1252678871116144,0.31952386295030116,0.39145572424844716,0.5951712924456503,0.24007891873323303,0.4625299818839946,0.2941695982373115,0
42,7,0.20081295098725438,0.4088760713063433,0.4707739588194087,0.7053553076238688,0.17111094220532033,0.44486551453569406,0.28911747691253836,0
42,8,0.20112683929832062,0.4112321852807949,0.49413522643832025,0.7035953842479199,0.2721443531036174,0.5296825605806736,0.3144123540813768,0
42,9,0.19850196136339116,0.4416123449842589,0.4732124638964955,0.6287445439423422,0.28148822084646913,0.4488623849632595,0.3209015163130877,0
42,10,0.21411354666477767,0.49444717461746873,0.5455798171327739,0.7763591773015597,0.2929910845139524,0.48194566462275873,0.269697539581266,0
42,11,0.17775411251738957,0.4413939008978048,0.4990900958905111,0.6471204678270129,0.28491222578771064,0.3959373553039392,0.2950203855101108,0
42,12,0.23993212278137044,0.35675749850604344,0.5958767890868042,0.5665091491803632,0.35260155728348913,0.46445825737979524,0.34201552331256774,0
42,13,0.17873626311101226,0.4543397387943415,0.6089712028702671,0.5813994979025077,0.27225478516910034,0.42384062306137826,0.3300366517911034,0
42,14,0.2513384088990288,0.3559806629127137,0.6129331578065212,0.6508260096854074,0.4407883923281363,0.4730391880304649,0.3011619774439504,0
42,15,0.2393128622600062,0.42748747057610625,0.6070297324414093,0.564282871018709,0.45625412002765875,0.5047388470857497,0.3088238184871428,0
42,16,0.19181190460324943,0.44187948949576145,0.43624702639012414,0.7307941553780846,0.24515679121514136,0.3703779151868921,0.2898643446469399,0
42,17,0.2823105536600573,0.44030253141145537,0.5985248347817107,0.613075176517331,0.3783457267560798,0.5263863037828058,0.3118690563397894,0
42,18,0.26168689507246257,0.47381371537457756,0.5365313416001696,0.680202878822362,0.34992445182598925,0.4515773004791746,0.3455287441281805,0
42,19,0.3224318908205555,0.45787781250001663,0.5091268505555054,0.6516789020894607,0.43153105041620754,0.4853117720759398,0.36534037855814894,0
42,20,0.12074267851409666,0.5057632269310312,0.5627200212344293,0.6187053550030838,0.42165878166680926,0.5443654967832957,0.4026765582923205,0
42,21,0.20463202771448086,0.40676045985150616,0.36655167230426045,0.6580108084330952,0.45551763184766997,0.5089089023095755,0.3683715235638388,0
42,22,0.2243544362606059,0.4059317601954618,0.523760260558436,0.5613304247662131,0.5033572439005153,0.3856814223467199,0.3273473361555389,0
42,23,0.2709960524210163,0.44968081451214353,0.5118246752452322,0.5640330040381968,0.407147710135257,0.4249769554992881,0.33295660553166656,0
42,24,0.26837717015074153,0.47904336039870166,0.5058874657023653,0.5729338694195143,0.4146225371930812,0.5787963002426112,0.328028615255302,0
42,25,0.22194838360158603,0.3172363980799125,0.4847118067647841,0.7628425716412257,0.460723417683486,0.5370462100526725,0.3276138882534012,0
42,26,0.21153285918299078,0.47745123805220846,0.5582329702655515,0.6193745722053062,0.4021850592538209,0.5033857843401621,0.3225326662999519,0
42,27,0.28033471760774326,0.44177487783188946,0.48150927642723057,0.5943601947966223,0.5554173069618649,0.5134223931633088,0.401219436564099,0
42,28,0.20228384570776853,0.517624710787931,0.608133708231496,0.6282349386009531,0.4297676067449924,0.3860027672882484,0.3961700222189251,0
42,29,0.24381368793155334,0.4272700199630189,0.6332743347506162,0.5814881322263911,0.5677436124713829,0.4551474121067145,0.3360719146566676,0
42,30,0.2620367226379121,0.5243106193173841,0.6100067097702772,0.6852863775650498,0.4810711844416438,0.4391822750845818,0.3575467996286134,0
42,31,0.35829813501526103,0.5207136861899301,0.5431933853199953,0.5644115025937237,0.571450381292229,0.470234206777215,0.35409162699016333,0
42,32,0.26307086868720964,0.45725365493352327,0.5350468736136965,0.5410058497014896,0.5069441219255569,0.4266827627660774,0.3346639133844439,0
42,33,0.2628147991909159,0.4338542767992093,0.570104992433398,0.6106644144508572,0.499880488292487,0.5838894038231157,0.35802194094504014,0
42,34,0.33170578932291206,0.47525716878178637,0.5735659392081527,0.6212418914157455,0.5181535037426886,0.43827416053259316,0.34368943452100886,0
42,35,0.20077312716356333,0.5558036394882662,0.7072600612599391,0.6302210155954828,0.5549281506350603,0.5230528835025248,0.30476651302108654,0
42,36,0.28164631963440184,0.5981362114908423,0.5444218301000914,0.6744909333902996,0.513295224178392,0.5802346378165223,0.3479824891480548,0
42,37,0.374568870145377,0.5290821647498747,0.5885638514064674,0.5719792489381882,0.3858366213739554,0.5421862720897475,0.3770913778161191,0
42,38,0.4010865310852297,0.5941461723843394,0.6435991430743297,0.45611828917124797,0.5948937369748799,0.4893495590526092,0.4877172260300755,0
42,39,0.45391676125439345,0.5457878602145875,0.5385175665524546,0.5700267824617684,0.4670064643081432,0.4950828132726678,0.3841920450230284,0
42,40,0.4698589183840901,0.6113691136418647,0.6151077897210683,0.5580725701596958,0.5351555102656645,0.5268070170484311,0.444222181271946,0
42,41,0.42822505398550104,0.6449992122436199,0.5925744881213681,0.6025754140169403,0.6622333197378715,0.5771268774298833,0.5532230061465709,0
42,42,0.5199254761709187,0.6903538333394542,0.6828460676821355,0.6829077959330877,0.7282628287980212,0.5937796067225318,0.5286010690557598,0
42,43,0.5610445477460174,0.6400543212421984,0.6206058898666134,0.5088997351355372,0.6670945952513228,0.6816986505737783,0.6157961717448464,0
42,44,0.6758030850694818,0.7030658766752774,0.6742173621010877,0.5498126364611557,0.6480035917207043,0.6474866394701968,0.6040501707804877,0
42,45,0.6265257039010954,0.7262951990640835,0.7220055850978293,0.529212041340993,0.6090796626352253,0.6955482558542566,0.676930230476355,0
42,46,0.7726141221884562,0.7258178768000161,0.7202324289352333,0.6082933836031577,0.7931523271977433,0.7012099309189432,0.6649848582808613,0
42,47,0.6445900514902094,0.8054412802845585,0.81580879086878,0.48312130834971717,0.6948132021156762,0.6412700389140606,0.6516716629922166,0
42,48,0.7970869659937951,0.7753410844302165,0.9228264014357261,0.4379347460595464,0.7608746648897471,0.6347510857413903,0.700928156400288,0
42,49,0.8686647620045344,0.7990075719086156,0.7260469664875544,0.49925489413118956,0.6802028388219294,0.736882156771251,0.7508000518724289,0
42,50,0.8632244925627924,0.8276894353388287,0.8489586903428262,0.569307188209421,0.8468880351710633,0.7419630509081269,0.8322998713994376,0
43,1,0.2877311876721408,0.434771076913012,0.4812684715159573,0.5572245058388173,0.19676214758045166,0.38715657793614827,0.3688251741244338,0
43,2,0.19328002111870446,0.34295045196674934,0.4487180708350811,0.58647048569202,0.20799797637216835,0.4785273245440444,0.23687415543234983,0
43,3,0.18801113814661,0.32734761344527,0.622981337772643,0.6992753359902173,0.2160590721346229,0.4432666157562263,0.3081284559551007,0
43,4,0.17395217306451907,0.2763016408666874,0.44726916723736077,0.7289692646822569,0.3473248101635994,0.4125081517753845,0.24250178887381646,0
43,5,0.264325209761394,0.4330359759647029,0.33110799220136816,0.8094653710295097,0.312948480082618,0.41710681481301665,0.2570761184919574,0
43,6,0.2707458807397698,0.41020737440172556,0.5416834243548568,0.6132368237465231,0.2781117359430381,0.4647181425476752,0.3127658437041014,0
43,7,0.3192191566486018,0.3283446440290772,0.45534824050090983,0.6215936411588614,0.21920794502424557,0.4099983730878029,0.3625870891445022,0
43,8,0.16171559860234408,0.38963291353328605,0.516867922189371,0.6223813719473796,0.30536224648078486,0.4549194287377737,0.2938586950737007,0
43,9,0.23471918740616465,0.3822611721689101,0.494442733811962,0.6614701121154732,0.3052461649738252,0.47380028568708427,0.2841958398198603,0
43,10,0.2940180756178788,0.4216117340920979,0.5582342609064579,0.5794543751221382,0.16347474704237475,0.4036651815465111,0.3433728478621085,0
43,11,0.25713442635414907,0.37620799646111364,0.38069219218584244,0.7054907372488874,0.28652631549130364,0.41392310090514045,0.27501768664540643,0
43,12,0.31164369060701197,0.3728380267894523,0.6007180075530474,0.611295774864724,0.27136746872076634,0.42211938066012245,0.2720351374742552,0
43,13,0.3099826982634722,0.41276475704842663,0.564004667355169,0.6372327998677728,0.34991246668119436,0.3359006597296456,0.2704619875321492,0
43,14,0.21103461528124434,0.4450532541906116,0.4250506793986997,0.6209866390096817,0.4225994236361635,0.47833000576658125,0.2238629526279633,0
43,15,0.36948806132452194,0.568850800508087,0.5572553016228082,0.5381348045668787,0.36108067868146576,0.5208016799170733,0.30964559101248484,0
43,16,0.23999600004415836,0.45021766265634255,0.351329433938091,0.5629798770897969,0.34363276116308866,0.4242321634711782,0.25656912528621273,0
43,17,0.3020589024114426,0.4298886206444891,0.5314656298909608,0.6639181281851443,0.33241023795600527,0.5117588941525957,0.2747364466949294,0
43,18,0.3448280815127559,0.41900011097438894,0.5085476907038244,0.6324041354967042,0.3979202557923186,0.4999274137616728,0.2597704375992459,0
43,19,0.18695043736490696,0.43053497570822585,0.632173875265122,0.5349434580668901,0.27504573283810024,0.4576397549773988,0.39877145820863014,0
43,20,0.20114525514396517,0.3578435793476863,0.5388422503050594,0.549245454842254,0.38820117763433937,0.45779975566334696,0.3075121244671145,0
43,21,0.3294995102347573,0.5051795439397088,0.5980407230790135,0.610995586283008,0.37733316491963914,0.43451899815856143,0.3686551126250122,0
43,22,0.38982779708977117,0.4099065348163804,0.550213255060792,0.606255151277243,0.37095240113680844,0.5594173426231807,0.31524728292937687,0
43,23,0.2739694700652483,0.4518520307844462,0.5297085542860114,0.5528448121577417,0.3815378081391406,0.48268432713919807,0.3911493424710978,0
43,24,0.31372588952070324,0.4343502464117362,0.5032290808629482,0.5648256182070619,0.322601032745663,0.41847766629467315,0.3876026433670257,0
43,25,0.2970752158033407,0.43672574001426767,0.6271295366082914,0.5642970457681198,0.44162320030339963,0.45157669332149175,0.34839634125473845,0
43,26,0.3208343970014462,0.497251094332546,0.539551987042595,0.7246625836055418,0.4366687963380108,0.3712266558699865,0.37951551790718663,0
43,27,0.34520340157613905,0.46082143421894284,0.403176665347815,0.49838935626405945,0.5466511532298489,0.43852486984503064,0.4136810213776105,0
43,28,0.3168332352196294,0.5239320473440858,0.5536249275010957,0.6426600303193627,0.4607820460442116,0.4688164017996696,0.3491978085912555,0
43,29,0.4649112144746677,0.5845654553064941,0.49769079316790715,0.5393552538795832,0.4545336114546745,0.5076217507431576,0.3919090896021665,0
43,30,0.4179137026074745,0.5166684429275383,0.7489155115738909,0.5692878049042815,0.5875968135694728,0.5743431533840432,0.4440046753292325,0
43,31,0.4475290245061908,0.5128652621302227,0.5910063484008332,0.5322219924567271,0.5483754769430031,0.5626492513555532,0.49510121510334715,0
43,32,0.41860489488570407,0.5723840708235391,0.7221252025504119,0.5953633780768119,0.5439378251667261,0.5130538277059,0.4292264897052119,0
43,33,0.49187281162109947,0.5911761455764666,0.6443254800093919,0.6072510103483345,0.5640713191632645,0.49354971336199543,0.42649853218265843,0
43,34,0.5218480839749804,0.5610838586640187,0.6352700207490274,0.6360930458500423,0.6156507124492092,0.6182130936323578,0.4242599168471408,0
43,35,0.5338938803159604,0.6074143270503688,0.6113107397300108,0.543641640189047,0.5399349055881577,0.5831656911216251,0.4413188776603984,0
43,36,0.5750258271572578,0.6721423697114363,0.5969996573524844,0.606460975551486,0.5780054643697146,0.6132404196944147,0.5156676541088124,0
43,37,0.5249733576136905,0.6832686915099012,0.6555103828873133,0.5061003980976234,0.7029239522028266,0.6742348863283789,0.43970646275882735,0
43,38,0.6604592777245796,0.6740852404158908,0.7628870725794903,0.6408579624508769,0.6155112413790309,0.7070551806205818,0.6080423261353789,0
43,39,0.6231587702466252,0.7303670751486804,0.6108932041428691,0.5330157032324914,0.5990256865127092,0.6223826696638075,0.5693270818519208,0
43,40,0.734480136887581,0.6641800675607442,0.8173954688159645,0.5710394004355903,0.7032324490641296,0.6475430757090396,0.6625528135728314,0
43,41,0.713734591687633,0.7552617045928259,0.8596180480214437,0.5318121836837075,0.6886956192635008,0.6271377538744926,0.6399029510246518,0
43,42,0.6196890057025226,0.7067906641130912,0.7651688550965974,0.49728760260388577,0.7100567865842926,0.6479804582195173,0.6228254734572896,0
43,43,0.7872277271662559,0.7540273535599018,0.775913014194629,0.5505858991753149,0.5699200380206585,0.631293956343384,0.5599798788610069,0
43,44,0.8235861419526911,0.7962851121066521,0.7486366289460863,0.5916755077633579,0.5878037997039525,0.6562216539102856,0.5972542005595893,0
43,45,0.8851887367846806,0.8200618591177348,0.7703599784532096,0.5179027862839614,0.636584312933265,0.6823513841892215,0.7413337915911153,0
43,46,0.7506916105288147,0.7868305448557918,0.5996670265553556,0.5722510299863605,0.6684195351159972,0.6232439300073533,0.7444965331366102,0
43,47,0.8671960981087532,0.9073853973575526,0.787649988537917,0.480502584204358,0.7549522320490964,0.6814961328301778,0.7847379410948502,1
43,48,0.9001723143280651,0.7418815794902354,0.7570946133652067,0.5110240487440845,0.676147192687367,0.6961249256805577,0.760987622179204,0
43,49,0.8361711654088411,0.8165391583401529,0.7296382647672088,0.521210811381871,0.7565319537136654,0.6980193468944077,0.7344668278288325,0
43,50,0.9805249877373708,0.8603320261354094,0.87161485277035,0.5727914587305134,0.8550009497725491,0.7984313825901528,0.8529474758370361,1
44,1,0.32167930187432403,0.35406405934930235,0.5476166367452007,0.6245121838970251,0.3198236139804567,0.35203541878027744,0.24413552092885674,0
44,2,0.2625587501331473,0.5083920134634826,0.5000960867026696,0.6260619993514552,0.2510143262373923,0.41698547574963546,0.303501300957204,0
44,3,0.2166501031768168,0.3930976644225166,0.5567353048543173,0.6757145669937857,0.3049100993716565,0.44097180333913966,0.30558928556222203,0
44,4,0.23278942510292774,0.3686110474005419,0.49766414996419206,0.5434989380267538,0.26041404630199455,0.4780541018084132,0.25489781775808235,0
44,5,0.23467138323439346,0.3521712249002537,0.6518892730631767,0.5598660118389654,0.16824084091472932,0.43773576985276563,0.30642607392303833,0
44,6,0.36978933845698847,0.3667435092402685,0.46910942134182704,0.7165283298384114,0.31034742593034703,0.4684040668880866,0.26610656522463405,0
44,7,0.3134870767905449,0.41767686340596827,0.4702550532836555,0.6264017332633067,0.3619092133089963,0.37510161236981593,0.2582100465968265,0
44,8,0.2563868779810059,0.41001316567394863,0.5798999719741335,0.6476848468650478,0.27565046303020574,0.4450496737540172,0.331999548018159,0
44,9,0.3341071453692232,0.3720793528556799,0.4833542740175758,0.6404261193022152,0.276475650319765,0.45694652205466696,0.31049139592282027,0
44,10,0.36056584425030724,0.4514032766005068,0.5371482127594934,0.661551190451562,0.2476802304375503,0.5427385870908342,0.25161813994584314,0
44,11,0.2734066218506061,0.40237928122864763,0.48580202705796677,0.57369739994009,0.3703005322884872,0.3751648602708558,0.35777819493419105,0
44,12,0.2722833791975258,0.4478303641896927,0.5081470687612397,0.5539396196894388,0.24257398071974562,0.4695720758234845,0.3413785161842512,0
44,13,0.2753521088144678,0.41427842331844894,0.49801127899851816,0.515183351889388,0.3206751950153768,0.46432274306047505,0.3171804399389103,0
44,14,0.2482998285399941,0.39334481415531397,0.5317113296978568,0.6346260086115459,0.21192748249842375,0.46973489999378015,0.32881584197777997,0
44,15,0.2962924723372471,0.38857292390306664,0.4922673714980347,0.5397139529193282,0.3599713207204144,0.5290888190285113,0.3322511787085141,0
44,16,0.3200077376481331,0.42186806039004826,0.4485291225672127,0.6412174298834616,0.3967858836876414,0.40897532590534313,0.2394133594594055,0
44,17,0.27604368110222705,0.4264248265370095,0.49107961054537647,0.5790030744402571,0.3870739716276893,0.4669413023072962,0.33417967013800964,0
44,18,0.28011256814172725,0.3820720382470716,0.492236642804084,0.5845218336990937,0.2389226326371784,0.41792156802265146,0.3820425277591113,0
44,19,0.3427871286292971,0.445980902161849,0.6318228968299422,0.5563899263079224,0.313110372682228,0.5028147636844267,0.33078024484193547,0
44,20,0.34772416711931664,0.42007665191560073,0.47337321531690857,0.5680788912279746,0.399292961661561,0.45829077483153313,0.40783733833279756,0
44,21,0.3083704633415975,0.5165816765263458,0.6025952755294313,0.6286938982257644,0.2953392366451214,0.40880726088583835,0.28189526013061317,0
44,22,0.30191088005441596,0.5273452446421151,0.4251993950358194,0.5503196169852372,0.4126777270927911,0.4768718024882085,0.20784318845520797,0
44,23,0.31774775112446246,0.5176021815742484,0.6689432619651878,0.5951301505902185,0.39676118135477506,0.41035671213576785,0.3714603199943062,0
44,24,0.3973289726504956,0.4509499693672292,0.4797027806405343,0.6204918202585893,0.49884720226601464,0.43357414508266906,0.2516285485326124,0
44,25,0.3241766481070762,0.3639350919365251,0.5562426132398823,0.6503602797953238,0.5365935568890987,0.3883811521578443,0.38152607156443824,0
44,26,0.3677089823282586,0.4072599183577938,0.46705513234802415,0.6258318051370289,0.4394106595907776,0.42842830876856464,0.4121818506766628,0
44,27,0.25064289857554134,0.44899717427475816,0.5768191343771994,0.6405176691236627,0.46305335522839686,0.5324994507178339,0.29446047141489384,0
44,28,0.42618063768201325,0.36443250565178575,0.5410413886958061,0.693735266914222,0.5248409750560437,0.49220581864231766,0.3870719650880847,0
44,29,0.42118678997795245,0.40539691443571035,0.46657108864386376,0.6432724478698247,0.43141913025696804,0.47093483495198796,0.3769383539640114,0
44,30,0.37781416505981363,0.4370732847920771,0.5953541570730295,0.5700947479950733,0.5247893314625625,0.46523139597846275,0.37802719080784747,0
44,31,0.24719065602241877,0.39552878837932837,0.6718039598988927,0.5511107106291746,0.5229385881193359,0.43130461005446474,0.348598495039038,0
44,32,0.44551685717206796,0.5024252765395713,0.5781523198224247,0.6978019059266718,0.4500081881743051,0.5182171488475716,0.4082651297579366,0
44,33,0.35917710063591773,0.45393425521112857,0.4919123448381409,0.5715690581020078,0.44197921093649056,0.4845423880913038,0.3543831843364964,0
44,34,0.3949220367641334,0.4254121972855834,0.47811620275235395,0.6062803770096012,0.4594927565831731,0.42357939302368575,0.4531843504537436,0
44,35,0.47528115714539365,0.49544381916795444,0.6250366798112549,0.6720999690398138,0.5520175506359621,0.5520915899571592,0.3168791655761609,0
44,36,0.3350855901564558,0.3987960234483809,0.5113131217009244,0.7323528666934292,0.5135919981549372,0.569575785666678,0.4778913581721602,0
44,37,0.47660258673640843,0.6041065932666904,0.5819617278739008,0.6336996940212004,0.5506903616729211,0.4718031102305182,0.38368315675837716,0
44,38,0.3616370430166662,0.41991878810956446,0.5862533158300768,0.578431709940511,0.5066435901517197,0.46606233848429146,0.3601928390233063,0
44,39,0.38019085880532594,0.5494224818938359,0.5768211374259508,0.6146882598838598,0.5604932291772077,0.41001850679896334,0.3983038594735348,0
44,40,0.44167045712380437,0.42639129573110657,0.4576713858429917,0.5877908884951498,0.6430797414795727,0.4870487696790123,0.3452652380125899,0
44,41,0.3615284705588123,0.45902244357434613,0.6310932403051679,0.6807526549632227,0.5060058876685438,0.51505830307908,0.41913784493377143,0
44,42,0.395137000840098,0.5162409994078709,0.5786264793102152,0.5173675353914866,0.5858709472709972,0.5106132445715839,0.4681797084433762,0
44,43,0.37565527795504855,0.4913566617063695,0.5891851144921822,0.6258210660573713,0.6232584792780254,0.42394067288924286,0.4116426844648275,0
44,44,0.4681112406787141,0.6323006813628103,0.49752300338637945,0.5882319518936378,0.5345212536613626,0.5205033987275887,0.49431164576950093,0
44,45,0.54179214311471,0.6584201164526026,0.6451351704340502,0.6391739633787086,0.6779154432107081,0.4016879797921619,0.48816655971895256,0
44,46,0.57851209107365,0.7108293053662647,0.6223636118274186,0.6885540917483604,0.5745386947837489,0.5239664609861315,0.5802175330475985,0
44,47,0.7076943026115455,0.6765846586815125,0.6652196633423795,0.5417458358760755,0.6937696016244642,0.6428819143763952,0.6729211075486239,0
44,48,0.7449960209996993,0.7011769221770434,0.8046848698522749,0.5864194938268291,0.5930579944137098,0.5462939648601809,0.6007971060250958,0
44,49,0.8353544288205585,0.7981389275921841,0.7161189590471705,0.6138451262827366,0.7773266827264409,0.6799788303557842,0.7496669715267054,0
44,50,0.905124200148232,0.8243756153063994,0.7971425549966756,0.4120900398302828,0.7393755855875311,0.7287730398175537,0.7663581063198669,1
45,1,0.25187984683878684,0.42634868744743776,0.4875045455111758,0.6288064371657711,0.25668814100884174,0.4191349603405979,0.3006994839765919,0
45,2,0.2941303923443415,0.4568735927940685,0.6661913808567037,0.6621756664014166,0.19032244691571476,0.44839115239099003,0.3086409208245209,0
45,3,0.33687296166925745,0.31359442455079967,0.6107686593930814,0.7310250120834868,0.26108423979621287,0.4538067540611566,0.27571775963702505,0
45,4,0.30061975726479645,0.43207761963851626,0.5568496811002371,0.657600114296197,0.2899033984485422,0.46493243349928237,0.23918256673699345,0
45,5,0.3622514801282002,0.4016686624022299,0.6129635963587734,0.5649622820053045,0.24321424282337392,0.39494209240950706,0.36196106262119,0
45,6,0.2679623433030107,0.46415307613309253,0.6251438639532334,0.6180248685222999,0.261785096707819,0.4650807684813492,0.2534731009239858,0
45,7,0.3836615046174857,0.3831993239874852,0.570967836849456,0.6514282667682207,0.2531740454778229,0.44088275464546955,0.3858309962269715,0
45,8,0.315613080470452,0.4908431148125878,0.49254126941012827,0.5571851054097293,0.3781008434954168,0.4380260891309215,0.3454800425074507,0
45,9,0.30314846456969713,0.35855336075690714,0.5188617887809664,0.5811246088893032,0.22834073990524695,0.4174438665317038,0.1887304678515897,0
45,10,0.32644285712040527,0.4333833194773864,0.4408069137126175,0.652872414167904,0.23730721567088692,0.47009819352067095,0.30021804632690874,0
45,11,0.28636896812101614,0.5465764228332854,0.4644838936334354,0.6335935199759827,0.3458821225695423,0.38727935754555326,0.22888710812970342,0
45,12,0.3324953093628322,0.40409982741358585,0.5030225848047283,0.6746461790775248,0.2596194152303084,0.43236223444269417,0.23550794793415908,0
45,13,0.30959750303580935,0.4635768149083609,0.44063207078300304,0.608486745153655,0.2402917783725088,0.42589466569221,0.38788940377206127,0
45,14,0.23342615809514367,0.3924060367512592,0.40963337166079516,0.5422536272715668,0.36625921684972407,0.3672858381318948,0.3320164295177439,0
45,15,0.2787457368527222,0.44036749900288885,0.45836369434569213,0.6704506640496228,0.29309958208566017,0.42168165556965564,0.2937324497301447,0
45,16,0.33614434498283385,0.30051494170381,0.5433970055394725,0.5153244300904651,0.32352069726865024,0.436991298912665,0.3039970885234082,0
45,17,0.3485259776113655,0.3955267103590355,0.47051420982518755,0.617841826780849,0.2603760751660307,0.419951101240616,0.39160389166936793,0
45,18,0.29911628134171847,0.4071849593534942,0.6691687516971432,0.5877283275998207,0.33321134687849024,0.39366175360991346,0.3272660901783626,0
45,19,0.2754311569264091,0.48883614003609827,0.5493744509001957,0.6711139561259108,0.3513118683296048,0.45875921654456664,0.3187451752562959,0
45,20,0.3291353561759419,0.44243769741574995,0.49992306006853604,0.5890421821716701,0.39426332448942963,0.48897937296863575,0.2977720951044956,0
45,21,0.3361306238583446,0.4625181758187805,0.41407525186974964,0.5645160380173407,0.307049328792686,0.45104422133258726,0.28955133150548445,0
45,22,0.27080812311184654,0.4270381731416099,0.4565127479146862,0.665474506521977,0.4267536781877347,0.45831146407371764,0.32210290351597165,0
45,23,0.3112118180326466,0.4117271728156313,0.5541091952085865,0.6571824301282623,0.42647795974958524,0.5153519154563294,0.31138428828074555,0
45,24,0.3896160607525177,0.46071081972690675,0.5211100881620448,0.7307912686936869,0.45066383284296097,0.44407279130329586,0.30810275931763503,0
45,25,0.3516720003518723,0.45622584597692134,0.5873393499218563,0.6728052714112385,0.4579921990694539,0.49919877878159713,0.3675687179451341,0
45,26,0.3083402565652171,0.548117694080878,0.4552426338706508,0.6385626568698485,0.35379397650928357,0.4514935630582022,0.3190353181065958,0
45,27,0.36561003337527115,0.41238331485027047,0.5411409881533897,0.7036204533473769,0.36426409414991245,0.41509731154189666,0.3932377323957668,0
45,28,0.35967989579861703,0.5139151174346164,0.48921519087411947,0.5888398861941443,0.41344148801198977,0.4417898476332219,0.41977610424738393,0
45,29,0.29601120876188525,0.39711584663534105,0.6445185765480178,0.5831360039180142,0.4413995812349001,0.3798682911039532,0.3422806981917041,0
45,30,0.371970001721037,0.4626067974350688,0.4384580132183782,0.6003228747615217,0.47881488583555293,0.41240875714833475,0.3907445578988941,0
45,31,0.33648971387468407,0.5068916096885853,0.5419182281761177,0.6888282788947288,0.6010490396034849,0.40871672590333763,0.39907422017733335,0
45,32,0.3179881322897972,0.444443966589067,0.5101536031239557,0.6120331256878326,0.4666180696267628,0.4548857705972459,0.40509941641390845,0
45,33,0.35037484664637264,0.5271911406525985,0.6020206461929349,0.5501716788843124,0.5368979064919044,0.5457012425778309,0.38334867427672453,0
45,34,0.47536459896520655,0.6003417452327542,0.5134228103381778,0.6097235454896336,0.5840409170405897,0.4996837252218435,0.3210351833495958,0
45,35,0.4152238227544018,0.47114808057661506,0.46663658799941543,0.6724770691688883,0.48386468928000703,0.5251404932229199,0.4599477215289701,0
45,36,0.5115401619902981,0.5742313517383959,0.6093721012230723,0.5491272712463017,0.49830292816564153,0.5177825017385721,0.4472917975975492,0
45,37,0.58434149477091,0.5928689522390008,0.5550697186091672,0.457551703747742,0.5184427150156616,0.4703649556078842,0.43968138988196004,0
45,38,0.5660258852256385,0.6890773018995421,0.657773603382595,0.6966553001567768,0.6228031010815008,0.6064327055863044,0.4808548864189521,0
45,39,0.5719057337147133,0.6160696813608368,0.5921130886459643,0.5157209282159594,0.6202207878610351,0.5164354048480321,0.44472540259407345,0
45,40,0.6151833222626474,0.587611939348616,0.6322442330834939,0.6055003425272789,0.6449928986012747,0.5482218624402713,0.4788029206480526,0
45,41,0.69223070558604,0.7021124430311758,0.6850391365775979,0.6352440577965673,0.7295942324403203,0.5716596562251025,0.6409281626993245,0
45,42,0.7429882683809184,0.7135759918546907,0.5340690685470532,0.4988684771675505,0.5678806197582207,0.5212765957871266,0.6331657491697829,0
45,43,0.7116595767040151,0.7413499385314769,0.7885132459225627,0.5630262178004393,0.654954900315624,0.6126524457181585,0.6386779441102487,0
45,44,0.7801808156619795,0.7405099958961064,0.6931315863891273,0.4486332548114229,0.7256524570096065,0.5752634808613628,0.6653692821042911,0
45,45,0.7326163335565368,0.7092415394171107,0.85734532386044,0.5331258025699424,0.6138924426318235,0.6940965935645994,0.618366239721341,0
45,46,0.848173784604449,0.7142954250003173,0.7434516050082023,0.4828175450822792,0.7448533042877601,0.6777854425460862,0.5501395705520509,0
45,47,0.8402461092016589,0.8514569347411192,0.760759286273215,0.5706326285199178,0.6751043940440076,0.6436650335117334,0.7009175334469717,0
45,48,0.9541804966547349,0.7934498365375179,0.6594835301327179,0.46929251359973295,0.7909556966557877,0.6893634485763273,0.713764411602512,1
45,49,0.8740892530220065,0.709851711394423,0.6976467031760877,0.5271569242601489,0.7333977298323462,0.6342627295220941,0.7982029765675775,0
45,50,0.9718255156220109,0.8630857761470632,0.6785769870010336,0.5244885244594537,0.8181314375184361,0.7838576167816905,0.8060631662506477,1
46,1,0.1371234871146061,0.45670839409731795,0.5807265644663936,0.5629682713567884,0.2062413089776391,0.43382547217535533,0.32763956287445173,0
46,2,0.07807108889454681,0.3971074255420411,0.32600082243371986,0.6295143445887239,0.2535324664149646,0.48460399541638866,0.2540715874372004,0
46,3,0.22472769656944463,0.33901399957928213,0.5688743458426119,0.636460539513659,0.1906732201576514,0.4312690286112798,0.280833275741013,0
46,4,0.1777292000790818,0.411754524668943,0.4629347867292681,0.563729429678496,0.24629196751459093,0.3807616166490715,0.3304290145724412,0
46,5,0.16109648176923405,0.4136890215936591,0.45412100697661884,0.5237412316518995,0.20916648995317783,0.42448415853636445,0.3190704362456767,0
46,6,0.24833593533783982,0.3565416914291713,0.48323111284614884,0.7186620021059795,0.13813519682295053,0.4058022847037003,0.2420253026118676,0
46,7,0.18482983021462257,0.43830777190450415,0.5290864461586653,0.5416629456853832,0.22771027560925478,0.42979414754371564,0.3351690442019507,0
46,8,0.2452919940341993,0.3601750039725257,0.5062308321220562,0.6308585717020285,0.24083654777938876,0.4547128902967272,0.18723114557997567,0
46,9,0.1899328334649048,0.40791473841522374,0.617000605731855,0.5443089694634646,0.29736315671622987,0.47229607895032233,0.31191682291431505,0
46,10,0.2848720359514948,0.40543229747968224,0.479072140494538,0.6013710270684248,0.26707121653966504,0.3744910163625112,0.31424752930386596,0
46,11,0.2544966181939199,0.44447977468075905,0.6313968588234666,0.6073020113976392,0.25080501493731105,0.36191288324236426,0.4182671693037407,0
46,12,0.18993120852743886,0.5058577544633568,0.6141313668720223,0.5389233498526917,0.26279150749496166,0.4301837577419815,0.2576957451999019,0
46,13,0.2637503019084178,0.3551369570838853,0.5413100383581756,0.6901098785259623,0.34101321435623133,0.4344191822609954,0.2803949120211872,0
46,14,0.17290619898402662,0.4385395905547561,0.524186101313732,0.6875366615725825,0.2910350743358667,0.4147132094053441,0.2543067564684288,0
46,15,0.214161412434816,0.3858963011365074,0.47032286133259027,0.6522263297877745,0.2688223700166162,0.39029170175101585,0.3638180712758692,0
46,16,0.2867244588856438,0.41363220923454175,0.5255211870422357,0.629377956316173,0.42723717602880945,0.5076936413105135,0.3792618519096168,0
46,17,0.19321072611726756,0.4722395731530454,0.6235731791610573,0.6897691239271242,0.35378295544000526,0.4801904272437075,0.3614693826542565,0
46,18,0.2557708858232784,0.44170976684014024,0.4736332426704769,0.5788368537466428,0.3199105783094217,0.36523816116087476,0.33394299636742053,0
46,19,0.2878504113706135,0.5024358641489556,0.6231006055392571,0.7051079274985851,0.3255751383626595,0.3750020361006418,0.37593717890327166,0
46,20,0.33115182694694967,0.4662498104846188,0.39223072366774614,0.6419365678060156,0.4133264520745646,0.5106037510629294,0.4034814346991617,0
46,21,0.2275882596716356,0.39314413427236705,0.5709772806271415,0.5724550933744661,0.47750822641054225,0.36417205313240386,0.36294433061973336,0
46,22,0.25021387120987026,0.40094418628476297,0.3908756588289856,0.5881142788356389,0.36716700912596084,0.5063868329424228,0.2980572180859938,0
46,23,0.19954021441433864,0.4738124097041794,0.38016097534707316,0.7457177706758417,0.3985359483921289,0.3124749637800496,0.30391252622200626,0
46,24,0.23496129799311333,0.4341679302100579,0.49201679926720854,0.5710152753759072,0.34647902288006943,0.49468947119665435,0.40245678076181235,0
46,25,0.2704703720848146,0.3986834569903711,0.5449714488835498,0.6337978257292292,0.4118360834171706,0.4748037488884724,0.36043543910255127,0
46,26,0.3346045802728762,0.4472176870085212,0.658890012134189,0.6452252353651535,0.55225598782231,0.5151634584653223,0.3589594814070431,0
46,27,0.24347383084795365,0.4868517142491261,0.5532188258653643,0.5846584258405348,0.49298359685660254,0.4597385665178016,0.3921504907650364,0
46,28,0.3321257879868368,0.487849778467364,0.6286298765123332,0.6786458300429803,0.4469027959575253,0.45093127296783425,0.4419515496295471,0
46,29,0.3231738895283206,0.44633065039051295,0.4160681843903645,0.5463596541316428,0.48535525309171906,0.4956565849802552,0.3758606704610081,0
46,30,0.30891521234813485,0.4292382646832958,0.5896011527031635,0.6301764776557978,0.4354665197030277,0.48562596507334305,0.36196850830087235,0
46,31,0.31024939209875557,0.5574688329675833,0.6557859566486848,0.6255743626419468,0.4881503151875229,0.40365246254156983,0.4646634937635523,0
46,32,0.3865307355025971,0.3918444165264204,0.5731122045935249,0.6009437060722833,0.5403974977266074,0.466057983132234,0.38780496536780024,0
46,33,0.340044714803423,0.4956692944009626,0.5949042933546959,0.6831662850581173,0.5626510413762581,0.5556844891609106,0.42325155459647884,0
46,34,0.3214549881232677,0.6442738656819722,0.7431183663578406,0.6245398381150706,0.5787929011032736,0.5133190544187838,0.4303025342272856,0
46,35,0.4358539847255881,0.5897490547326661,0.6330109169204873,0.7106247557300457,0.5495879013195817,0.454082381456558,0.5436917215373613,0
46,36,0.44012551545401435,0.5943300142104023,0.6439451129012829,0.4989879865784526,0.513497380103297,0.4677894483649447,0.5132570817375566,0
46,37,0.436793635707436,0.6493163309857266,0.6910211787693931,0.5404557526053098,0.4540452578479305,0.501570532373597,0.47310378732122704,0
46,38,0.521760885359427,0.5679824107242943,0.647339875037112,0.49656485403377937,0.6185746887266667,0.519554892274507,0.481935717752376,0
46,39,0.6449781744408252,0.7470036637260806,0.5753237003097178,0.5327750489685095,0.6333605085308129,0.6401823245582924,0.4360529583777567,0
46,40,0.5628998176629957,0.5597037019532464,0.5656363506386294,0.5287906752786861,0.6206717583418045,0.6454527620608262,0.5826697867064842,0
46,41,0.6183836594740296,0.6394479407483882,0.6574994079909645,0.5988738979910098,0.6938108730167498,0.6009586467301886,0.5391918559284672,0
46,42,0.6707369670642537,0.7551216685883702,0.6339723131785421,0.5113607361726301,0.6919410404238031,0.6012854643066875,0.583858648008902,0
46,43,0.6080781147485603,0.8150863474649661,0.6497250448919759,0.5977179898823284,0.6547577345701918,0.6485300190055115,0.6138987702500072,0
46,44,0.6890526775521167,0.7024193430744116,0.8306672611442327,0.5417629618208215,0.6354582663388276,0.5737523371710718,0.7410122348851322,0
46,45,0.8393012593686288,0.769799860427787,0.7248591068783146,0.5444763430253942,0.8236713420708874,0.5519605001003856,0.6791456474039468,0
46,46,0.7553451543798944,0.7761132116547143,0.7073431619162235,0.5398592686027269,0.7040139236992683,0.609198281566958,0.7081921114143536,0
46,47,0.7686870189491195,0.8808328991492989,0.8305947841012485,0.5734942808074132,0.7700521017845381,0.6896858000114467,0.7668876528557687,1
46,48,0.8659819766555972,0.7777144043379532,0.7454508707485095,0.5515630591214226,0.7851218370999116,0.6976118535585367,0.7021738583589321,0
46,49,0.8017552664795283,0.7779524598374018,0.666453434287282,0.454815522251112,0.8244121211985688,0.7788321140161364,0.7475072470862654,0
46,50,0.8846364995147565,0.784210682511876,0.9257436810134008,0.5881986836184844,0.7855508786054968,0.6853007419756246,0.7606580430462729,0
47,1,0.25182846147596455,0.3755437253094819,0.3997911072965099,0.7479235391429531,0.22325160480988107,0.44422960000972134,0.26147953069625074,0
47,2,0.23576727620110532,0.37903889955065495,0.5528674066503704,0.6743646544025702,0.2639017687825623,0.47221361679585744,0.37538329037382995,0
47,3,0.29849309378648886,0.4224930286917864,0.3717975220015458,0.6107287830387375,0.174937309585773,0.435771666535218,0.24824949203431815,0
47,4,0.2961837076529769,0.460578502301008,0.6197483093066987,0.5194385549557464,0.16405999790319092,0.5719907593116559,0.34087618599297725,0
47,5,0.2523341782615919,0.40015699264525406,0.37263774097252056,0.5736602537225904,0.23828914432972048,0.3912070062269807,0.2637432004725293,0
47,6,0.24174965066767706,0.4195060004133366,0.5265775399502606,0.655367569917385,0.22536303404779387,0.4907490624019341,0.3177781096803368,0
47,7,0.25255710278451565,0.39959258396641045,0.4959284181268564,0.650557808133385,0.30108351135075323,0.45563265414069926,0.31514576790387816,0
47,8,0.15397195254038176,0.4496946314469087,0.5469847866574534,0.5609143233997256,0.2888349367037985,0.46359692405401115,0.3593623532612531,0
47,9,0.2812123930868155,0.4607386158750371,0.4929421985864118,0.6447201931757032,0.24373320834777065,0.48811483538106515,0.2229144442871664,0
47,10,0.2696177508383975,0.4642693665363147,0.4613618940726092,0.6253990147289777,0.29363780538387674,0.45569417800252277,0.253621902467601,0
47,11,0.18003759634237926,0.38520789714413184,0.408208899500256,0.6696931639811375,0.3230078466505422,0.45820193234493684,0.38225946981242803,0
47,12,0.3064115868166301,0.4245011173588238,0.5131635811731974,0.6983975499247338,0.43291276180412247,0.41522666685682924,0.3528859795759942,0
47,13,0.2960879238685192,0.4361588864516744,0.49748454059771896,0.40490116634469786,0.40908855947590933,0.40346337061638005,0.3017221427524696,0
47,14,0.2439421330833282,0.4384120070997811,0.5192981295204541,0.5770078412702278,0.33495812099908134,0.43794766535208174,0.3627919285644051,0
47,15,0.246462836701408,0.4652648805418702,0.4792179939586244,0.565795864247295,0.2995825435394834,0.43595106416553087,0.3141410531966479,0
47,16,0.23890404532356466,0.4702579463626766,0.6184353833580374,0.5053742788167961,0.2507875629545885,0.4925428487387494,0.400089817031287,0
47,17,0.3347041278099388,0.516093994322439,0.4668311413917032,0.7147800696135926,0.34232034314719967,0.45953185452865597,0.2882383342726456,0
47,18,0.33925490862677044,0.5230354677864912,0.6296425158377158,0.6194509973469658,0.5485027169109138,0.512739632423685,0.3538258017522829,0
47,19,0.22463066628461537,0.367148607146167,0.46504341591528175,0.7026381593534137,0.4002253348002514,0.41593134083157707,0.32260654945516465,0
47,20,0.34473483627218027,0.3980601118782085,0.5564780470281371,0.638005146556802,0.3290679193908253,0.5274003014605174,0.3172214396738436,0
47,21,0.3509763017220068,0.44732477885773214,0.5621899818861338,0.5489192119885076,0.43774497509851834,0.5580214182262276,0.27145831351077687,0
47,22,0.2726668179784965,0.5816803029798732,0.6219742734705175,0.6369264405817983,0.3243279514478348,0.4014971962611871,0.3745137252840895,0
47,23,0.24897661050889375,0.45024156325839393,0.5461391668680502,0.6428018844316576,0.3806284821309732,0.49820732730655426,0.2967092643511787,0
47,24,0.3298383366794034,0.48243245428142667,0.6211398636347877,0.5926800592937072,0.37633534809083435,0.3691803121924208,0.24144989520385823,0
47,25,0.31735615870251643,0.40069584380280865,0.4790230210092091,0.7114072314377557,0.4775503868181688,0.3919196562639188,0.3228825974440548,0
47,26,0.29500975152797004,0.4171652342297284,0.5179227951352228,0.6854396531199485,0.5048840781511243,0.41962765911038646,0.3706275547317156,0
47,27,0.27952052812169464,0.4453462743374979,0.45470360684016525,0.6897833142291857,0.5361483225593182,0.43727134592129546,0.3177460343727844,0
47,28,0.394339749794998,0.4070794299053742,0.5344368731873145,0.6164636967277259,0.40575342358070493,0.4784990847043724,0.31780273324580244,0
47,29,0.3320651662542451,0.39094688588873205,0.402448271101635,0.6750963419982996,0.4165806146532892,0.567343204151252,0.45399189625418307,0
47,30,0.4576849525251285,0.5148787264693788,0.5028280337939847,0.4650896156112635,0.5112893082560196,0.46356479374405724,0.379568079287185,0
47,31,0.2871394562160539,0.4492486667789413,0.5990646100161527,0.5987374779575474,0.4573749285594436,0.38743064559711765,0.3651600240889138,0
47,32,0.3938586127309027,0.4364949549884909,0.530500713665297,0.7498390139446622,0.4696055466379648,0.4427712591933462,0.39248109929494657,0
47,33,0.4140727688349234,0.5254970021727797,0.5895116221412308,0.41737415039142145,0.48143529809145347,0.4025566886997334,0.422005339197977,0
47,34,0.37453279723753585,0.4182444401429994,0.6590005947367451,0.6042643316588308,0.614322264014034,0.4808693533431324,0.39374040094583246,0
47,35,0.42908008163508754,0.5114216942146804,0.6570024184760236,0.6306524719128224,0.5121776804446521,0.49875650814494055,0.4431270254545604,0
47,36,0.3692434931037108,0.390739074618605,0.6143270227559926,0.5336777121527605,0.5261003453691403,0.46461169063147123,0.30271157584671937,0
47,37,0.4736481897563609,0.47056972344100406,0.6128115763689191,0.7613413903245265,0.5847567931405324,0.43955783461711356,0.38805073980613747,0
47,38,0.44122295940969525,0.5495025170319043,0.3669081467060802,0.5686277268682294,0.537798396643184,0.42243564687311524,0.19379542204546793,0
47,39,0.37295177237161403,0.46513576585942806,0.4926139721446562,0.6224878774870898,0.5715852905151279,0.4511701443017264,0.4499871911236836,0
47,40,0.37898995259758644,0.4661064672158416,0.5657587804385604,0.6768052392122472,0.5205786774514121,0.5266273075331683,0.42039451216738233,0
47,41,0.49151154259569224,0.5183553546953737,0.6504792003468614,0.6462013194537581,0.5651793392622511,0.4608668814501662,0.4767350928946619,0
47,42,0.44560479815911935,0.5969260499495307,0.5726104971385156,0.4990638774882511,0.586873019396702,0.6054459367103432,0.544603075004403,0
47,43,0.5843272805839367,0.6449231935010883,0.6423717873701268,0.5136969504271318,0.5726698860688539,0.5331742870554481,0.5885346204984832,0
47,44,0.5663050912463224,0.6487362224374766,0.6255508333406424,0.5606939676419589,0.6138374308628665,0.6560512478069805,0.5517880064896517,0
47,45,0.6809452130526633,0.625611491251949,0.6795987588488369,0.6237390093072106,0.7533614591288423,0.5506092516140279,0.5110699381305636,0
47,46,0.7746250148660822,0.7259131560475178,0.7378873919922531,0.4683850587456087,0.6496807509438005,0.5204277180436883,0.6141422642043688,0
47,47,0.8352320545046877,0.8166077400621135,0.7183783777776569,0.44924561353932424,0.7255427592347905,0.7454232945897137,0.6793201083176796,0
47,48,0.7937740371611861,0.7262394976083308,0.7218396593586145,0.41439767870355626,0.8578453136788367,0.6816825023240246,0.7331386477183505,0
47,49,0.790311317586416,0.8720240748673773,0.6663796469773026,0.5409303258141546,0.7675850886791672,0.7006308985172774,0.6848374548575569,0
47,50,0.8693964281105447,0.8721255512946137,0.8033416182582083,0.5087158540141262,0.7258989116982982,0.8245325616557675,0.6932301340256665,0
48,1,0.2861829552801345,0.42490582274733363,0.5036667910887428,0.6500202669691684,0.2379299448949795,0.5265778360090976,0.29526816952477175,0
48,2,0.24482888753382592,0.2642660293364879,0.5009146721005746,0.6855789482663592,0.25413104713222534,0.43772780218228374,0.31766195777852474,0
48,3,0.30976550290732474,0.4201727950144729,0.4826721995841116,0.48118868056641345,0.28569040562046377,0.4499601256801951,0.29543297437579,0
48,4,0.29036143270944315,0.3875381787085934,0.5039904522267811,0.6166406846499054,0.2629911030899299,0.36816839944849356,0.3185275930953674,0
48,5,0.21141364719745756,0.4472620023778875,0.43834800772331006,0.6730065440606279,0.25108200348253434,0.3445861625564964,0.361223792582325,0
48,6,0.26901012583690886,0.455962115529238,0.6145454521192909,0.6320616137729677,0.2910372393497641,0.4469592965308713,0.27845661466491606,0
48,7,0.2636499354976258,0.47714689153222783,0.552033307435036,0.5559546085414135,0.3288512903386943,0.41432650740718296,0.19359870637524978,0
48,8,0.20923480133775973,0.4998364186558955,0.5931441380418193,0.6063320435802104,0.2995615907452678,0.5523959282827552,0.35080035189184927,0
48,9,0.40456153225272884,0.41927905054782444,0.5551270373215185,0.5638272086564444,0.18051686806430667,0.4182098854025823,0.30532040421842593,0
48,10,0.192715280203703,0.44903371610589743,0.45787301331694263,0.6565240615636648,0.3460955889706191,0.41422454549736853,0.2578090533866201,0
48,11,0.3109494372573751,0.42619881669237036,0.6203899434575897,0.6249957034385308,0.26176956738832097,0.385314896781362,0.30321004323231787,0
48,12,0.3403917932978063,0.42237551080172375,0.6041187449554974,0.6071438341098782,0.2611041188806488,0.3714843383099805,0.2858880018829067,0
48,13,0.37497941410192537,0.4457648213154673,0.5141069605584982,0.7233201057407345,0.23886395786170972,0.4313428582052128,0.4137836896050931,0
48,14,0.4004445214626417,0.4656802419720769,0.6138148136042563,0.7000936894072922,0.3260961476148823,0.41518941677022114,0.31062798400597935,0
48,15,0.27840568838092566,0.42877969753775197,0.6422464496723443,0.6555965426436486,0.47675705346721237,0.3330227951178026,0.25814781499850287,0
48,16,0.35992855574312566,0.4261211399858327,0.4228521215044123,0.6052925338310622,0.27214410453470517,0.37271871159250974,0.42154139088269504,0
48,17,0.29756147568254104,0.4295521826415957,0.5095953062774087,0.569560338062742,0.3343619237497012,0.46066177392620733,0.39513176560319774,0
48,18,0.2315504876696612,0.4862266209118303,0.5620806608069159,0.5825167399631903,0.3729258257711941,0.4738143591824949,0.3291526473911438,0
48,19,0.2529562816962253,0.5390416022123257,0.3953500689715242,0.6546710733996884,0.39300580778061933,0.47874716967258574,0.2939814824175869,0
48,20,0.2943047984584997,0.38268925304650325,0.45536327282068306,0.6274823041302553,0.2842087085923105,0.538025299172121,0.38444606402713183,0
48,21,0.3893750069978604,0.4270046767599204,0.4727469376144876,0.4593336390701489,0.3646259525064221,0.5376826427917976,0.2932074671251398,0
48,22,0.27917532008827123,0.4659497576803858,0.6252259278950018,0.527647362949129,0.31713344110216446,0.5251310019637178,0.37385334372259055,0
48,23,0.3958579706387359,0.38154855568050483,0.6019849443833722,0.61590571346816,0.44339263016077357,0.3328423943937363,0.32676483200528256,0
48,24,0.3109373216226739,0.5151648886400426,0.623926350499855,0.5624861824867645,0.4654395590800209,0.403966867138588,0.34510077205773787,0
48,25,0.27593968597938623,0.49434630927821915,0.5046250977693668,0.5851581483552591,0.467399059012383,0.41320135281582904,0.30065822653184526,0
48,26,0.32673169013866205,0.3848940252348353,0.6014948964871747,0.5956039260653933,0.34981919962631214,0.33103424944191795,0.39277071485162046,0
48,27,0.26271159397749033,0.4921701415192996,0.5996054117416197,0.5727738200843222,0.49775843957635874,0.5605446460556563,0.4175331635485549,0
48,28,0.34421028864904185,0.44061408972355387,0.5408879762972271,0.6464444962197657,0.37654928248070607,0.420730904619677,0.2814124928508708,0
48,29,0.33625652866219224,0.4327645667265694,0.6038349443765819,0.5573239780443014,0.4196099155893656,0.4996263242456253,0.40184078900630693,0
48,30,0.34730596277957737,0.42905963796104846,0.5341862326495888,0.6286302436490938,0.5036219719289561,0.47787795067465544,0.3716581170270122,0
48,31,0.35871766450779025,0.498153267559815,0.5978254171060993,0.5768287892317467,0.5339351369950165,0.39753825691115874,0.33905909229779757,0
48,32,0.2797833794172504,0.4586644494247598,0.5667036640041361,0.5104536690899999,0.46431869697374933,0.3773799533868338,0.46527693921584723,0
48,33,0.35279529673396576,0.487403670582957,0.5951164441420582,0.6786892909900717,0.40318676427112027,0.5317088798713379,0.42809126470086273,0
48,34,0.3441673980082554,0.3232619601687964,0.4673206186458888,0.6511309565757895,0.5780370479785935,0.5040418461058399,0.3646142467110856,0
48,35,0.4363155515372429,0.48130867906275476,0.7205124515190919,0.5471711423881922,0.43374841029716443,0.46265061299674504,0.3554209322754413,0
48,36,0.46191424971541234,0.5219010214197661,0.580548638031321,0.6094112419137107,0.39937811748033636,0.424048739309979,0.3990403190814701,0
48,37,0.4463732817145212,0.6164064189804045,0.5892826528295351,0.5194934363483856,0.5065904833523549,0.6014464425084362,0.5198835221023625,0
48,38,0.41579144371353116,0.5841402467552075,0.6347176204699609,0.5932971183857674,0.5360346307810855,0.5138919772182775,0.43622601934652877,0
48,39,0.5981679301981806,0.6355156897514848,0.601278468430933,0.6058365808550074,0.609676171070491,0.6652735896685089,0.5367931399281382,0
48,40,0.5677205302547057,0.5922788020794912,0.7313779529804307,0.6167833858775005,0.5525804239332067,0.586928621834639,0.5599869514798642,0
48,41,0.5556550811484762,0.6547382413019953,0.5132406499084576,0.464620365341,0.6021840602822266,0.6049183894253354,0.5699597735803501,0
48,42,0.641840556348655,0.6405673573269739,0.5698024760279562,0.5404517547790837,0.6769223467150979,0.6340831689978854,0.5812544797481894,0
48,43,0.7374994810843803,0.685563592155998,0.7703946715836929,0.5128717778773334,0.6461319490922763,0.5885112796834495,0.6326117271751858,0
48,44,0.6935449705319467,0.6114161754588672,0.7296533848134198,0.6242191812494113,0.7212307123721236,0.6692902042029006,0.6598994315637033,0
48,45,0.7763059666088958,0.7609456728814314,0.6555140156123532,0.5303413345652798,0.6868616544660402,0.6279794489473772,0.5645668711394345,0
48,46,0.7930379324112362,0.7948887954360959,0.7154304042294148,0.7011834293583106,0.643520136543625,0.683117695338579,0.7323954246501192,0
48,47,0.850245410925264,0.8257126986921055,0.7320187808066273,0.6280081988068801,0.7917542522636086,0.634365090552708,0.708866632175837,0
48,48,0.929534457674789,0.8060115720515868,0.835919981437632,0.5146150203021655,0.619447479485846,0.824950729994676,0.7242956038299503,0
48,49,0.9466860646090186,0.9191928640622149,0.7406999160233032,0.5081631024152052,0.7611651270238712,0.6536397037165127,0.7081607451679903,1
48,50,0.918740569470969,0.7981221510987395,0.7365923613722177,0.5714282447692198,0.6443873633630919,0.7380266125147513,0.8907579960756525,1
49,1,0.31547180836512184,0.45794131423981377,0.49279035975576313,0.6754876282018584,0.31631498112724143,0.35821188784379343,0.31143254387407987,0
49,2,0.2584079021116334,0.395931665283269,0.51941689807713,0.638934331870969,0.2851169175717907,0.446625733161359,0.27630617026618143,0
49,3,0.23322755197157097,0.4108583051439515,0.4553750483482371,0.6767526253228773,0.25280330844037135,0.48137637100285047,0.2558590389516487,0
49,4,0.3172525391763061,0.40689769783337776,0.49222380097686763,0.6619196297391438,0.2756869543187436,0.3628118131633354,0.3596322561543045,0
49,5,0.34905058025001806,0.33632256932181687,0.5302179217736218,0.6088627279436915,0.126485919413949,0.4599103989025832,0.19680314866274973,0
49,6,0.3228634517487322,0.37909820113524806,0.4463386093939137,0.6680213882337206,0.23902891696823603,0.4081470152655089,0.3593496238584662,0
49,7,0.2482693150894017,0.45152235055348855,0.42496368511433374,0.7265208295841716,0.24998915089599366,0.47352636907061824,0.3418217589011271,0
49,8,0.25089907227059494,0.4086517719022902,0.5626878973243263,0.5608145093623486,0.19980448467613382,0.5054101360876811,0.2640572464783552,0
49,9,0.2683394674179677,0.4055067194388294,0.6145272804971351,0.6148898487345485,0.2595904323069274,0.4191142181862553,0.2782270790461247,0
49,10,0.25707733471712885,0.4991605056444308,0.5658042178942299,0.5992882070684197,0.34889933807712936,0.35464030993063145,0.37478391758578355,0
49,11,0.3974663785641049,0.4691775719539329,0.548206418070562,0.6974684230920889,0.2614514341175842,0.4156291754148925,0.30538775907732807,0
49,12,0.24645576022381113,0.37309691512151705,0.5357576654744912,0.6630518298245519,0.2658151654435954,0.47032089763859664,0.3796199671025202,0
49,13,0.3105143162893349,0.41927011255555113,0.642293654495319,0.6209242396694871,0.3734212771769123,0.5361140739592788,0.3555634039814967,0
49,14,0.23449853879750843,0.411518528996845,0.5720649386420757,0.6466871520106408,0.45842492392782047,0.46135281438807035,0.30002793916246834,0
49,15,0.35907154675779007,0.42869693853958746,0.41857021622370877,0.6213356361749162,0.27525571333237964,0.4197181244825092,0.31930959882213333,0
49,16,0.279268469415105,0.3943940082943341,0.47538975625758345,0.5595187689721064,0.31503412612381265,0.39766507791130234,0.35092920579879233,0
49,17,0.3669854391124623,0.5285351695218802,0.5746127509745238,0.6469752214779985,0.39742023633769363,0.46712944085010794,0.32670996727132967,0
49,18,0.25976617965982124,0.47874597771524197,0.5266093633099169,0.7069711384574385,0.41690815421511895,0.4139024188862011,0.38913455234493777,0
49,19,0.4109609651108135,0.3724777361125168,0.5650578525419608,0.6456449699688517,0.438423011710505,0.4301651596347794,0.22212407640689724,0
49,20,0.3070915627379399,0.3395403991691348,0.5351760126272517,0.5554489106801273,0.4189451061856072,0.4356960132086743,0.43005474427598667,0
49,21,0.3431692411799826,0.4339464246770248,0.4199712268077714,0.6077172196917503,0.43420480647028875,0.47949949028324806,0.3199366131086066,0
49,22,0.3574726072495872,0.4681743292731745,0.594238759769682,0.6035532682859226,0.2969375124314266,0.4774880091538347,0.33674286174632584,0
49,23,0.3302863294852437,0.44752665554052495,0.5660078130306185,0.5841841358719322,0.36829185673258585,0.4473052366831029,0.29377968458650144,0
49,24,0.4294277457353578,0.5045316863363184,0.5599626558979754,0.7131006356572951,0.3665062341196013,0.5781219934939998,0.31937487412201365,0
49,25,0.43601983025190527,0.36733850966013976,0.642696450019927,0.6029654515728394,0.3909218925609158,0.4812319060082493,0.2946042337622621,0
49,26,0.2926099537480445,0.46645396396309097,0.6350753805363103,0.6431910761259472,0.41241250476313124,0.483470555541896,0.27727598789975505,0
49,27,0.3217361748375721,0.49954251230590635,0.5716059127675001,0.6521099872700805,0.44135704706537404,0.41839501769987175,0.42460584682846686,0
49,28,0.3678016253482138,0.45719476734231246,0.5842095216924259,0.5836707808869838,0.5151606296532231,0.5281138957917968,0.4023661541248186,0
49,29,0.3286934155577387,0.606505589192978,0.4769862818666622,0.672873773103208,0.48096709328459747,0.4574731278910639,0.3646581469867008,0
49,30,0.37540245502518527,0.4838412242980034,0.7354357256047622,0.6842493329050257,0.5009529663275845,0.49077794666548125,0.4499768827747873,0
49,31,0.34851304067483435,0.37524305861606366,0.5887141689513331,0.6708904250326579,0.41926399686591,0.5351540009000352,0.32465600036876074,0
49,32,0.36722797364392445,0.5529098181379908,0.49112615273433713,0.637474827521941,0.5344902652875454,0.49322350818397426,0.3934700516533352,0
49,33,0.33711354163266677,0.5601889893415163,0.54501954212793,0.6053691078210557,0.5778575300788253,0.4346716566561515,0.3818139095349511,0
49,34,0.4944114686351737,0.5938327258363395,0.5466831312994418,0.6511914304100319,0.5063119883028429,0.4501700255795801,0.37438157495529334,0
49,35,0.29601630749132457,0.49415116607827947,0.553039498924115,0.6387320273980122,0.5103489333341311,0.4509830318260727,0.41474550301378493,0
49,36,0.4454520428597073,0.5083364882236165,0.5437675413729406,0.6570061115710661,0.4051632104456617,0.5755839944365393,0.3873190071888784,0
49,37,0.3357824248788912,0.4303177308692968,0.584808330486502,0.6417520845659995,0.5532946864662167,0.48109131016252404,0.3447941419536806,0
49,38,0.4362929199811714,0.4489561142707952,0.4786952734440033,0.5885906635204772,0.5764109676911315,0.5904451047199575,0.4549058223055468,0
49,39,0.49770419081150497,0.5583141145186151,0.766376750611355,0.5234858060235993,0.5433490381592024,0.4935552972351651,0.48036356535363034,0
49,40,0.5460783010988958,0.5958396344456129,0.6637914633034186,0.6419990970964202,0.6780134639122415,0.5271109554245598,0.49193646690314946,0
49,41,0.5025527844924017,0.6819842963730373,0.5658945420278618,0.624193010331459,0.6351482822561632,0.607577616145435,0.41226139614147467,0
49,42,0.5907766489707345,0.5906331155054514,0.621071345605344,0.6393491043653174,0.6647315738966473,0.5616895413854393,0.4679589125108218,0
49,43,0.6742154715734417,0.583627164431566,0.6462434715371841,0.7294357562142229,0.666002221730777,0.6244553173426073,0.5016053792638264,0
49,44,0.7192407797148255,0.6602824005552571,0.7525535037094572,0.5685879942574712,0.869381767133008,0.5829840092343326,0.6038565764594714,0
49,45,0.7789393926812587,0.7283113339794286,0.6260024245467115,0.5383914777817658,0.7618815149814601,0.6934425981257657,0.5484230751795748,0
49,46,0.8612909442491998,0.7248125385366926,0.7220110045898767,0.6104730578567474,0.617213154764952,0.6031294108428158,0.6327007601248824,0
49,47,0.8640950881326807,0.7960454612164978,0.7153159464501891,0.6080598985464959,0.7055555718639871,0.698269829190049,0.7242305201983017,0
49,48,0.8531763057766888,0.7688123460955364,0.8315981325380427,0.6140254404352364,0.6996832447422954,0.6333768848353581,0.7693231518797341,0
49,49,0.8142381778644117,0.800413815688136,0.7569993515296123,0.45354572716622515,0.7571690031597736,0.7162092187175383,0.7090948910115717,1
49,50,0.9582520240775739,0.892138737540375,0.6637793765074331,0.4206809198243958,0.789032328067507,0.8148857416138708,0.7123603539085238,1
50,1,0.20867287108891358,0.3679694393318619,0.4102133267781227,0.5403249385631249,0.09583951403214566,0.4452291901607295,0.31247905127155695,0
50,2,0.15715851525524102,0.4454975645287091,0.55267450672576,0.6204376643986999,0.20859027540444508,0.3903442265482015,0.29480809169643624,0
50,3,0.2631101359293288,0.3849894788185461,0.5425035023242052,0.5539141970286945,0.2708040306443121,0.38265714286673186,0.3223127780638837,0
50,4,0.18131668353214664,0.5465401654619015,0.5407444841448085,0.575022462004283,0.1882726299959351,0.5438477803924195,0.31504943423515497,0
50,5,0.2032442745963579,0.42453878888544766,0.5073895527350878,0.6407539487764502,0.35141665379925663,0.3706014667718662,0.3252315163881956,0
50,6,0.19206503784556733,0.4592087083894971,0.40730020557207036,0.478013998511104,0.26747198088572904,0.42149101300635516,0.22795763747600212,0
50,7,0.3171489740319433,0.431350742397984,0.5125752006150246,0.7517146945375665,0.32432374958393406,0.5182638385270102,0.23920230359417394,0
50,8,0.2550710669043039,0.4315249609047894,0.6002763424961913,0.5221526674812405,0.3142158449582987,0.4806634316710147,0.34760860334056937,0
50,9,0.25374806372830694,0.37461714540173235,0.4938937742707008,0.557423819642124,0.2354800562396749,0.420551883581044,0.2788531626181064,0
50,10,0.16643745253959208,0.5140547894229506,0.48096059397430185,0.6397979344118737,0.1844616826253389,0.5018824566454708,0.31435803252434236,0
50,11,0.2132602516153057,0.46207049288830276,0.31088331998786467,0.5705483996774554,0.2918549697439285,0.42886944593843673,0.4338655981839208,0
50,12,0.28812865475158583,0.5117828593267976,0.5661429860051901,0.5795710357231196,0.23093074484078324,0.4740710141357102,0.3934512611828225,0
50,13,0.30388971284531063,0.5533973523869044,0.5794161999073434,0.5539620280523649,0.3200636459302673,0.5067107596760575,0.3013610104525994,0
50,14,0.2424704602490835,0.4431173710473418,0.4978481271759305,0.6295721804192644,0.3387468456661725,0.3591729036791641,0.29432033537094626,0
50,15,0.22906187477908518,0.38924181151674003,0.5948274823364903,0.6814039962251307,0.3686176492600086,0.37761753843925827,0.3140932611393229,0
50,16,0.2456526358509483,0.4639710583614636,0.5950473026040572,0.6483706867915426,0.4195082938408425,0.45538781934687295,0.3099219863994852,0
50,17,0.3019411101573368,0.4079914150838143,0.5537287580999048,0.6023411975398023,0.23248431186797575,0.4658053246056659,0.25947389091047424,0
50,18,0.18345199004044277,0.40081664614896295,0.49844808387850226,0.6921034862186808,0.32998909640084434,0.39145145231956463,0.3450172540996797,0
50,19,0.30334533318097007,0.3888060025417733,0.5451597717497845,0.7681740078036312,0.3566432624579394,0.4559365204850314,0.24634798709811895,0
50,20,0.2904033402506416,0.425505112874889,0.5750103072420546,0.6454963211477955,0.3009182338473344,0.4987653141312409,0.26986575282888003,0
50,21,0.2824915509252137,0.522951150400329,0.46332865535107565,0.6288610672051731,0.39836122812982044,0.4822679988886219,0.39380152748395447,0
50,22,0.3252097672116506,0.513716085941319,0.6600771425210101,0.6501153979832972,0.40744621462115804,0.4270707763192565,0.2642506633925197,0
50,23,0.2838341919598285,0.4443253848783547,0.5786402594970379,0.5327496035356084,0.39608154378261173,0.5519384754565155,0.38957993797511126,0
50,24,0.3013514238996276,0.4341284071300667,0.41561508237703004,0.6474277154247199,0.26909430102261994,0.4373222068693612,0.3422170405248835,0
50,25,0.3939864581552647,0.546217139255003,0.6122968213573735,0.5644803940356573,0.5402849196179274,0.485948456941185,0.29790101701234944,0
50,26,0.3369460478254097,0.4276560579678846,0.5514372788270954,0.6389885826308095,0.3679487479076001,0.4428953576121049,0.2963268712478406,0
50,27,0.2472145338696424,0.47479018520656957,0.44588909271244814,0.5519937870115214,0.37208712744975914,0.44332124230599596,0.3592190809985231,0
50,28,0.20760554856298835,0.4543680307985166,0.4922599523202928,0.6520507095662155,0.43594182013524435,0.45515844971907565,0.31555255307484703,0
50,29,0.23563833398684303,0.4454133004805553,0.5539318917291077,0.6049183722670862,0.4151638410375877,0.37001582317942966,0.32082455245541214,0
50,30,0.4123785347841549,0.5966893418844481,0.5535354916312168,0.5302600621275071,0.5197371917972878,0.4243098117977414,0.347814174592994,0
50,31,0.33199202213830514,0.48377307833455335,0.4758366817287696,0.5669700893913235,0.5511057457808971,0.4844494257085649,0.40141114661989313,0
50,32,0.4330064880746953,0.4852876418554804,0.6571505260784659,0.6128928518882254,0.4706404306209169,0.41500142931335005,0.5237604796895856,0
50,33,0.4573710251329533,0.6285595670908131,0.6048497272196566,0.6793258212647233,0.4901036663533721,0.5485334720962058,0.40338607371967383,0
50,34,0.44766733392121694,0.4923027817747411,0.6229142410207731,0.5740097801348166,0.4140190893054664,0.5015350875302356,0.4375109012059668,0
50,35,0.485677202773192,0.6461008910784302,0.6469531262391924,0.5540350630586701,0.5442257110986809,0.5197794163362411,0.4990350064420221,0
50,36,0.4685893234505571,0.5922118417349439,0.6535190102251967,0.521432889520075,0.5812023438805005,0.47101129973786326,0.5497876580661714,0
50,37,0.6100814569295929,0.5540065416475924,0.7112688937444249,0.6325104401777242,0.5657024408038902,0.5438769232563456,0.46012451535731647,0
50,38,0.5196555891748518,0.5651021269707612,0.754318755669525,0.48078597551295443,0.6000246377772748,0.5972579836169825,0.5521295070519432,0
50,39,0.633137321020987,0.623649346423621,0.6594376361074058,0.5478408546766016,0.6836969900204655,0.6932296598101074,0.49443058471920404,0
50,40,0.6428738835994542,0.7175186442117855,0.8009884119273919,0.6042734210729994,0.7037468575212324,0.6840030366438155,0.6472388885815434,0
50,41,0.578906827001327,0.6816364526626276,0.6956936124250509,0.5485568765538373,0.6321681879836167,0.6921250395480315,0.5560311430883091,0
50,42,0.6874393863924647,0.6572324714471746,0.6100197133040677,0.44701200468209923,0.6780437127060174,0.6233650320572208,0.5724565830466158,0
50,43,0.7218528502409478,0.7094772716836205,0.6461141842431797,0.485793968157314,0.6490491265582404,0.662790733377872,0.6171190325971144,0
50,44,0.7259110573967287,0.7884955551808126,0.7095823677507311,0.5422872307194755,0.6582780444114914,0.6075713549263152,0.6073460382732233,0
50,45,0.8164785969678607,0.7773954360751197,0.7232286242022483,0.5504622387339161,0.7126444910462207,0.6280908673054356,0.6571005198989712,0
50,46,0.9115885059922533,0.823337374800077,0.739897214483232,0.6092317837805084,0.7811085673977779,0.608555602803568,0.6820936995826158,0
50,47,0.8451937025976065,0.7791821809171965,0.7319391855802124,0.4941372521807015,0.7841179279369246,0.6181784324090518,0.691741352330724,0
50,48,0.7917353329910903,0.8242952369549588,0.773058073024518,0.49757213484119706,0.8030754724046303,0.7708112352740554,0.7295204514178195,0
50,49,0.8491900830373331,0.8578352951634854,0.6766339482164566,0.6186591794718473,0.8184900248546026,0.655926409575672,0.7134036216795113,0
50,50,0.883504749964322,0.8717754319815371,0.7457513466179634,0.5969432509417489,0.7650438741075327,0.8496641201868009,0.8028610375829142,0
51,1,0.3469558520807767,0.411607381254049,0.54686434193389,0.5486571941229688,0.10073743337982417,0.4193125146249322,0.3515385169574584,0
51,2,0.38108047920770816,0.4612610391596095,0.5046426094749816,0.6910254152796336,0.3093557231512838,0.4187909014458562,0.2745112219727589,0
51,3,0.17862651295098514,0.4118215950787921,0.555230658815937,0.6286706654849301,0.24768046522168244,0.4220261812200248,0.18794890550228466,0
51,4,0.284430461967165,0.3695114936234914,0.6014587944916279,0.6787220281076729,0.2523839513585467,0.46406848615497975,0.23265058321547594,0
51,5,0.3711611098101134,0.36914290904349156,0.4381166686504374,0.6247162371702014,0.2511234206658677,0.4593786049920009,0.2240923781380178,0
51,6,0.35608350070919437,0.35145090133976253,0.46690067471731683,0.4890058710827626,0.31537476092153344,0.44591691120362653,0.3111097272025474,0
51,7,0.21061379663567664,0.3589417005796047,0.4795791022687663,0.5750754337318199,0.2467093070212277,0.44210998513393973,0.3485219158127596,0
51,8,0.3167801349973271,0.44637718394618886,0.4481141781019726,0.6084300335739272,0.29999312692924096,0.43176044297397576,0.33450988802830317,0
51,9,0.3052287773540387,0.3547645122568063,0.5317017989489564,0.6259983666495422,0.22143007833166403,0.46170279124226316,0.36679617531700104,0
51,10,0.288040297123353,0.37779257215393414,0.39849369134689183,0.7402689012125057,0.26306687716905386,0.39107729112928813,0.24966124765053294,0
51,11,0.2932614360040851,0.49050365933802775,0.4301883528755336,0.5276879461226998,0.33210704493724474,0.43003967518453456,0.2974527581860443,0
51,12,0.3384574862019776,0.4188591206569857,0.4208047728653452,0.5199142910196902,0.26597429712256715,0.3825817529550535,0.32466028992615936,0
51,13,0.3128638996904892,0.41514625708341124,0.5180241304327867,0.6439378557625725,0.29740758839054254,0.40482539980197807,0.3760240075224896,0
51,14,0.4097784227149659,0.4101436375277826,0.5212611235711142,0.6116751591498963,0.33987311651793956,0.4186075902552024,0.3212067486872875,0
51,15,0.39486449382347905,0.48178691718097666,0.430064859972075,0.5491928034979332,0.3480650553654194,0.47953689627279683,0.29304322237792746,0
51,16,0.41571405447089915,0.46589383333768203,0.5996590676510654,0.5935129964940065,0.3127987647610494,0.4898445302331579,0.3084637069872051,0
51,17,0.3039620825179902,0.40863524301802095,0.5884558486021073,0.5294201085963228,0.3907431481006356,0.40838906206269254,0.31368498026065283,0
51,18,0.34218466075538534,0.42244361850422657,0.4976950846311162,0.5857144895635158,0.44118641281792836,0.44645246580349635,0.32050258533875264,0
51,19,0.33642471328071677,0.40734143958193164,0.5839740920340151,0.5747840548117444,0.23622524770110714,0.4495154018732443,0.31543045862148955,0
51,20,0.4059997103346357,0.30532401984759416,0.6423370845478924,0.6832806656268495,0.3423168042083109,0.42546078641584995,0.35721934757313445,0
51,21,0.33232781145867285,0.363761162306787,0.6815584904841403,0.677367442996133,0.398411181697661,0.4581887624620022,0.36566585142482605,0
51,22,0.2633035704628526,0.4296564010317337,0.5033619030656973,0.6103139204898811,0.44424763658850874,0.3612959901271344,0.26974288072183117,0
51,23,0.378939160660579,0.49140628066701875,0.650992639369281,0.602818748006939,0.4568288545774991,0.4877081239132875,0.36688345755350654,0
51,24,0.35484530741522574,0.39913003346986936,0.4591884993714794,0.6408249094098803,0.4127346493830852,0.4328246311079907,0.3756404313148405,0
51,25,0.3327629466479895,0.44167509654849085,0.5974440893045596,0.5585892048694449,0.43755660905225263,0.45222871278030574,0.30695950543152734,0
51,26,0.3034377538983182,0.46308200970786667,0.4460686911621848,0.6843462330333674,0.42848165461794874,0.42780931717153625,0.40562796640282267,0
51,27,0.34823775904548404,0.36873766689841775,0.6348654413032944,0.7323719417955918,0.3425843613084765,0.41701137796916665,0.35369067907540264,0
51,28,0.387656154030106,0.4569201029144846,0.5733286302124813,0.5623420703627632,0.4635595790146547,0.4033936288545401,0.3322071041984213,0
51,29,0.3725944947646725,0.4367631208546013,0.6124505549717063,0.6164443956608239,0.46835019398622907,0.4594773985751409,0.24894455777970592,0
51,30,0.3804880226682107,0.4819279994086903,0.5315594365095921,0.568156461503993,0.45558121283805786,0.44564572329778024,0.39695016244411874,0
51,31,0.3723511779550691,0.4681037873075395,0.5689339500334686,0.6454786637264408,0.5781558854474266,0.46199261843291917,0.41903724021032596,0
51,32,0.3717382131097154,0.36640877914943193,0.5617914578006815,0.65885143729153,0.3346768934152141,0.47421431837954203,0.39341051736159227,0
51,33,0.34742884833551857,0.5144559986546124,0.5534513148169778,0.655462257134991,0.48944852654917836,0.48525186835277306,0.4212617900020389,0
51,34,0.4250271447820864,0.5408884347628395,0.545073888463317,0.5524762300749291,0.5465625874493597,0.5393438805304687,0.4328391756408781,0
51,35,0.2972140251326633,0.4492083636501844,0.5150779658638839,0.6226921035096872,0.6162958900664403,0.41497291832214017,0.4831101044298215,0
51,36,0.3796768386635787,0.5258602356155895,0.6223012986776888,0.658996814661424,0.4778326719916397,0.4955014063869536,0.32192211280496713,0
51,37,0.4535450627987047,0.46786848667161157,0.6462257106848376,0.5773099480854241,0.5277726269031341,0.44445675258296585,0.45341382390441665,0
51,38,0.555655792807822,0.5875605125974459,0.5562508001004992,0.6057800684956609,0.529577461405923,0.5338194330961823,0.4197431011002216,0
51,39,0.5411308624992534,0.48028921182370615,0.5970906228636446,0.6349767182083628,0.5832832628156702,0.5721828282862433,0.43853509560696124,0
51,40,0.5232226208051093,0.5643794214892304,0.7549458170808393,0.6045326019111871,0.5568678270521068,0.4923595697633133,0.40540679704503724,0
51,41,0.6573149130975162,0.5885817446712353,0.5651946442966866,0.5291089729579456,0.6479688479963959,0.5566701795642519,0.4819064459561613,0
51,42,0.7699160606146223,0.6961811537102822,0.7500037730768894,0.4668737632622171,0.6169338633297836,0.5465605450424558,0.5683920097916925,0
51,43,0.7162098816499196,0.6168431645336938,0.6158623996735269,0.6012342519679712,0.6862043903925656,0.6039142852885369,0.575622879302812,0
51,44,0.7536100655579457,0.7215313820919239,0.7211782661732238,0.557415126033005,0.6570570349603599,0.6105684178798455,0.5580501344566784,0
51,45,0.8076197180774064,0.6753565556802719,0.7489753707539117,0.5449194373378624,0.7261757155061097,0.6648479401777404,0.6671464962386039,0
51,46,0.8411335435278696,0.773161066144085,0.598340464375373,0.6421016068529316,0.8299571827668445,0.6984310813915573,0.6932273714398329,0
51,47,0.844783570586248,0.7560248227699073,0.7893750093419036,0.4736069683080147,0.6473569852122525,0.6492668738962084,0.7136793254114422,0
51,48,0.889951100991383,0.7814662197973996,0.665969153295588,0.37761392499285684,0.6664092476348717,0.7002443258658346,0.7331071734138738,0
51,49,0.9719671907460745,0.7807469216397944,0.6928906945842302,0.5385034802910514,0.7322949957857835,0.7506205977939718,0.7558020115502109,1
51,50,0.9584784224543046,0.8907100458387257,0.9090939794663488,0.5112245536964576,0.7919584006164461,0.676806918898409,0.8093694929607836,1
52,1,0.23377894778836514,0.41213926451379257,0.5584413818535692,0.6511339705399689,0.20066073042962945,0.4630648177715069,0.3381928044762307,0
52,2,0.22326535449380613,0.3067653597389549,0.5440518633271849,0.6933870545758563,0.20256228635064435,0.4294718078917347,0.274190213252803,0
52,3,0.2385638751884647,0.3585878730486108,0.48833061444895975,0.5657269443136472,0.26234459515098063,0.43616190601338506,0.26623810413075377,0
52,4,0.21951904805731748,0.45759475852863174,0.4755291379259599,0.658102697925913,0.19368756288150243,0.46631192001899496,0.34226528000018047,0
52,5,0.3077061554030698,0.4176222500039513,0.594656269116427,0.7174507971392254,0.1776768581669298,0.39683809291183986,0.21821496452414396,0
52,6,0.16232869747671774,0.31660788297596515,0.4327825123373388,0.5157012793685342,0.2703294817895259,0.3741728677307016,0.2110858543998107,0
52,7,0.2422109122684872,0.314710845125695,0.46124091785706334,0.61552167488162,0.24159060359180679,0.41332583864736305,0.3571643489368056,0
52,8,0.2292903865470448,0.3447059233710123,0.496379183097033,0.6316575862051713,0.2688032873138094,0.4617345559112197,0.41139546250981074,0
52,9,0.2232013274944447,0.4904571588680753,0.47785681078139153,0.6673696103344654,0.3188540418408596,0.4944439928406901,0.39906698720797645,0
52,10,0.16486382157513968,0.38097964118679406,0.669023700661553,0.5351481314369015,0.3198083941514344,0.3082745387965906,0.23843864090552458,0
52,11,0.2575533568626227,0.3997779087305861,0.46059507829515606,0.5002074476218945,0.3406043531735983,0.42124263151712144,0.23250674127431734,0
52,12,0.2884177116166413,0.41116631549373134,0.5273194878318694,0.6222876089292465,0.26559231148230944,0.43951298066499156,0.34796084656619714,0
52,13,0.30249177777560204,0.39004509843820434,0.5653348786098848,0.6479279856401927,0.2744174724532883,0.41498436312302817,0.34778465513237705,0
52,14,0.17597171594710992,0.5084030619184647,0.603891177313572,0.631947110009962,0.31155700259852015,0.45912167246095714,0.2843717319670515,0
52,15,0.19640396327418597,0.34192385214658194,0.6872614644294119,0.6237845131044972,0.34722134126014204,0.4394633603444563,0.27761129902595544,0
52,16,0.27831474554455243,0.4217680861224018,0.4729458090613864,0.6487693275934426,0.35530188151208864,0.4620453885871847,0.35685224060099185,0
52,17,0.268910913832061,0.5083226281126028,0.4611189353763616,0.507582095106538,0.38633232212344887,0.4123324952562865,0.27033245213532764,0
52,18,0.273716891658177,0.3736217971184079,0.6642462283306689,0.523358824136156,0.356799296459834,0.3507361612576405,0.3403329116926114,0
52,19,0.32551905161260336,0.43853068068466455,0.624942544530478,0.5942171649557645,0.27472733863124493,0.4584758026513433,0.31677212597704024,0
52,20,0.23538629704184938,0.40514337772617554,0.6408768373280513,0.6624467479741987,0.3591358902324359,0.47154348649361194,0.23002700600699771,0
52,21,0.31180507979655303,0.4528688153197734,0.49584506978674736,0.61770151207214,0.4092865102827211,0.44893216699157557,0.37765019784617365,0
52,22,0.3209173343676189,0.5328777394115042,0.5931254433075547,0.7244575067828584,0.35768513802678925,0.37117930635772256,0.3301859604644547,0
52,23,0.3719260184656027,0.39329777836715807,0.531278472767804,0.6443107619625732,0.4130061502390615,0.4436235176380652,0.3577284226603173,0
52,24,0.379342584407268,0.45404036037280426,0.4812907972483805,0.7120720456456019,0.3513419931958706,0.5431289421557567,0.40960676824593656,0
52,25,0.3404248536447892,0.34937549799310924,0.4672615418247119,0.6384132932415836,0.3844611800869441,0.4392360060831056,0.3756404090412963,0
52,26,0.24880428062991788,0.5018829356569282,0.5776431942607608,0.6050602434212262,0.47667597104628046,0.4611523531548794,0.4141680596207623,0
52,27,0.37955169417516893,0.36651736093123943,0.575345331624828,0.5961282921991496,0.39145694069938985,0.5157250289702563,0.39465437159381606,0
52,28,0.35273009261195815,0.4925074023202967,0.4941849945339638,0.5698817631822101,0.3565654865240956,0.44232340513815177,0.34392562308467167,0
52,29,0.3340243290711628,0.41240459423478343,0.5631212027461392,0.6047572748357652,0.4049104271801333,0.3811246378113811,0.38664016675127544,0
52,30,0.35199376226018025,0.43158777832541184,0.5599755903471235,0.5374781511759651,0.41080503128888723,0.46368660998741673,0.371117651516109,0
52,31,0.274878075131003,0.4523303581958382,0.6166963113037205,0.5712138348280268,0.48743451696770473,0.47566963203170404,0.34811540871382635,0
52,32,0.26410947061794754,0.4404106400719025,0.6516051900228227,0.7102858941198565,0.5385752447166142,0.5198196094976824,0.2719044571980119,0
52,33,0.3194002323622293,0.596582096320702,0.5308841217845489,0.6646942579773905,0.5197023216952908,0.48400617303656046,0.3646234688231395,0
52,34,0.23405267072741473,0.5613810129906752,0.5223562660730834,0.5013065416350698,0.5389443279268424,0.5024283593423408,0.4279057266851795,0
52,35,0.35731710349326506,0.4750286924443607,0.5559129934343993,0.6559650777099764,0.4021749937045902,0.5031880945823406,0.4598283134462557,0
52,36,0.47285005675466824,0.5934166926789437,0.3986305438772344,0.6968081213743365,0.5638242972144025,0.5787992302505669,0.3782016094876647,0
52,37,0.560896417318639,0.5154294638245798,0.5818850211201281,0.6249806117610827,0.6060398662839775,0.5812763702987699,0.4718137528139846,0
52,38,0.5410647202491238,0.6193722472644512,0.4893031131725202,0.6717877571658678,0.4261087965797161,0.5943652262741369,0.4526500571526644,0
52,39,0.5653983544444284,0.6028772058880466,0.660642731423289,0.5748130806751586,0.6338370495942074,0.6671969214391025,0.4410047171349229,0
52,40,0.5532604863877282,0.6020209272265208,0.6153480054999196,0.5177469960976766,0.6590127168187622,0.5041557494281378,0.5543165330638608,0
52,41,0.62402305064261,0.6720682749024073,0.7209375967898113,0.5698805836020806,0.6015435365097941,0.6128296330423543,0.5855072007694885,0
52,42,0.5567356728516111,0.6600234239657722,0.5926242198803183,0.5936578895967215,0.6816025502802658,0.5900793659421459,0.5427366009020784,0
52,43,0.6698487505520426,0.762012221995054,0.8040178249015754,0.6133759962514267,0.6676261110295528,0.7103676331980211,0.6149471256401012,0
52,44,0.6768994001354425,0.6770026996552219,0.6921763399087681,0.5744518756364028,0.5844239169641784,0.6119314813993945,0.6372647729195922,0
52,45,0.7435258399088106,0.7458920733580837,0.6186367648439951,0.4852927957393485,0.6813482897629556,0.6751942224261663,0.6618984979424264,0
52,46,0.7671494333909475,0.830747472699396,0.7561425207262038,0.523581350731949,0.639116460963488,0.6292869996985516,0.6743739625561481,0
52,47,0.8414112608789908,0.7960437236638852,0.7048390101967477,0.4960003727031118,0.8391526662707134,0.6524210783480502,0.6331703707906607,0
52,48,0.8296291998229827,0.8451325243666749,0.7031503284127831,0.6086508725165957,0.7315631072916866,0.7510112366706705,0.6835806100402885,0
52,49,0.8859964849015225,0.8437499555394671,0.7436507707981611,0.5308812603741804,0.7829758238736806,0.6397969382335539,0.7281309053183208,0
52,50,0.892093647409536,0.8614549975370286,0.7335536283981304,0.38636200849395663,0.7491422142232738,0.6728908095481955,0.7937054879480162,1
53,1,0.13399318841732957,0.4102686511709604,0.40297874053589056,0.6669596526308126,0.27195899209173335,0.41329921830533817,0.24390442002407878,0
53,2,0.2170060566574008,0.49532684893381773,0.6288955838834607,0.6083015889505697,0.15243945093692615,0.46468121131640666,0.2788565611923987,0
53,3,0.195042377084193,0.40245017320899035,0.5767959662437773,0.683940084141837,0.19563873891730627,0.3780443764306787,0.16284420802249056,0
53,4,0.12883853399377904,0.4213598459498545,0.48288931456081985,0.6063542809821623,0.2847179657451129,0.44546273400168723,0.2845654970031672,0
53,5,0.22401223773599746,0.3822069573127929,0.4820122713833509,0.6673027816102421,0.25717074190276923,0.3709420144833011,0.33773564198890355,0
53,6,0.249774235319638,0.4827374500757232,0.6544438690689894,0.7237975421193741,0.27443970690558334,0.41797860623545124,0.20411991514989314,0
53,7,0.2202615948649433,0.4103776452713677,0.3790245300929308,0.6028027190751756,0.30171992293140093,0.3785042482518044,0.30648456226186005,0
53,8,0.253803173970633,0.49643026963970116,0.4863521756172534,0.6310254429074421,0.2849041503534513,0.46366874296941835,0.3276701542820673,0
53,9,0.08493995540830385,0.43430105391114965,0.5485187706316963,0.6058862460482021,0.14515941545026495,0.4295501944613183,0.2678719618655013,0
53,10,0.2238693604107394,0.37622575862528707,0.37231484966433975,0.6554370609331025,0.33176895162461884,0.42321115744232296,0.33618377410778044,0
53,11,0.2620655556777538,0.4682342417885265,0.4028752240017954,0.5362884893635332,0.42087690338261174,0.4820098175013545,0.24548094974857199,0
53,12,0.22269339519985182,0.36408423040633625,0.4970304828452606,0.6171632486239546,0.30257369666811706,0.4931269140891246,0.4029378119562752,0
53,13,0.1593718337291837,0.4432423077491788,0.6350036080109904,0.5958070906196213,0.36802153352085276,0.396343220373294,0.3148635684050062,0
53,14,0.22004639494330805,0.42057725106422,0.5649686029413453,0.7266836965213714,0.30266627474543945,0.33961354263271537,0.3062948055410212,0
53,15,0.23319979633218266,0.4211288594857372,0.6281400458557447,0.6281728723920689,0.328712224092832,0.4021146936584514,0.2316644656329402,0
53,16,0.23897568691271356,0.37863347325359137,0.5224939348313727,0.6113689139883731,0.3065299685354495,0.40273446434253835,0.3418540835552428,0
53,17,0.20075511234795781,0.3911163987131549,0.5181010453966225,0.6754690141321862,0.3653984044528091,0.43194389890126816,0.3396245212284211,0
53,18,0.2584254936783524,0.4498100490786429,0.573497065298192,0.6105191758086598,0.37304406924617134,0.4207522288060327,0.24927233393322348,0
53,19,0.25483879614112254,0.42501435208648725,0.6029074748021236,0.5767038007483021,0.2647169352881188,0.4117442077072402,0.2523530348724007,0
53,20,0.2035008984340647,0.4912344596247889,0.5994659161791622,0.5645015544057121,0.33151358820468113,0.47472198263418264,0.38099198907239956,0
53,21,0.25878833542082363,0.33472047035783675,0.4952038723070866,0.6856194084737739,0.5695862080051617,0.43745880829255157,0.27224420608149774,0
53,22,0.25160827632136096,0.41368793802305626,0.4704623426814137,0.5943889996116594,0.42173463597351457,0.4423295530471827,0.2931198599953484,0
53,23,0.2312118644358241,0.3998286801207892,0.4872998502528564,0.6586181600362244,0.3931807423264706,0.36452565204579906,0.3910474349532488,0
53,24,0.18634814373198583,0.43413104969430516,0.48295308196595477,0.6606143425447779,0.39370086643714075,0.4499613333057019,0.3329402790078872,0
53,25,0.3293746003172035,0.488116502859176,0.4876831479265093,0.6315117152597205,0.4834470748908433,0.45778705063787956,0.42283770933340453,0
53,26,0.25639870512377655,0.42847351284795676,0.47234135235854924,0.4871855226142827,0.5088887030869788,0.43872530949683586,0.3913677873735033,0
53,27,0.21225628042279468,0.41365929026274056,0.6653280822615304,0.6157960910123839,0.40338274777287786,0.4055413352547892,0.3431272109799445,0
53,28,0.304176691007502,0.4718881173155397,0.6559964660513734,0.7037465098982304,0.4720473326433515,0.5980059828768067,0.34042884222032455,0
53,29,0.25385496166723936,0.5105424218209711,0.5290128971504656,0.6476820989550213,0.6044081545929532,0.5081925900690637,0.37924205563449265,0
53,30,0.31151622714450705,0.4330544203758196,0.6191792534675014,0.6662581129268449,0.4646764186997301,0.5565402357078217,0.4514175307412269,0
53,31,0.35898034800206935,0.4720862300120358,0.548729181271057,0.5444104462530948,0.46120887152583107,0.48090782951448224,0.31212709221270224,0
53,32,0.41041120544565945,0.5191677496181701,0.3896657831820318,0.5884567977714578,0.42076046362158764,0.4684099574640715,0.4876149968496081,0
53,33,0.34708666567497776,0.5790966624109264,0.5400288079952301,0.5514760075515026,0.6407625519346335,0.5305739151250717,0.48160602964250787,0
53,34,0.4245896614992847,0.6188739727713335,0.7332288077672555,0.49171625725063406,0.5311536859015045,0.5222582443982604,0.43329977459802405,0
53,35,0.45794917604529856,0.6700009159494117,0.6875641031961818,0.6691548735400566,0.4757774195280987,0.4968775219809656,0.43845179089287495,0
53,36,0.42534597761275533,0.54488510072128,0.5427414844183247,0.746999814950907,0.5536479036018508,0.5764398553734077,0.4374782250093308,0
53,37,0.4136214606572213,0.5608862263763416,0.5807310997642328,0.5894959286741328,0.5290514247911321,0.6389089959638743,0.5395429784031395,0
53,38,0.5807856457727708,0.6082266805272561,0.6012876172113739,0.6246580297588086,0.44392143453761723,0.6122135806091626,0.4985998057438626,0
53,39,0.6574116386654819,0.6193848159569642,0.7202231152024584,0.5822092292044468,0.628524916066429,0.5757092507450096,0.5389914976101279,0
53,40,0.6346277954087574,0.6390159520699477,0.5907886701517401,0.5249315759971601,0.6788897162030472,0.6599345887333203,0.6017471801007966,0
53,41,0.6543937459457814,0.7472334556346907,0.6868398672883718,0.6733336378815545,0.5551963061000119,0.648004012385985,0.5428616593495773,0
53,42,0.6759478347063972,0.7901768817472274,0.7203614195313939,0.5248505480072844,0.6194448781638293,0.6140184106766347,0.588209252484162,0
53,43,0.7376867057574319,0.6433352641165188,0.6987579372885125,0.5473858546443724,0.6164859194555975,0.6612034086946013,0.706660723709582,0
53,44,0.7698582113664458,0.7002947894413988,0.7093191804573031,0.49224295742584945,0.6921839860530159,0.6685270909099078,0.7014828093609544,0
53,45,0.7655536501166338,0.7112642341306833,0.6228024554518503,0.5639284745695925,0.7823039938044,0.6635785879647697,0.5969939582569854,0
53,46,0.784175019427418,0.7808843485297291,0.6463874739750082,0.5282457006464544,0.7479403224590061,0.7027328542094955,0.659242007228742,0
53,47,0.7575044568175074,0.8735898973266378,0.8014775421408916,0.49035808970220335,0.651073638650516,0.7042362086570176,0.6884682214232271,0
53,48,0.7601440852413236,0.7578659274102765,0.7609141834065094,0.500350929493115,0.8854272267976053,0.7328217625424815,0.6753970591112175,0
53,49,0.8654133613522507,0.8066475543545584,0.8534214282835078,0.5278209212166872,0.6311396905092491,0.6649015123518507,0.719090442654189,0
53,50,0.8214671704269084,0.8521863342433834,0.677378603424222,0.5058256705932527,0.7867470136123473,0.8017118795042617,0.785006043907531,0
54,1,0.31408248083990076,0.3619552114414928,0.507954478192469,0.5719239239253233,0.22833559732095254,0.4615914047581809,0.25786003622377235,0
54,2,0.2968450533580266,0.35394920150101056,0.39694394188651605,0.6411917851040742,0.21153816940280398,0.41635703042797106,0.311253520729062,0
54,3,0.2745540478554685,0.3416665297355024,0.4600989237780198,0.6550978358279234,0.2351841598066989,0.396712031712126,0.24858067570824383,0
54,4,0.2751215221567257,0.43803583893860687,0.5679535058206993,0.601229614982889,0.2929788490901659,0.43252048772309665,0.303787911879202,0
54,5,0.2412580775186557,0.357165281806128,0.48569416943175014,0.6268610604592266,0.25431501950245844,0.4412873473395626,0.2587527704366915,0
54,6,0.383868564612408,0.3879337556275437,0.46314322827964466,0.5788800905653476,0.2591280695918295,0.4021118445193498,0.20908357934583954,0
54,7,0.3480136494082007,0.47228970200616877,0.6231922711570582,0.6335782663267626,0.2035456695227713,0.40789919254214085,0.2236306182510076,0
54,8,0.3133672779629648,0.4377505774703509,0.6498861489008371,0.6150143854288402,0.19052991135166394,0.42510398081224837,0.28667704004433,0
54,9,0.3213916208085722,0.3526763735446986,0.5235505002978172,0.6590937959431687,0.3661842662139178,0.4481187924517969,0.35555602252596386,0
54,10,0.2925896287308672,0.4833923520607821,0.4199890902525329,0.5958115818652644,0.357706778403558,0.42344441426237445,0.29171989840643736,0
54,11,0.3172617311771907,0.4729041920959621,0.5822962062826249,0.6206874344899377,0.3645433140494478,0.45248964816648685,0.3515560083910416,0
54,12,0.4019317791064816,0.43221065270727144,0.32681834568775303,0.7195716304081614,0.3083032958726397,0.4170253019424303,0.2809158467406401,0
54,13,0.27418469648796395,0.3949546768664634,0.4820985327331819,0.6024651773778658,0.2860875050160884,0.4808407065827431,0.327353115239885,0
54,14,0.3527342531106928,0.42174528649171494,0.4509783469613324,0.7283103487626129,0.3816520792777648,0.5202413506967792,0.3681269210480725,0
54,15,0.20840524551838518,0.3675451787236127,0.5685565432695766,0.61389512483981,0.3098090084650553,0.31622232491743263,0.31834363678778593,0
54,16,0.29318501339653236,0.47410520484485685,0.45356006321411924,0.5639786416776085,0.35513481964460725,0.48601810458066547,0.30146470522966023,0
54,17,0.26907068353857044,0.36149721996957956,0.419449980120032,0.5208689741353741,0.373192937909607,0.3949105340305413,0.2536903818075391,0
54,18,0.3778016047943643,0.48934291984576994,0.5900699125268842,0.5649137920374446,0.3785654578669823,0.4700435788696212,0.3030558377455454,0
54,19,0.2776232309367443,0.4080199911952899,0.5564251113911658,0.7104525592608317,0.44008637679931034,0.4796429238867159,0.3333850019387388,0
54,20,0.27142414474044585,0.40022467330552475,0.4758001601784416,0.654485558932439,0.4366968662891496,0.4848286709763231,0.39113332190348993,0
54,21,0.2982576333051341,0.4421033551825371,0.4828614036697264,0.6594715995053658,0.36745475581415643,0.4444734191382773,0.3692811114835542,0
54,22,0.399202971725941,0.37982018240201937,0.5566585677557178,0.6145460601606435,0.4476405077854388,0.38208130190680073,0.2606604438604395,0
54,23,0.3350580353573691,0.4452598948115898,0.49061755873636026,0.6747686227896342,0.42495297262460235,0.46423320440285215,0.281318976591257,0
54,24,0.3085934964969545,0.4194723486159363,0.44282566346503943,0.6106075115249353,0.47986839560403866,0.464934749458159,0.32030895467517484,0
54,25,0.3669848410415393,0.45830343419632463,0.5524134101181877,0.5576003387632984,0.4313923016018127,0.3672375815349805,0.373781180420199,0
54,26,0.42428403394277425,0.3353381868169098,0.65880974597687,0.5216467593933252,0.36200392225177214,0.47135285189705,0.378535749221229,0
54,27,0.41363444504772207,0.42037228736219706,0.5152215637252572,0.6018753234510578,0.41069624850930503,0.3610910712804388,0.34896664667457533,0
54,28,0.4265132806203453,0.39850277921480526,0.5000414873151215,0.6922094735314127,0.4695973316770612,0.4866689843078186,0.3754716811669766,0
54,29,0.4672566421772126,0.4699770328990159,0.4756059706210083,0.6583278491736735,0.42700689954637355,0.45510315117908545,0.37390905008778597,0
54,30,0.35428940504384004,0.4917924285535206,0.509594852015365,0.6784031189594214,0.41083054412824216,0.41252378117942157,0.4533027932877661,0
54,31,0.382068315984914,0.563174192378145,0.547598598647051,0.70080624014384,0.5181484918643009,0.46303990578825993,0.35406773692685634,0
54,32,0.3710485594405603,0.4848109252915597,0.5674164036784803,0.7679515254292337,0.5048574839689703,0.4963072660396922,0.4214481583704951,0
54,33,0.38630168909799395,0.47174063247302983,0.5282541862434603,0.6466526617481948,0.4867807567412073,0.4974468195265802,0.31534563448351505,0
54,34,0.4718075085051969,0.46716882513275937,0.6834101138876745,0.6298202868397357,0.50260950847124,0.47343092511519336,0.35282883779181073,0
54,35,0.44181288534598595,0.5906356581973556,0.5896300489022869,0.6524792576813876,0.5040444388665203,0.526889454941532,0.36903641907701124,0
54,36,0.3231433190616173,0.4571329064877776,0.5833147203726866,0.6744327040750394,0.5800963845277702,0.3914409542341125,0.29971101123759597,0
54,37,0.3676637230345868,0.5309296303020888,0.44508822536425874,0.6140954033759931,0.5309457909654131,0.49582335485016227,0.3246420001926824,0
54,38,0.4564534947978268,0.5394072279129882,0.6456075616700269,0.5899154722255224,0.5971123270323554,0.5153458316015643,0.47206311102857396,0
54,39,0.40428060586655307,0.5365884448904662,0.5971629809638184,0.6339487974010525,0.47618191516242014,0.494712044973892,0.479090892863945,0
54,40,0.518374566185367,0.6621734627463178,0.5319568497789342,0.6682749968847732,0.6469892698667371,0.5183131054905804,0.4637840437744551,0
54,41,0.5856443873948625,0.5640157892709677,0.5927724812928503,0.5644008138604171,0.5838878522497812,0.533290759900968,0.383130189119625,0
54,42,0.5930593248557032,0.5272880170978365,0.6141250003848059,0.5542854084624138,0.6973718144820912,0.5411242163642435,0.5583037947079605,0
54,43,0.6309149926980346,0.6451394252211979,0.7755227099579648,0.5823099978803834,0.660853561952707,0.5669801609444407,0.5890096843787549,0
54,44,0.6135989955408353,0.6566383733008592,0.5875774846846151,0.5667344578563528,0.6009896541764674,0.630506423284624,0.5866381710466898,0
54,45,0.7234629509398586,0.7323138493672685,0.766645226792692,0.49728329755213535,0.6077249988749657,0.7234063898721956,0.6136544598181067,0
54,46,0.7540060182511745,0.738932439998448,0.8222281259292409,0.5581190589885587,0.755040652091218,0.6465634785411021,0.5925955547545172,0
54,47,0.7779711765267299,0.7659464720364771,0.803729358412643,0.5439463708147637,0.6902473765964697,0.62488944095706,0.6914008645708302,0
54,48,0.8200419456645329,0.8269510205248864,0.7145014027790153,0.5078670341332847,0.7161417533069493,0.7199221247658683,0.7116465622226469,0
54,49,0.8842781030159748,0.7990730308862197,0.7709839534171264,0.5150122605329817,0.7363877316867578,0.7051998922387213,0.7313030654595766,0
54,50,1.017870973766053,0.811598712954694,0.7747597242621699,0.3849513138091264,0.7485181141450726,0.6671633989722057,0.7139060543721784,1
55,1,0.30188783412010745,0.43536517916603934,0.5704270017398646,0.6080557003044141,0.3053841207146918,0.46373436492882464,0.2846667475901152,0
55,2,0.23735010439453913,0.3978119592433188,0.500147948543928,0.6428920178741895,0.3223984280846279,0.3625392941520632,0.34231773817544037,0
55,3,0.3112698826309043,0.38112773184929205,0.5336927573578177,0.6104693450722782,0.12316447259730447,0.5111488438146993,0.24066231932390164,0
55,4,0.1987656359089104,0.33354991742562734,0.49205421122176074,0.5843893242757837,0.1658710987216144,0.4238283692636407,0.21630466384510852,0
55,5,0.2486203842677901,0.2789796982749361,0.47138230678651094,0.6481046006136052,0.18118724690260882,0.45258960972179046,0.31463396049567893,0
55,6,0.2579726100523648,0.4468495541673828,0.44825044386776397,0.6076513665451226,0.32301434707886845,0.3855183967620395,0.31855791429010594,0
55,7,0.25413863005791376,0.43053633572869476,0.3428831247044305,0.587940615132882,0.2887599156311827,0.44109220545991984,0.27208108076814386,0
55,8,0.2972099693273764,0.3946796631239092,0.5509743041140305,0.6428133881310505,0.2451549028658908,0.48482808714973247,0.27108611949819195,0
55,9,0.33545135174504065,0.4659057337245113,0.5017607192643592,0.7728247486620793,0.29011066754535464,0.444652823942323,0.3022969327380946,0
55,10,0.3377403870869023,0.38737982851680314,0.5803727718226119,0.6895731864991126,0.32619928283295724,0.3994015362050848,0.2889460872243909,0
55,11,0.27076334239933436,0.4587355093849992,0.5009746444642653,0.5845951824645603,0.28113518455343006,0.49616829851595096,0.3058817155553269,0
55,12,0.25165004997342794,0.4320615892565632,0.4888618652061081,0.7444691848254794,0.3187823186785616,0.5432038068600591,0.2901936222548841,0
55,13,0.28968689383133883,0.4656327797272799,0.4354202315463665,0.6409048369525584,0.252852773720558,0.45105482003525144,0.23788049734809236,0
55,14,0.3421673270739993,0.45377769394971024,0.43602349652863803,0.5060968170297742,0.3558166748276461,0.5186599397679206,0.26820269815649167,0
55,15,0.2906620608092141,0.3310653233162817,0.4147383750300549,0.6661969489622848,0.3427740824501021,0.5151110482896631,0.2590937616650907,0
55,16,0.2949247782870819,0.42444927384713793,0.4988174939947105,0.5982380374676911,0.3544787494568225,0.4575290513919108,0.3342286425051622,0
55,17,0.23812279960322807,0.34361582327476325,0.5983875538071505,0.5633884975454605,0.33023145088308936,0.4131950180058611,0.2925243838954114,0
55,18,0.27331034583092834,0.46926655561397657,0.5285247992273018,0.6502704277104149,0.33223508015330905,0.49034229953909647,0.3013819062328233,0
55,19,0.32121791486397894,0.47776923845143404,0.4912532691306541,0.6919523760445049,0.31995846873771017,0.4801363406433667,0.4166387971078575,0
55,20,0.29766257091651277,0.43671641622629676,0.6459806770866259,0.6441669544274706,0.5086521606331202,0.46196256939720104,0.29931016700481283,0
55,21,0.3156670884923114,0.3425338692015157,0.500350711429556,0.592832129957014,0.403387385325132,0.5464909110200724,0.337340824420459,0
55,22,0.27049134272381603,0.4603143930935457,0.5417096331775089,0.7174673313387551,0.45560463790228245,0.49730577368888584,0.32634334539237453,0
55,23,0.27499056890779955,0.4982147154646868,0.5170306767789843,0.5331203956423685,0.4425942020368925,0.5220771809307193,0.3194699064342019,0
55,24,0.24058967950158677,0.3925603381611819,0.5281291770773503,0.5977541668443384,0.3759719968364466,0.4602838859409112,0.3159704771084823,0
55,25,0.34090797873518264,0.42162315587643195,0.5325787287076719,0.5812676572184247,0.35266277499439824,0.49318510873368515,0.4303897220421007,0
55,26,0.3471725293107299,0.42552357786320166,0.5215156893072082,0.6834212756280398,0.2971107939785952,0.4382369887803074,0.38430579598721337,0
55,27,0.35535613942994093,0.47904946353828454,0.4413967298816256,0.625218686608576,0.40595328391990887,0.4786049337941766,0.38368943429456326,0
55,28,0.34141634142981886,0.47724356362112863,0.4624754437758797,0.6181548929682066,0.40421100519667974,0.5107769376743525,0.386961907799072,0
55,29,0.4270613030058632,0.44890112675998256,0.5079694853452404,0.5987838370245534,0.36486581552970776,0.3844208439576996,0.3864551504484056,0
55,30,0.29124109696716116,0.46291400614475203,0.5191440678083633,0.673139141467764,0.4736276783000897,0.42207656604139,0.406581650487154,0
55,31,0.2780375533389691,0.48321333223300167,0.4995446247290396,0.5755137324319899,0.5911708796787506,0.46961356942258936,0.3497230755743027,0
55,32,0.39589873835912875,0.4381197762023278,0.5140405021391299,0.6594002874887797,0.3970166425705779,0.5143385920454645,0.28294101325882204,0
55,33,0.2758450815592971,0.42298741690328284,0.6436366801023466,0.6826674724300832,0.5660793379866863,0.39375058582307976,0.31324719208991686,0
55,34,0.3951525997266315,0.4384243157450688,0.5138755032219254,0.5521191412364819,0.6054947174348925,0.44385221004732417,0.3699646151806383,0
55,35,0.41826774789135457,0.4333766717683795,0.6377782583958308,0.5432767570626985,0.5849432154666634,0.3832350207447626,0.36577221740659477,0
55,36,0.40144953062994687,0.5046621144320624,0.4842109400863079,0.5759119253498985,0.6046637492618696,0.49401697456284904,0.41811246235002825,0
55,37,0.3561001510169898,0.5245330815237716,0.5773547124119179,0.6098023999347174,0.44815957660751593,0.5194954148659788,0.39820131558196925,0
55,38,0.43274936192406666,0.5009906249533312,0.5792379187366553,0.6730337345746901,0.5821223972183179,0.4878837239565423,0.36937074732275016,0
55,39,0.34069668417446336,0.528698591949704,0.5565298583539371,0.6472828176477903,0.6250053991022164,0.45902107865156044,0.41149181710668326,0
55,40,0.34892165050374824,0.5569049499359604,0.6137831456971724,0.5939270041092999,0.6262156266342849,0.4344290174963483,0.38255328685574336,0
55,41,0.47215232466866364,0.5035249231324342,0.6368756363690913,0.6447585176462513,0.5573941420643005,0.5916131523000879,0.38388372205928134,0
55,42,0.5309916820510985,0.45354778477880886,0.7079908142067812,0.6042870507734002,0.5141990773298677,0.4768313203306768,0.37658647531515843,0
55,43,0.4754410166680512,0.6196317242620702,0.6020077639437044,0.5587508788600016,0.6502880307389682,0.5795573846632227,0.5527265072386365,0
55,44,0.5938962520846176,0.596270007009793,0.6545363960155484,0.5296662552474285,0.6141905598063326,0.5515590654205378,0.5472498653831788,0
55,45,0.6743018055061001,0.6561956254381587,0.6223264042324282,0.5769315192899939,0.6045144179420043,0.6250942544253313,0.5554540133290307,0
55,46,0.7135879254649271,0.7751318196738225,0.7094017682003037,0.5589385917296409,0.6379122962629182,0.6608828941101617,0.5933624512521013,0
55,47,0.7464323141045976,0.738138126082047,0.6451773284370393,0.5365455453297796,0.6950746661646903,0.6420955143771181,0.7057502753039546,0
55,48,0.9114768481769422,0.7604309612631669,0.7628693318312179,0.540397448719544,0.6157113129668158,0.616189299068888,0.6549498423817469,0
55,49,0.7941706684301784,0.7527949468297641,0.7535759224558416,0.550189568685158,0.7657450707917082,0.6439451988592687,0.6384095228995239,0
55,50,0.9886429222946506,0.8118258283221248,0.6816901279042994,0.4851162715612003,0.782734663493993,0.7056155694338956,0.8258142275302861,1
56,1,0.20414828441166302,0.3651988836827167,0.4493368812846405,0.6314492763118955,0.22168652486211382,0.33769625659223906,0.3228299031030576,0
56,2,0.2602435365291496,0.43244131674342623,0.44951211964618837,0.6955343413589492,0.20949238657476962,0.49842736132834675,0.24050337823594126,0
56,3,0.20076226463534116,0.5252390643302796,0.43817163656311314,0.6833952032273236,0.20525634657844988,0.4599511191833274,0.28577374664371663,0
56,4,0.10971995798809797,0.5257791648096447,0.5115116957930509,0.4433881953240166,0.25415651638789444,0.4600793328264913,0.25464596082430013,0
56,5,0.25216937350171986,0.4631297115381088,0.5149972083876119,0.7077935182605491,0.3128731503518145,0.4155607612868245,0.2144738120403415,0
56,6,0.28308558587347,0.40859467381897346,0.5540097382183907,0.6718051985689832,0.2858515132049531,0.41463357229738373,0.32159417374960064,0
56,7,0.1858674878201684,0.432564373344573,0.6394402299539013,0.5495246002349335,0.32306600551075493,0.48653586222833134,0.22435769225455682,0
56,8,0.25039567079566255,0.40777771017450737,0.49005316923462106,0.6987613454860779,0.2652727387760344,0.40803432326746836,0.2784812243328895,0
56,9,0.2135846898571922,0.38979329712152616,0.5226368737292393,0.6442628851989507,0.3532423434705684,0.44464894497708785,0.27967651352015654,0
56,10,0.2858858098940491,0.4101314609621081,0.5100977929190078,0.6357517710288858,0.32116334487468384,0.4474867612068235,0.297474094837765,0
56,11,0.24412222740991724,0.4610129912562715,0.48794896331222953,0.5392374324537523,0.36857448089073397,0.388281075388459,0.31036235519035116,0
56,12,0.2785223846306079,0.2972931052144233,0.5465341597624709,0.6995877950075248,0.3551919336799914,0.3306003009002266,0.4175622161501351,0
56,13,0.22804049287149175,0.4628938796768646,0.5524989015624622,0.6248201063143886,0.28283562546821345,0.5047428364114908,0.31183370749091804,0
56,14,0.3471764633526422,0.43736424964835874,0.6004504695101578,0.6543529174073495,0.46949736477234133,0.4241014864103886,0.31720466206606096,0
56,15,0.27397185156338366,0.4691318854415145,0.31768108538086276,0.6156330046504594,0.3288204518800126,0.4340392393255931,0.2751536525745777,0
56,16,0.2675392246651222,0.44161372000359933,0.5229985452199951,0.6500218524712278,0.42985764793423326,0.4521551927606684,0.3636698513190747,0
56,17,0.27106105615739456,0.427122123172003,0.5073520333004031,0.6540897279151721,0.3593991225361511,0.40408677087189987,0.3131018867943399,0
56,18,0.29073130642119815,0.43686529339521246,0.6553913740270157,0.7009071236506685,0.29995552414121696,0.455288470966589,0.3377655157061041,0
56,19,0.2952270396096582,0.4217025128353902,0.6614895940818314,0.5950289447939633,0.3914562286159561,0.3201484933135416,0.37057841916999285,0
56,20,0.2545599643986879,0.41640566249557903,0.5636052464088466,0.6211676416647468,0.4079821754311534,0.43363794677126155,0.4251632693525761,0
56,21,0.4453402015061298,0.5066961958674568,0.5918480701169025,0.557571341938562,0.44358094302169837,0.4795969215340307,0.22861947986635367,0
56,22,0.3322428621744939,0.4405350139167096,0.49904652533144184,0.6847369516673277,0.34497324269484053,0.42803795284919705,0.3048485105991523,0
56,23,0.2319885558626686,0.4249164074074798,0.4162064345536119,0.6012274714854863,0.4503829405854512,0.48924482476235553,0.3034200833616265,0
56,24,0.3123032947414721,0.5204542486539204,0.5293025996968236,0.44161715826300674,0.46968086052265845,0.43064504003804555,0.3286900023925283,0
56,25,0.2539260701999822,0.4587326787439325,0.5774147896419862,0.6418438513677841,0.3890641249379948,0.5045965981760622,0.2951252025377028,0
56,26,0.3219613940773618,0.47237341796359245,0.5188819677150805,0.6937152139400956,0.45171717281606916,0.46018289818499336,0.3606068079561586,0
56,27,0.3444002105107699,0.36972415834254596,0.619465620482021,0.6271805124845659,0.48409116843330485,0.43750282369834204,0.25886417269565465,0
56,28,0.2887430763858305,0.4886647118428775,0.6356523668474994,0.638118273516555,0.3888663554375502,0.4199937928178176,0.42083915493255886,0
56,29,0.4446501099294372,0.5592018762912315,0.695830544890892,0.6428420892490666,0.4405085109440903,0.4784173133075768,0.4008292475525972,0
56,30,0.28810130396241096,0.45380317529846687,0.49393845557273436,0.6944531887190216,0.4330142291762411,0.4667820733298671,0.4071520260303922,0
56,31,0.3571894299464551,0.4898148118306626,0.4784106560747567,0.6813833988154342,0.554811394537836,0.36988234637904394,0.4487472910267811,0
56,32,0.3800930102604827,0.4770780862407944,0.5469736907722597,0.6076089213033882,0.4284462000785867,0.49099140053239887,0.3488977665622158,0
56,33,0.3022112314312672,0.4111776868154308,0.5160786614788587,0.6491059585059415,0.45433291696406725,0.5149720778368312,0.35983927602913185,0
56,34,0.35839973736852254,0.5481577465878161,0.45840629156403845,0.7193820182851487,0.5636096065354781,0.4665171752481301,0.42755128423850575,0
56,35,0.37544538462006777,0.4539292746229133,0.6236532614719705,0.5775646636858599,0.5119179326598956,0.5029569409162598,0.4234094820744091,0
56,36,0.4024183776097373,0.43450074594369104,0.40707684220737494,0.5751161811661528,0.574079598564579,0.4697891560511076,0.34685010141219036,0
56,37,0.36948144950455675,0.5172949274432164,0.44638030529020467,0.6138588225899289,0.5404566362924915,0.40353149180728715,0.30724587893826827,0
56,38,0.3723876800172253,0.4894023012527765,0.5218556063059728,0.5841599244219725,0.5182894207112438,0.4881260880674372,0.44103105033966594,0
56,39,0.4067115719188103,0.48584241694032604,0.5992005596769185,0.6911326002356593,0.5056924354510055,0.5218152338948624,0.3186978567836036,0
56,40,0.36703562738691986,0.4963139734003694,0.49476760006053505,0.6462130073630121,0.655177235930887,0.42740715645918104,0.39348227608316116,0
56,41,0.4179244294454465,0.5955287369869238,0.5537036342825081,0.6021132268989814,0.5203198391234966,0.5064567905807622,0.4212966018204031,0
56,42,0.4545511638326043,0.5269184005906532,0.6359380846166351,0.682013247586292,0.637558796676041,0.6166251578851026,0.4860562826520068,0
56,43,0.573926109887215,0.668935810516231,0.7099753591736576,0.5221800332862011,0.6677621859838769,0.5616496434717435,0.48573461284191727,0
56,44,0.5165534203407052,0.6098130026307087,0.5406058671368407,0.5557382272384015,0.6824968388020811,0.543461274736283,0.5367549483193801,0
56,45,0.6620998301022606,0.6869522241189329,0.563303692918101,0.5203413676586661,0.5835152385010132,0.6220971034772562,0.5779276007546817,0
56,46,0.694347388946653,0.711196317226175,0.7066905135317075,0.524810804916642,0.6413187372223206,0.617813876611793,0.5973859823727408,0
56,47,0.735166732235165,0.7430469019693552,0.7350875814525478,0.6276678210732152,0.6506925608588683,0.7118733005479926,0.6366484031021398,0
56,48,0.8260915768150264,0.700626270805184,0.7084534383695436,0.6129034341669679,0.7241651965374009,0.6660369114383266,0.7171134945570207,0
56,49,0.8510248070645722,0.7483480926852408,0.8630538183040111,0.44846150506332993,0.7493498177676274,0.7171396819495511,0.717626534913168,0
56,50,0.8652232644681623,0.8552167550087401,0.7072266302164509,0.386588057559783,0.7823096084582551,0.6736479582749383,0.7870155091330581,0
57,1,0.22921716395246722,0.3356753334969809,0.44381828386816724,0.6044045570747202,0.1403394245137658,0.45709088297308215,0.2672310509755955,0
57,2,0.20225380586216207,0.40026012824609536,0.4719736682541679,0.6439889531837414,0.2524421809707583,0.5428850137976557,0.3427322100680363,0
57,3,0.2157936305516798,0.3844679353776017,0.5450549645697248,0.5639848357578973,0.1951248701480997,0.36197940620453384,0.2576867138254246,0
57,4,0.22175496415879392,0.3410743631540122,0.5751418017580625,0.6483328317700031,0.149070213637133,0.4268986469583714,0.2121372560128726,0
57,5,0.3217106734594449,0.40021313530557273,0.44831483828517327,0.5801438403442654,0.21777547506345174,0.42165863820377003,0.3615234823703164,0
57,6,0.29315547998831826,0.41412891353364245,0.4288471793240799,0.5737965974221023,0.25764327578914586,0.3683449951577954,0.31079914752760535,0
57,7,0.27547252439952974,0.43345947364591664,0.38056021450305194,0.7000013478002658,0.16895688019807917,0.4221625393077088,0.32912717718930373,0
57,8,0.18791343844931546,0.3558837188548152,0.5328950135684748,0.6506507008261695,0.20556776932323034,0.4508296319482488,0.2250363260152968,0
57,9,0.21121316371326201,0.4174256728959102,0.5082821615393146,0.6896394396746761,0.29552780172202026,0.4026449072679742,0.3213796352772087,0
57,10,0.2960114008659553,0.4130416493133153,0.4576470920063417,0.5830105099635371,0.3307995752981139,0.38970987138391633,0.3061344380539568,0
57,11,0.2701248744527962,0.36464341043512843,0.6700493496870827,0.7257468978767546,0.3290705935027456,0.49918777056695435,0.29525101594328473,0
57,12,0.2450282645425759,0.35342924850225227,0.7006345827588474,0.5356077160026018,0.32585348786347446,0.45109383425890853,0.33700027920947595,0
57,13,0.2658427626402081,0.43072058666951635,0.554390793693855,0.6198910183141861,0.31289833125050626,0.37214450285303124,0.41448412348486896,0
57,14,0.28385059286682124,0.3951766352830195,0.4521470065005109,0.6715991868828521,0.3164082568949278,0.4706532292286447,0.24879249331494252,0
57,15,0.3220741265720854,0.42494686536176784,0.5567337792896035,0.6644602615720889,0.2547811669751318,0.524891344569396,0.34316304990414837,0
57,16,0.22577567196838544,0.4809548870692024,0.5403811438058903,0.6489560541759256,0.3455998732733768,0.39226281554119746,0.3470308894964059,0
57,17,0.28312069847695653,0.5530501352852789,0.5880348396435296,0.6756058945854755,0.5162313876462535,0.46302869360900595,0.3301853768224657,0
57,18,0.2651776618902462,0.33444481167258944,0.5841296337164603,0.543984740161376,0.41616415891734526,0.4430486991519713,0.3332029357382183,0
57,19,0.3607089762457618,0.49987211799682146,0.5283776016041765,0.5660597554152023,0.42643334631992236,0.3978712514292369,0.25165693544409196,0
57,20,0.3559297508917748,0.4217457416103062,0.5603162381764333,0.595059571295738,0.42331960092114906,0.5027514843206108,0.31885673927589886,0
57,21,0.22575372467103652,0.49088442162301243,0.4540403455804521,0.642321454472142,0.43564442410655096,0.4243349060724728,0.32628945749100224,0
57,22,0.26179556543487553,0.4017144197482952,0.5187926145153651,0.6966747597245824,0.49464386567621615,0.4458608489779633,0.30159391859776,0
57,23,0.22234047571858975,0.46218054270740455,0.5337260485012556,0.6976296706114629,0.4907011123783026,0.4050735721026363,0.3481839017737488,0
57,24,0.29473888555627653,0.48326938872789876,0.5149574114535647,0.6316355273916815,0.47343632991678586,0.5293580861897963,0.35683400724047276,0
57,25,0.25764074682752114,0.534289922705536,0.5746990747479704,0.6281735074692015,0.4301029533318017,0.4730326736777627,0.3835895244940367,0
57,26,0.3971453495919438,0.4697344254256308,0.6643940853485782,0.6834633967689536,0.4303921171298316,0.3730313135778337,0.3518781132148492,0
57,27,0.281442098295003,0.46432313237312767,0.5547653236525243,0.676527595509872,0.4197313071330022,0.4143308125772355,0.37870010756118677,0
57,28,0.23202998719450796,0.5548185962213932,0.6096921463496286,0.7330032671250313,0.5044407651809322,0.4932182460846226,0.37127678167101785,0
57,29,0.35301058389686835,0.43773837578129493,0.4715539579264547,0.6000664509847355,0.5384895374810836,0.39897966565373744,0.2945741674599951,0
57,30,0.3102513195797802,0.4922747522579733,0.6172900202315612,0.6476919490554727,0.4320652652792932,0.5261466904264303,0.3951061341301756,0
57,31,0.333526114106692,0.4892996269738495,0.5277611409819186,0.5221277183167964,0.5240094647757004,0.49793715099355873,0.2455467017151638,0
57,32,0.4260294317460991,0.416818082341323,0.5460696096376503,0.6090810611519565,0.587624716062253,0.5208473522078481,0.3192791926743785,0
57,33,0.4569388614154898,0.4445646050429431,0.5520192351438467,0.6508104382092571,0.46039672701684464,0.5543601542496372,0.3421665849858239,0
57,34,0.31915615285579907,0.5110510043093085,0.49852781119720224,0.6381319633320262,0.5397530264085,0.4071532978960173,0.34021488912028885,0
57,35,0.41647880397825976,0.4740607990116181,0.5783887675997149,0.5959050014858425,0.5657298337774475,0.5096765613112215,0.37467879041668695,0
57,36,0.3966812185649198,0.546468097717824,0.6141200299388271,0.7481451446552869,0.5179419125325769,0.4927483403577077,0.385944302333335,0
57,37,0.4304410536514042,0.5794550347610619,0.6461164248415102,0.6165643200930045,0.5364305777564407,0.49124889776228303,0.39741729800631054,0
57,38,0.4244606165508821,0.636692915593783,0.7364594275719549,0.4756129406723574,0.5875911123886837,0.545658127179566,0.478652204185389,0
57,39,0.576295658621751,0.611923865078928,0.693612052189233,0.5404551635881729,0.503303149367583,0.5698746882438068,0.4450175195914403,0
57,40,0.45479183614159546,0.5905730052548903,0.591473705958403,0.5577044603135997,0.618018885494263,0.5840470809177168,0.5501045271745584,0
57,41,0.5884995630033194,0.742035218085323,0.7450492645534599,0.551868942354436,0.6101993431773637,0.5636887868355757,0.5612355189283231,0
57,42,0.5935519111671805,0.5508316877292811,0.6334114380447012,0.627414962803146,0.6253445270263263,0.5916389617495461,0.5819314866045404,0
57,43,0.6702460360220608,0.7263164747749413,0.6961417746040152,0.6151604721109967,0.7263773261408253,0.6456824292583608,0.5573081193792324,0
57,44,0.8015091092146512,0.7201084256664249,0.7007140201075973,0.4978142042834451,0.6611005659571983,0.6644775028370511,0.6186716972895293,0
57,45,0.7265182995954191,0.786591265900805,0.748156421592379,0.5743953547882047,0.7090999871604492,0.5856132079205917,0.6564998072786398,0
57,46,0.7637944718582484,0.7984714031180412,0.7529423408847213,0.5849544882004611,0.7017620715463662,0.7051998662961688,0.5946012134466151,0
57,47,0.8484442331496073,0.7870149763122977,0.8048348323908708,0.5188093646058783,0.6819173895020495,0.5950227206301173,0.6791399102754728,0
57,48,0.8867968569596573,0.724840720917199,0.8237786411958055,0.46271122132045256,0.723554640934085,0.6646415338582995,0.7386036706622077,0
57,49,0.9185978002171643,0.9095902307262194,0.7827202613457664,0.47951686874076876,0.7745464945945097,0.8064451976309865,0.7755111308385068,1
57,50,0.840973491130232,0.8593439299478689,0.7494740516228513,0.4662513318050668,0.7616021368350525,0.7307258167119163,0.7364274637239309,0
58,1,0.24012110330265982,0.41139616794246486,0.5701571578080664,0.6532973515903527,0.20863493644345227,0.31705375249918,0.3082863996897505,0
58,2,0.22803047002661653,0.413752349262989,0.5965120316653848,0.7305393680870134,0.16272690278771512,0.3570068561818768,0.3014858584593412,0
58,3,0.17584856736542614,0.3969698499034958,0.546627866202273,0.5461908966692645,0.16732487647214533,0.3919920032318873,0.2771869875498292,0
58,4,0.2232183275828683,0.40316584130122524,0.663632448116797,0.5626213830392751,0.19682039616192273,0.45950444371454563,0.33980215955663806,0
58,5,0.3335907396998979,0.4188727967435995,0.3696727421543135,0.6258197412468416,0.21074098255414947,0.49619058744278044,0.3412312032107514,0
58,6,0.31425826444100824,0.45256838843993735,0.4868876509629421,0.6152934863380565,0.3375306224681912,0.32982440421125236,0.3178699002519848,0
58,7,0.24590670972602943,0.4405954906570895,0.5184208175590477,0.572957643817285,0.21445819895514484,0.4653964633689555,0.26641466372309247,0
58,8,0.2600622958477062,0.38514592895157435,0.4288624312332203,0.6243048459840732,0.31803660440521975,0.4322075032095709,0.24748795719671257,0
58,9,0.3093001803654539,0.5240517081648461,0.6153290821185978,0.5596784965880786,0.3324849642856758,0.44542619603287986,0.24579504195653598,0
58,10,0.35707619615698577,0.4757932105359586,0.4450585135634353,0.6208230330130963,0.31950046581841085,0.34750481991804266,0.22122811181552074,0
58,11,0.2731261137583321,0.3266590533268624,0.5447581467995337,0.685217762209905,0.2859018998687293,0.43839058930955893,0.3371705858342124,0
58,12,0.18491123615337035,0.3759439403943191,0.4914902594667973,0.5683503769528289,0.39601810987862807,0.4685237969133691,0.25571372971017003,0
58,13,0.32846196811414763,0.3914880304305826,0.5804108698040981,0.7029907814336394,0.389968457878794,0.4472202072291914,0.3763512498657645,0
58,14,0.399836428158936,0.43844247707172695,0.6026755913476927,0.5982794684590932,0.3559648719950896,0.4667731740330687,0.26995831628674916,0
58,15,0.2689172334405041,0.4842666271922995,0.39580006493084874,0.5982290468184382,0.413592357371971,0.37939353032811574,0.3816950331627875,0
58,16,0.23691528055741118,0.4242389111062008,0.6567421347866655,0.581599568215261,0.24002223269826628,0.37230319762604375,0.36819740951362556,0
58,17,0.3457405900356895,0.43768954105503033,0.5249410141369539,0.6378382547575675,0.3049447798461938,0.45069359607475956,0.2645463501631473,0
58,18,0.23857759976609771,0.45874403174618483,0.4563674788417572,0.5880077248105154,0.3395700779504114,0.5942673990460675,0.3260776956632392,0
58,19,0.27131458067293734,0.36416637241062366,0.5190049854981459,0.7310651998645321,0.3911623718588016,0.4917700474863427,0.2839028180097448,0
58,20,0.30733749302443963,0.40573465847868745,0.5600004715711759,0.656925704911326,0.4125708830501924,0.44044583613308275,0.38654556503262805,0
58,21,0.28330132187276724,0.5166769503550229,0.4561123590209596,0.5178218647528712,0.33693102102571443,0.468762096333902,0.39877955072325943,0
58,22,0.3950842372761522,0.4485598677138157,0.5271129316961267,0.5690037115508265,0.515081310118138,0.4432855560990506,0.2706005986904145,0
58,23,0.3276258659542486,0.4897415225302141,0.6545092154588505,0.6568677549472665,0.46549336142266734,0.45491625361640275,0.3764866143717612,0
58,24,0.310531856969578,0.45838583782669734,0.5106229397767672,0.6502626701201552,0.4461107105129064,0.4945458299947295,0.37438032575177366,0
58,25,0.36777384824345954,0.44463740547927033,0.5717150052678139,0.704761886849601,0.36800160865906817,0.5557120896558085,0.306268028312509,0
58,26,0.3190723832728557,0.455053380004278,0.4503960988446522,0.674450005695239,0.3566985088936597,0.384261488356914,0.4055851509203288,0
58,27,0.2889800729500816,0.5103554611827619,0.5989568447378375,0.6145088782933112,0.5231490128962535,0.4496188909861718,0.3760767072659513,0
58,28,0.26539087975407755,0.521252248239439,0.5833843648101388,0.6114525874437249,0.5664707120578686,0.5540657835916036,0.3747583999880067,0
58,29,0.32396241186161445,0.4237709085002117,0.5526659513569072,0.563822170005348,0.3892264445344037,0.34746933781372236,0.36376286567504856,0
58,30,0.31713032832407584,0.5027198486632147,0.4974533018957159,0.5549102892200317,0.46592918254647786,0.42056972357622247,0.36728289614961857,0
58,31,0.33151766495248,0.45327896390800204,0.5487934869141883,0.7181090956410311,0.49098865249502965,0.48862220611295126,0.3293603458075676,0
58,32,0.3266021892512345,0.47468280203541785,0.5966261899605881,0.589985969585184,0.4641172738394965,0.44047926653590586,0.337914017829651,0
58,33,0.35469063341655266,0.568592555021034,0.7508677055730654,0.5796076734150771,0.520955960965966,0.531258273539604,0.3725125468988011,0
58,34,0.4923457636769744,0.5484973383744707,0.5977609632870614,0.6943997650604878,0.5648455693767925,0.49151903767565436,0.35956845671232385,0
58,35,0.4982256267917148,0.5687884932668132,0.574512284011984,0.7070464232486742,0.524514091237604,0.5578495822470841,0.4420019523643367,0
58,36,0.5081841092989081,0.5574869214290742,0.5871891596442159,0.5938144920415324,0.5057393216261964,0.4546964220704376,0.469036769505459,0
58,37,0.4762704424846249,0.5712316723831586,0.6154872196351773,0.5888636133266733,0.6688766684769281,0.5707084470797806,0.5815907789165146,0
58,38,0.5748126039443592,0.5769977940211388,0.5846786646820996,0.7108378207422769,0.5338058406783862,0.4405606682599232,0.4634025345417573,0
58,39,0.5206077151554078,0.5737298668522358,0.6385539340659243,0.45281367604738737,0.6669676598806574,0.4729167999874989,0.5150124588673058,0
58,40,0.6419888266251168,0.6547350584818775,0.7312916308040429,0.5477864866918448,0.5826415120093896,0.6019027071473959,0.5954600939763903,0
58,41,0.6493593877244845,0.6692857566923374,0.6577966034392302,0.5877537046057583,0.7479381719319104,0.583692383553735,0.548375491929229,0
58,42,0.6852846833782782,0.572060104966205,0.6630088386753333,0.6096809163381565,0.6095840471051089,0.6197141788591134,0.694666773165323,0
58,43,0.5864020828288553,0.6281478869352926,0.6670192460846367,0.5022967612967342,0.6626766765585648,0.6102080409911749,0.6701035766415651,0
58,44,0.7205358132054209,0.7299997664690224,0.7205952005188218,0.5530188418304697,0.5271130682827234,0.6436593407425084,0.6268622813562372,0
58,45,0.7996066661637856,0.7516738044970341,0.7307635942515609,0.6190377227958852,0.7561230295836361,0.6678192316920054,0.7642709143813002,0
58,46,0.7367333637517066,0.759584415445059,0.6948017307038127,0.3836584688003353,0.6632782040320959,0.6857897840060281,0.6766986127122324,0
58,47,0.8306691635552242,0.7867746765937358,0.7831499437123992,0.48677311916302124,0.7701682495362505,0.6286362723396645,0.6770311540400161,0
58,48,0.809906367618614,0.7681774238421439,0.6575032783899766,0.4693113854223382,0.7413544210606735,0.7330534304316211,0.7238680933240665,0
58,49,0.8315089301135272,0.7852540035566923,0.6491248625105861,0.5568251564404408,0.7967328129714643,0.7102618305597385,0.7694725491942302,0
58,50,0.9312554372247056,0.911785797357516,0.6978081954736074,0.48539557579067727,0.7356196804434592,0.7592040099646333,0.6982929335336961,1
59,1,0.33684440628476003,0.3905714393307641,0.4630776490711371,0.6594263653856578,0.27083390467485646,0.3856789579764228,0.18272017462081735,0
59,2,0.2659989289462105,0.4722094693936211,0.4121412933759391,0.6036580194064146,0.19709302686608357,0.5188266033612425,0.3981347876543706,0
59,3,0.30142970099993566,0.4413099497158265,0.41517749012550276,0.661911380926152,0.16582361172199453,0.41562320855116913,0.34478685225415656,0
59,4,0.3152545047068801,0.46536317209942835,0.38341464132695635,0.48933814622716226,0.305725547289867,0.48572036849831,0.30322973081515303,0
59,5,0.30838206755799935,0.4467204455675929,0.4867071212185559,0.6773510141203726,0.22421161111476678,0.43917755504157974,0.30300112277573255,0
59,6,0.23018031834341185,0.5173054438390748,0.44716799730580276,0.6421975559993323,0.28878795058799644,0.425689185435905,0.3291744967681578,0
59,7,0.22741710524799272,0.43504086470692915,0.4730705504078954,0.7244401510000895,0.28874751663302506,0.3947923236957373,0.3153144776974322,0
59,8,0.2874186366535411,0.3995151105166745,0.45491901821245795,0.5696335163277814,0.41809605548978507,0.43576961408508436,0.27921304176854017,0
59,9,0.30168798779899075,0.381475198272337,0.4377767423174376,0.6180551361857459,0.27860185465091997,0.4117482510886785,0.25883538602801714,0
59,10,0.258247814438095,0.385581791213355,0.5353550047767088,0.7535736789784542,0.36990591022024194,0.5310959734644257,0.277615434548298,0
59,11,0.29669347347231984,0.46791817458598817,0.5496392770633708,0.5994039670273912,0.3421698571163627,0.4596465276809238,0.22019067502935524,0
59,12,0.33254989198277546,0.4350710806596944,0.5520629679698458,0.5749145703713031,0.3233726363842809,0.431982869440453,0.3010273382698446,0
59,13,0.33827280038701957,0.4410734291422841,0.5379183442457541,0.7430470797494946,0.34542795017104777,0.4982248343821697,0.3274466413780549,0
59,14,0.24317281657164352,0.4384695063998891,0.33595573234304443,0.6363480245534714,0.3449239035796919,0.4287216210076461,0.311781681953731,0
59,15,0.3690098636573978,0.4121374521945237,0.4559535077517643,0.6526796639140093,0.34164536646742005,0.42308326077362046,0.29579833172362796,0
59,16,0.3706204811806298,0.4550773205243272,0.5231914203644757,0.6711460325432744,0.3456519134676945,0.46247761379176755,0.32915638659933355,0
59,17,0.28472247394351463,0.37723285682187124,0.5906793705290359,0.7102956990687779,0.28748713497441825,0.4527645837073284,0.30175649053478615,0
59,18,0.32286196939528067,0.6031736143214973,0.5076996560282644,0.7122375402185078,0.46007783872106806,0.47187987295250317,0.32865416596890973,0
59,19,0.3146399252591444,0.49606498562065704,0.4693154592045603,0.6103409616153262,0.35406884253658943,0.360290278943802,0.3723457454881206,0
59,20,0.28601876097578316,0.4935066228327373,0.4211439595273901,0.6214372701921461,0.3724244917586767,0.4523874354199796,0.33612725851260483,0
59,21,0.30194103688306007,0.43916470157711174,0.629025486737099,0.5852768630054659,0.524320400791188,0.41764177736433783,0.3466029608458457,0
59,22,0.31034188738618934,0.5163181606225519,0.5733648248364603,0.6077058584549634,0.4802758863826889,0.40002541097408867,0.3089258240232423,0
59,23,0.3686030039245882,0.46593109425777257,0.5278965374490251,0.6049133559234272,0.4748840555585233,0.464219732476812,0.296188061379965,0
59,24,0.40780274828355795,0.4164619194005619,0.5574911746959369,0.701054386084224,0.44852643744676957,0.4157178796164958,0.29161529524081425,0
59,25,0.2836714530570621,0.427336538304938,0.5660752547032506,0.6068672930554109,0.4594283122937373,0.38161139372877356,0.3344800308046801,0
59,26,0.3733833365047268,0.42897733618479866,0.4700802968781516,0.6328227864451325,0.35525224126255733,0.5206135297981953,0.3554704382120481,0
59,27,0.29020461228455685,0.4285471667103814,0.4338648252625581,0.6496867442122989,0.3948292045427635,0.47778358808780313,0.3770772858731188,0
59,28,0.3820387291702726,0.5332283852248421,0.6501610637651167,0.6304929102293992,0.47611159449351764,0.4417429767192401,0.31925209830538276,0
59,29,0.42625020160917937,0.5280747861457847,0.5217169941930824,0.7074352902167345,0.4572831645297182,0.4413412976923997,0.35838296040684137,0
59,30,0.3669273013533718,0.472943874497192,0.7758956523018512,0.6614622641794924,0.44101664927448725,0.4391776320660603,0.3218651403325974,0
59,31,0.48539736704330216,0.603206577161715,0.4503544826518927,0.5204771098456339,0.49182696534598763,0.6444501694596202,0.4682284584532086,0
59,32,0.41426683646086715,0.43803406837839665,0.595586144658003,0.5890378306506849,0.4969315487669238,0.4978616499508605,0.40494896564467675,0
59,33,0.5715050725652697,0.5164735851742314,0.5834696358862148,0.5876553136570299,0.5693768201018776,0.48610848294018105,0.5097034010750137,0
59,34,0.5204514908577074,0.6597215959496578,0.5448873934164266,0.6282542827464405,0.6012766520835731,0.5560115567786829,0.47335679222407473,0
59,35,0.554370746266227,0.6045372083349735,0.5991097924952397,0.5890649114427832,0.6128470787223873,0.5385680662877745,0.3922401436034804,0
59,36,0.5276629605984209,0.6481938220979586,0.6325072687791308,0.6315865461986909,0.5120993739249674,0.5373889398082836,0.49909819870033245,0
59,37,0.6636673597562971,0.5465955208611001,0.7193452865918057,0.5954639087204194,0.5710679600594288,0.5932224740984056,0.5504199977498496,0
59,38,0.6495205067051849,0.6811924997591837,0.5863388776791955,0.5857716971403745,0.4394204942251642,0.49130333833833023,0.5811929992444882,0
59,39,0.6184577740291854,0.6587487263221526,0.6346833841588042,0.5006835321312212,0.5126570592840018,0.5011921264633217,0.6083396192629927,0
59,40,0.7361238150172741,0.6565341584365136,0.6971812300085697,0.5474757335259283,0.6276668037315458,0.6160685071972152,0.5675479954917594,0
59,41,0.75246960326588,0.7746106729429362,0.7984117453648484,0.5168038053359213,0.5950097545217597,0.5955192109415669,0.5994747965594771,0
59,42,0.6907832597409962,0.6377132076727298,0.6956959614555178,0.3331754539462075,0.6469605908410515,0.5878126195794467,0.6657077263306421,0
59,43,0.8207586373329249,0.7111443226021348,0.6226732524958944,0.49112446098800294,0.6842566409908839,0.5645734429146071,0.7148108078065352,0
59,44,0.8187216996093415,0.6561620276464912,0.6472479248635823,0.42065925126061726,0.7422713696280692,0.6506730963395823,0.6921319143384784,0
59,45,0.8436534353494795,0.7451279069795737,0.7077518087368266,0.5244960548714455,0.7193378992956336,0.6921059210609014,0.8225718442003672,0
59,46,0.7578084100260463,0.771611392770304,0.7035206245147485,0.6018078288486,0.6900551222439271,0.705531110539,0.5835802518193275,0
59,47,0.9778776749423178,0.7980455532437458,0.6719744650238354,0.5345722522733524,0.6598164627928491,0.6799646562385492,0.6462357697044661,0
59,48,0.8789628481809301,0.8683349657168355,0.7842832205378212,0.5533114421565256,0.7354535209181612,0.7470924549184792,0.693624036532838,0
59,49,0.946675902893372,0.815109297165308,0.7607641239479352,0.5001518833251243,0.8262070248736887,0.7830443133006103,0.724425045305146,0
59,50,0.9172381709428128,0.8009853260049355,0.8298890505226018,0.5602298486064675,0.7031355490177214,0.691858095405591,0.7002161123039115,0
60,1,0.2571989047602841,0.4231101485528091,0.3936598572149984,0.5824204378044645,0.2659338382845922,0.39447119407686776,0.2012217062765479,0
60,2,0.2070790902815922,0.44833184968134393,0.5019109695411782,0.6033668334259353,0.29979145346740205,0.35766721904314147,0.3569110589815545,0
60,3,0.24766083304811304,0.406391009771279,0.47490161235062534,0.5742732385953836,0.20481066866209163,0.37347186581036,0.3858980321474015,0
60,4,0.30108970275380964,0.45175864792881576,0.5318050817269804,0.6118592579560231,0.24762691082482285,0.4542084883627083,0.2954234230298275,0
60,5,0.15582677421980717,0.47844941119058865,0.3235700267749171,0.6317411092176111,0.230901319130395,0.43504005729270495,0.23600166293829816,0
60,6,0.26064316174106616,0.5436505873639877,0.5186986032562143,0.7008941064096883,0.16407885947311743,0.479404765902269,0.3069136651478423,0
60,7,0.2681207672053315,0.49351690856548197,0.5290573126005801,0.5729526770488538,0.22604371764371328,0.4706563746932353,0.3205727729110065,0
60,8,0.28327443122527785,0.35668288215966554,0.5434780613834864,0.5716667576888845,0.2551110959195364,0.40395957711052694,0.3767456491617692,0
60,9,0.3241979901476791,0.5581606281731442,0.5176763739350958,0.7101194111780734,0.23903266006443222,0.4953439054964689,0.26302455762853855,0
60,10,0.2915862228740671,0.4507115615028639,0.42692138505117383,0.5679786845685324,0.3266870047262538,0.415614171839345,0.2361325745569311,0
60,11,0.26239376472612397,0.4274457490654452,0.5546468924663109,0.6479390815450012,0.25290961432948444,0.4148585765643588,0.35498943466439137,0
60,12,0.2521877370993595,0.3459865459871911,0.5171923670929135,0.6407162278856332,0.18947040689318345,0.38328748092034437,0.24011361322533115,0
60,13,0.17992477635997672,0.41986577014436577,0.5710503508461885,0.6312692989471611,0.2906024801936629,0.4555234193387835,0.36564866502489035,0
60,14,0.1671954783856141,0.48378663960728285,0.5504185258542217,0.6180154180994543,0.20717768910584083,0.42468456984164754,0.2726261384971642,0
60,15,0.27591986849730166,0.40220165572511823,0.4910930838148524,0.6643775819957662,0.35033432840716094,0.4162242588441777,0.2878809389575105,0
60,16,0.2739701285272622,0.4608025092187923,0.45262079092614504,0.707506353050336,0.3790863194676583,0.30550360045630176,0.3258674617214272,0
60,17,0.3093776354403526,0.4135829520140919,0.5229235754248535,0.6306991968902611,0.399175295277399,0.37304525759381496,0.29394908233817263,0
60,18,0.29518970119635934,0.513195106843904,0.7377915126448975,0.5904779115915164,0.2901631315183597,0.43192346446100327,0.3817496358824366,0
60,19,0.41074121429015487,0.4375597240341863,0.5645639560886742,0.5772938209427272,0.22058090303734298,0.44461736511757877,0.2717122873130146,0
60,20,0.20667267400535444,0.40503335546412317,0.5507375442548321,0.6423417300447873,0.37715364515143596,0.5413672583965554,0.41047318179045583,0
60,21,0.3848128234216306,0.5327100724395091,0.5249268338170362,0.6227241873711294,0.38595670681240407,0.4171500305921318,0.30731661602052646,0
60,22,0.32981114718982996,0.4194905226469066,0.4703802749351184,0.5745133760831915,0.38816868667790505,0.49645849436536293,0.29419594152881356,0
60,23,0.32139017744837745,0.4569420971265988,0.6086057303702144,0.6706015230763873,0.3227289264457065,0.39799931770957814,0.3283241750662303,0
60,24,0.38337112279347885,0.45565337629312025,0.6576587409107388,0.577599469166845,0.3837452807432338,0.43831587477365197,0.30153862371834894,0
60,25,0.1802507944485145,0.4298215534308188,0.6203745096138948,0.6012608911358482,0.48937318821875014,0.5648842072498073,0.3490192323517879,0
60,26,0.44329921621687596,0.4777045353605235,0.5382355768828188,0.6741479190455038,0.5050530052023371,0.454459235306318,0.32340781707196203,0
60,27,0.3124116171462066,0.519886438524113,0.5616007091241987,0.72961790945951,0.39205724464067393,0.41525097989836973,0.39292432009150025,0
60,28,0.33537376315679196,0.5402204616479938,0.41986175027464784,0.6441283567165142,0.5247047233594563,0.45790461674732585,0.3064453584817093,0
60,29,0.29121635070860974,0.4688579112508221,0.5270306107753421,0.5892043686521912,0.4889688436977015,0.5395557811060694,0.37179104394222523,0
60,30,0.4156835849213352,0.43866798488409064,0.5672400952793836,0.5945031413510826,0.38107016952943423,0.4797880434359427,0.3053925190975768,0
60,31,0.26254843587525156,0.47914964997388027,0.43964868970089493,0.6604318859823156,0.45539719558463143,0.4389103446232242,0.41692524256214664,0
60,32,0.3494849701359691,0.463269189651554,0.58671746935402,0.6825766953357557,0.538138127413478,0.4414665715221452,0.42365234843029115,0
60,33,0.31041824436341225,0.46940996320939504,0.6260760316546152,0.5497909148333837,0.5504890486483193,0.46346264525910114,0.3441133238206933,0
60,34,0.3110087985979153,0.5926838076874965,0.5420350748020402,0.6289905022538624,0.5985743009647154,0.4763964839290157,0.4278434439208689,0
60,35,0.36496542920023495,0.5208366889211297,0.6434640567159916,0.6591229699662428,0.5626207500053853,0.5367587744706676,0.4171039238468668,0
60,36,0.49515838501093806,0.48171675004782005,0.6030831622801974,0.6167426386112084,0.5409573042030146,0.44450973048663045,0.3213712191612015,0
60,37,0.5003130854239413,0.4738689068717913,0.5328744497464986,0.6239063286397388,0.4925309900961734,0.48876523757144485,0.44734989933291647,0
60,38,0.4425928073292712,0.5758471458290588,0.635778656229871,0.5153726744404298,0.5831258726809968,0.4961943679245312,0.4744075237401862,0
60,39,0.5220940948837988,0.6370707707989528,0.6765805083085893,0.6391756880685108,0.6104807140381387,0.6031677562866762,0.5124194710588652,0
60,40,0.527256454253149,0.6034371466699523,0.6284826218373155,0.5991113843782813,0.553935828666869,0.6646707293451181,0.5129947315849078,0
60,41,0.569275472910888,0.5864311619910033,0.6391117192366527,0.5722412787454869,0.6131975189161615,0.663098973622461,0.5367551206664026,0
60,42,0.6795306433679541,0.65064670855354,0.6990713818699843,0.4867867274641041,0.558201916969335,0.6025499870463088,0.5564426501331723,0
60,43,0.6808113973217971,0.692255004708749,0.6249895715391703,0.5253428387710385,0.6635264047312792,0.5614990186104891,0.5627748272161512,0
60,44,0.7094799502974011,0.6805398578022059,0.6248322064947855,0.4886190835995385,0.6586829064058897,0.7299494496912367,0.6462187438851008,0
60,45,0.7819855013434369,0.6890556696051195,0.7010717483434181,0.5070213049074447,0.8040123475959695,0.5880593102966073,0.6585629657479495,0
60,46,0.8195190381187891,0.7642726910031437,0.8025951558188771,0.5783811853264094,0.6570938502205307,0.8066807171119654,0.6956066008002008,0
60,47,0.8288075949687412,0.8037416813384647,0.769636789996055,0.5579969799746537,0.7727536351176353,0.7203850210683669,0.6504099269823128,1
60,48,0.9529279073804116,0.8348482447619936,0.7442146525814846,0.5245296235509187,0.711397665724086,0.6833631416931019,0.6084019557256863,1
60,49,0.9493091397608125,0.7335656603783798,0.8171697422761552,0.5136547705859077,0.7349395845822363,0.7338303107223215,0.655554758180203,0
60,50,0.9303634576957603,0.8440224482283093,0.6725110362315876,0.533873781391952,0.8265300762343134,0.7456606908513891,0.7561876632646157,1
61,1,0.24638447102696345,0.40476368528403456,0.6424619064771409,0.6432049889548825,0.2450693146997038,0.4466858490782129,0.22968387355711317,0
61,2,0.19752851217189182,0.44306914087396015,0.5195167717083898,0.6075959067986065,0.3003319880669201,0.3236785119593947,0.22040899349194804,0
61,3,0.275327431248929,0.3929636927713477,0.5724404245084955,0.6134445000180575,0.28839102011161766,0.4178623841912966,0.3082955712548943,0
61,4,0.23539727049782413,0.48463686101039205,0.392690284073153,0.6158969986476366,0.24787923285068178,0.4280143507015158,0.2705057389723306,0
61,5,0.29861263877397143,0.39946394557245174,0.6786562573728162,0.651696499182491,0.22762066605345893,0.4546339420232317,0.2984466435218857,0
61,6,0.16732579003390172,0.31554070082927105,0.5348686707338333,0.6701417538836564,0.2711543269770758,0.46202375894845454,0.32187184313601264,0
61,7,0.24337389119375163,0.47403903317857154,0.523223686836792,0.5414025083027111,0.2429685729143091,0.45763783648566136,0.3879815141399027,0
61,8,0.25097351195853307,0.36418962216849404,0.5483408967437126,0.6552698755387125,0.25801116700223625,0.462779960114565,0.35779478582421076,0
61,9,0.16965389264517666,0.48467864105388697,0.5724086401328684,0.6538253858987385,0.23954200105287488,0.4818717937147056,0.40552128216442185,0
61,10,0.2448365409929514,0.3627404673151815,0.46563205989143747,0.555525836817022,0.29784935179379307,0.416961052363757,0.32464001283313343,0
61,11,0.23533407851513521,0.3709231887478942,0.5307300104388459,0.52206054200321,0.30809469845928744,0.42146348606067474,0.3176482044461245,0
61,12,0.28004768970020083,0.4062628553703213,0.5343978900753301,0.5077955443353673,0.23343600342596388,0.4172922919444129,0.3799750069255072,0
61,13,0.25740565807294763,0.37758459170256997,0.4433614535280883,0.6365993114579278,0.3590413578912456,0.44864870507335036,0.3992778604043865,0
61,14,0.26348040304217313,0.3417412637948549,0.5371731864467062,0.7081623928013178,0.2635094670432882,0.48170657709810294,0.388451987318275,0
61,15,0.2814588907073265,0.5079815872404305,0.5401332613595681,0.667202899850698,0.2285630384349196,0.4708568263386195,0.34486188702598325,0
61,16,0.21349547330491497,0.4618000901099084,0.5044101666978118,0.6867163033381584,0.36264361583032695,0.4452227783271137,0.3130775483388495,0
61,17,0.30545852462923345,0.4608925346510486,0.49758939377137124,0.6943662231524163,0.392461654367714,0.4630616945820096,0.32878485887061654,0
61,18,0.17732795901717152,0.44886546371906183,0.643612805069624,0.633199201202268,0.3670086391224183,0.41540578472637973,0.35143636401084816,0
61,19,0.33797689512295526,0.3962190154326255,0.4987386546013076,0.5839473165856633,0.4810747453226853,0.43711171691937983,0.30199612685642935,0
61,20,0.23054330672662451,0.46839424716963024,0.5686713019113937,0.5809278060527863,0.34426064602201484,0.5409935534032332,0.46681898812775724,0
61,21,0.3576759003681604,0.5331712631559393,0.6886200084933302,0.6018843283755588,0.3363039222355998,0.5410744891569118,0.28638529910291743,0
61,22,0.2330301717903517,0.44063018311173685,0.39629368899840145,0.5340134345864037,0.3606596723699996,0.3910037343087466,0.39032059070122965,0
61,23,0.3157630020502315,0.4731765089646968,0.522325883716353,0.6792878915136001,0.43412887311097637,0.4362799863438926,0.25560450694430087,0
61,24,0.22744673710213079,0.4714141562795427,0.5439221991071028,0.538377848957612,0.43150382246208907,0.46316597184652375,0.35214737506975463,0
61,25,0.26149249669726876,0.48458045670501787,0.4918640943999337,0.5555245451595044,0.46547802225988605,0.5018215300445403,0.3753099049973883,0
61,26,0.20073862080757748,0.5316845085443488,0.4047431791447955,0.6551636836051329,0.5606142110683474,0.4638733223971552,0.36216165222992325,0
61,27,0.3112202729864251,0.5777306741970256,0.4841784603089992,0.561876401203214,0.42334993599042875,0.5448415796290754,0.3213561695510717,0
61,28,0.3584623330658582,0.5017491809962557,0.6160651689094122,0.7050791821546475,0.4704939025815157,0.4363475550839132,0.3601609445280247,0
61,29,0.4345895050888791,0.43876716735243587,0.5802198703135748,0.5299480640518015,0.4689691035872848,0.4462448072284362,0.3891842692922215,0
61,30,0.3829618296180921,0.5348784667074161,0.5433586549846979,0.5633368314498568,0.42037361902263926,0.477136898801099,0.36588930566935485,0
61,31,0.2889563906866017,0.5424618715656013,0.44651213243760796,0.5845720891009365,0.41437357348214804,0.4529513405161675,0.4229283204698979,0
61,32,0.32438577279212205,0.5064121428212618,0.5277278549378001,0.6429576598556747,0.5030453451099224,0.40825953430169687,0.3399842302724229,0
61,33,0.38702150728629003,0.5398630146129089,0.6994840921303329,0.6491274293572676,0.47220112671893766,0.46300238340608374,0.36011175908515286,0
61,34,0.34565967317653384,0.4998744248307074,0.4722369752140253,0.6852902028664776,0.3957917836955337,0.45647590235381463,0.4258657636528097,0
61,35,0.312263214704573,0.5794411756725492,0.5251948548385676,0.49988294185710314,0.5421643813006661,0.38007432222783016,0.32942757357792646,0
61,36,0.3106690227085033,0.5126304753876474,0.4765330467642228,0.6715088014557242,0.422543210524293,0.5363315803979259,0.3498321881509893,0
61,37,0.29528629155508856,0.5824382640859218,0.4921637220180977,0.5123630791997188,0.5355861965671547,0.5334994519548009,0.41573942563142985,0
61,38,0.38143791589750387,0.4477866055522166,0.614449182655969,0.6255700371411482,0.49941612078761904,0.4821677043719627,0.3759837098442222,0
61,39,0.31876803636580187,0.46331911872995196,0.5134952951733364,0.7338109081785502,0.5124388145400539,0.5394419116222503,0.329830624991925,0
61,40,0.3612373759349492,0.5556684229127661,0.6401865177213326,0.6249134026245948,0.5277754442340266,0.5572480819550961,0.352152627416492,0
61,41,0.30878363317802204,0.4467560234534126,0.6254805063458143,0.7419589651895805,0.45751145060397114,0.460999528569045,0.42559674428486505,0
61,42,0.41591503004581226,0.590558172942364,0.5860573889747005,0.7546115161567339,0.6084905990761786,0.5420389841118117,0.4625037570541424,0
61,43,0.5564054264485288,0.5365758950642333,0.4832080865166892,0.5782610498013157,0.6686610959670215,0.5193429734218321,0.504760890852522,0
61,44,0.6156450715181336,0.6606318452665827,0.6445082550655475,0.5864874236371306,0.5560218478386606,0.5050644247201608,0.5264822469931515,0
61,45,0.6443308395504893,0.6433988108397554,0.715085575849491,0.6507020370993598,0.6542254095456006,0.6121195589669525,0.5593345662105664,0
61,46,0.6781901221513421,0.7802177599072387,0.7467602554980977,0.6040565205711854,0.6522299734794813,0.575854878924051,0.6263494993205295,0
61,47,0.8094821259300666,0.6059317769003512,0.8737199077542666,0.5686555805312249,0.7538994582134639,0.557893703621131,0.6321728899799491,0
61,48,0.7181745180675025,0.6176571587743501,0.7457399201157728,0.5297403129375037,0.8057529525453376,0.661022258023951,0.6768276967095117,0
61,49,0.88218792778325,0.7601443965488461,0.8081512768067551,0.4905141522024049,0.7401731144054129,0.7266839416858224,0.760565908102991,0
61,50,0.8300841396517659,0.7355781736291466,0.74866126264247,0.5691861824316767,0.7860727555747737,0.7293743776417292,0.7551032176312213,0
62,1,0.24808076996639775,0.37483672458283607,0.5321905341456147,0.5170070321377996,0.21980287495828,0.41474373695291666,0.34556164534352407,0
62,2,0.25279867271433765,0.3756413744408749,0.3431729499797428,0.606467820751386,0.2298054353068063,0.4303418751844254,0.2934975252636739,0
62,3,0.1967790682580391,0.34148280777097334,0.3650376034143593,0.6136124597972065,0.1822878150501131,0.47819177894998394,0.178700815682657,0
62,4,0.3226398102889877,0.39125767842412473,0.506207633652257,0.6455808061982894,0.26627116743234364,0.40517463317196767,0.23998518949759212,0
62,5,0.12476237767444137,0.4446114160025205,0.48057410331522693,0.620185109245229,0.21346352772509775,0.4985441311760812,0.3054505353712298,0
62,6,0.206270302263203,0.39819214326660646,0.6773858123573646,0.5409746985812218,0.31897293085794454,0.4568052643544978,0.3725905876206038,0
62,7,0.22753359706363116,0.459201381431019,0.5272838177044505,0.6652973618363787,0.3486931678291537,0.4344259986911241,0.27698075091741925,0
62,8,0.2534924674251286,0.36689157955269913,0.48831365250035386,0.5619458742978608,0.30250034710513185,0.3935922114710544,0.23646335438095722,0
62,9,0.20601102899907542,0.3893849590551613,0.5320016851887449,0.6103026026784116,0.3032186476254623,0.45513062622708617,0.34042497557142676,0
62,10,0.1818042784777906,0.4437443361477193,0.530798863937426,0.6786159772132713,0.19735894228889683,0.4102422713502775,0.29118100317828144,0
62,11,0.24355931577206189,0.44205388910086413,0.5095742227178772,0.702340176257281,0.4004725566903299,0.3795051623300326,0.3108555605131768,0
62,12,0.27463184613075525,0.40080781878321575,0.537040541967275,0.5249925011233321,0.3068514872931149,0.3637848147748992,0.33659894820161596,0
62,13,0.2571171057836904,0.43975977952107814,0.5261104722365392,0.5820828282240939,0.3043779049865827,0.49725358341048603,0.292569580006921,0
62,14,0.22472600682234845,0.47742135497690336,0.5278481542612177,0.5741615594921816,0.3264275155119053,0.4275484059259259,0.3860291055448273,0
62,15,0.1870280026262491,0.4539316618224763,0.6490261203355703,0.6918158533727751,0.2688239804728848,0.4275635927837448,0.3174658411317608,0
62,16,0.27881353990423224,0.4143949496173534,0.46150633185934253,0.677108020190536,0.27658603506379437,0.4022941729479536,0.2651109490459437,0
62,17,0.2686890125160319,0.47837518098523246,0.47223646086207266,0.5448192129779011,0.3263659426717864,0.4346751356619711,0.3346548153885033,0
62,18,0.29090199020947405,0.39208806308552424,0.48348090449177517,0.6904225718684851,0.23100818927280808,0.4613251013583476,0.34273643150337424,0
62,19,0.2482152309994892,0.5004523401075642,0.6678046480779718,0.6838835520130674,0.48415230006562826,0.41203340376662256,0.2503957966770244,0
62,20,0.31440837885057393,0.3492624946941544,0.4671480205471473,0.5710762944192276,0.4013938137432213,0.4593809781874793,0.29324196132478275,0
62,21,0.22052518780712352,0.4232787593692177,0.44506475231164977,0.6109857303323112,0.3409706444685586,0.4839187510034287,0.33329064646378675,0
62,22,0.3697716654950206,0.4663644088509319,0.509429214145765,0.584975879174835,0.327129643644125,0.4475058057272605,0.35258067711883184,0
62,23,0.21676627069636883,0.42399486053665686,0.4599273498874512,0.6225954491615563,0.41792912257441317,0.4460846316033501,0.3673087160692081,0
62,24,0.28627020402226333,0.4022343207582327,0.5583233795104762,0.6245544893291797,0.344087900693289,0.44584703123976227,0.34050890633664854,0
62,25,0.30807137237384785,0.41894070305281617,0.59345512605529,0.6513833407303554,0.3815252245876716,0.3978651477492814,0.31259241773528784,0
62,26,0.3061657726489993,0.516777996153791,0.6411082240548164,0.5546395149394264,0.48120825562281566,0.46062504389375925,0.22780298269499677,0
62,27,0.2771812938856255,0.5207408947987352,0.48223318437146606,0.6537838608315358,0.43657469990078057,0.3855095498357019,0.32259073457209814,0
62,28,0.2942969196102376,0.508093352974179,0.6043738001407625,0.5931041689269059,0.37499465143040095,0.40160908354715186,0.4253833521262041,0
62,29,0.21987439049631155,0.5070980263890286,0.4213204112625499,0.5704325453852024,0.46587766235441247,0.5866209539951164,0.39620005391767676,0
62,30,0.31158116184580176,0.5139854608301135,0.6475304303583098,0.6051416301944633,0.4568829839803938,0.4204975747205404,0.39125793403058096,0
62,31,0.2168312011888026,0.450759699306669,0.46465877847602555,0.6290544174155611,0.4047232265328482,0.397392947472362,0.41677596403554745,0
62,32,0.31437013894028665,0.49478425634925016,0.6191573273392271,0.5948844300454891,0.46422112377996755,0.4451966736412943,0.4172754447664564,0
62,33,0.3064105314499231,0.49534482159341,0.680987793984511,0.6244569886557142,0.480833166519279,0.5633499258995148,0.43229008211256204,0
62,34,0.2995311093344156,0.4484086107953016,0.42600918826432355,0.6778950132712549,0.5106198290222963,0.3775556061484237,0.42849238010393875,0
62,35,0.31746142501011715,0.4053515351499465,0.5904538908424496,0.6501062015466099,0.5121207468166404,0.4480881033057339,0.5023233819251876,0
62,36,0.2956935974354548,0.5190128368921698,0.48658920443358067,0.5547075850068315,0.5918911187857601,0.5006595862470445,0.39780689885471393,0
62,37,0.30075777722594715,0.47356644481072635,0.5536647629316015,0.6707729811893234,0.5585514419351931,0.4254078267229181,0.4156771113879436,0
62,38,0.32294435459857396,0.43169758114581747,0.5008027588870494,0.735595176682374,0.45375955121471645,0.43224029720035095,0.4043200885659105,0
62,39,0.3503433335836891,0.5628774816342639,0.6082239500364396,0.5918790589965616,0.5429768312359526,0.5011303004892901,0.41314948830801873,0
62,40,0.36419589704816074,0.5120791220189808,0.5575441412196408,0.5836857436162153,0.6045557358813001,0.4905897730790154,0.27995101421113744,0
62,41,0.3257318665319638,0.48654343216264273,0.6498761443810881,0.8121395542248522,0.42147074133052903,0.49262031798164163,0.3900793060133357,0
62,42,0.3805124243133976,0.5066894370289741,0.5418996217052849,0.6217545598315766,0.6113939998839842,0.5018735632257297,0.39863161538098435,0
62,43,0.4979225912065438,0.5197756655594125,0.6221724259135296,0.5895318528283368,0.5983744216497722,0.48928040384002697,0.29620251057925673,0
62,44,0.392558279399518,0.5168771616841061,0.5205112605387239,0.6076313621780567,0.6948415168339046,0.5193744349867029,0.38283647721640424,0
62,45,0.48281288958481583,0.5212196742719017,0.6433119958772602,0.6711859321860068,0.6004457472360476,0.5493066953389483,0.4705519656164397,0
62,46,0.5834942504414141,0.6039347251444227,0.5920119683257017,0.47784251708423464,0.6628752936643189,0.6315004697476351,0.5774654394271169,0
62,47,0.6126396743088116,0.7247404693686678,0.5980157167041503,0.6025555187436737,0.7816512367394264,0.6357190751556058,0.6752905808471871,0
62,48,0.7120038937696214,0.681515815241312,0.7042352893918801,0.5611804292262854,0.7085621037579437,0.6197430526347042,0.6177642119646818,0
62,49,0.783101100527782,0.7148098497415566,0.5955899767818825,0.4942706907841474,0.6480638757970123,0.6343215005735299,0.6712347374503032,0
62,50,0.8301151554495776,0.9270600554080751,0.6667227876481423,0.587552747476424,0.7452459194184314,0.6758736804329704,0.7718788005195636,0
63,1,0.3004954838921261,0.28287699768658653,0.48445883221553226,0.6314042972296474,0.2934813519906552,0.40147845510772584,0.4156507622167501,0
63,2,0.0962403482419723,0.3225158635516219,0.519785380055424,0.5513680245585844,0.2508699946785026,0.4001135108367598,0.22539867980606548,0
63,3,0.2608006690336804,0.2966523228046097,0.5779692377615895,0.6844722123684727,0.20711559177232663,0.35397786785796925,0.31559321045495314,0
63,4,0.14604910474284227,0.4958570113973031,0.44449106928545173,0.5316709467961952,0.2531030491884543,0.42220762818581675,0.3647094184621689,0
63,5,0.20690717294461147,0.4197614116098081,0.5219662544854967,0.6338022628942399,0.2613170898280645,0.4352308147447761,0.27217585171890907,0
63,6,0.21101011864021815,0.4458175148801229,0.6067433461794988,0.5793475479597836,0.3982690051201465,0.39276935474122077,0.2603305910674107,0
63,7,0.2546831089994328,0.4117907612755007,0.5684775761584031,0.6351578025501977,0.38694451985000894,0.42713872910634726,0.2554753189206886,0
63,8,0.25977120786617197,0.4350975843327714,0.5272533222342439,0.5690297856757485,0.33851888719664297,0.5280495328344139,0.3022612660947644,0
63,9,0.2831177886017966,0.5243343587323334,0.5474850863397981,0.6281961845463727,0.33154407397877805,0.4109207500330363,0.32375586939298195,0
63,10,0.28438051156563793,0.4144521170964154,0.5300290915868762,0.6654606068781072,0.3334667965873925,0.47150321915642657,0.32297190527098113,0
63,11,0.213747345589392,0.4416583382386756,0.5758021593656345,0.6621161734408904,0.25848699701893585,0.4278416315508685,0.24988606678068712,0
63,12,0.2546789537960174,0.48910781823511407,0.5261862800493369,0.7344881257324216,0.29815376172962826,0.4383608604073448,0.2616496554490426,0
63,13,0.19470807709872529,0.3465331357857949,0.43869481012782324,0.6251165053979628,0.27279762318586315,0.4132063591318929,0.3342935284862331,0
63,14,0.2618567917173176,0.46880377179895233,0.5878191643755698,0.6509940229852003,0.3228690637884451,0.4084130551761476,0.31228206233797723,0
63,15,0.275058298907042,0.42365590648378687,0.5634584937458085,0.6229834549314383,0.348547577040738,0.42866414226343014,0.2982531122962648,0
63,16,0.16748750426006048,0.45553008683741286,0.4922272909449112,0.5056872521701559,0.2855234346528551,0.4405976955351066,0.3266739614585196,0
63,17,0.3090059005069431,0.35686425183863896,0.5536252510445974,0.6637126384053663,0.36613535725592383,0.46892207426033616,0.2275739596763468,0
63,18,0.3405073388988017,0.42281458389292814,0.6844172740315084,0.5432946553050999,0.4558263344679507,0.41466471935076776,0.36992179914741796,0
63,19,0.2815888961749597,0.4691771653709126,0.48746527169920906,0.6680663836924875,0.35504757519670893,0.4555024966856843,0.19714143024956093,0
63,20,0.3425820881972779,0.4767338593559351,0.5940581930040607,0.6231990606716853,0.4805764701734643,0.46242193582843844,0.29899499588958117,0
63,21,0.3291349067541163,0.4760795612383726,0.5053946278775662,0.6368883303241942,0.4725994916599838,0.4732774997248118,0.26071187316539046,0
63,22,0.25284172176673453,0.4094838294059626,0.38741009884284633,0.7334346516670677,0.3454227432194278,0.41060258452284937,0.24011457724697594,0
63,23,0.28566174613523104,0.4322543197458551,0.5159399053286948,0.6552682635360174,0.37819870935949473,0.3527549468657878,0.27522320295099867,0
63,24,0.3075708808502252,0.49890095202665746,0.6410063940909105,0.5219063349639248,0.45321620553515524,0.4228464403897789,0.4885729038907772,0
63,25,0.3824997593864203,0.495121991012332,0.5667321737532637,0.5958450217577648,0.3890407513504897,0.4149947456521176,0.3758787829031001,0
63,26,0.2831645967435431,0.42148255950085195,0.43775476164002625,0.634681500103611,0.5077560488609912,0.5203663661359911,0.4165219370128448,0
63,27,0.30911442064619105,0.5243126131007377,0.465495711649318,0.5935493044078787,0.5456508848220368,0.4040697238454256,0.34847709336011135,0
63,28,0.3123399165459368,0.520270875330986,0.6515974718189326,0.6487798592167502,0.5354037635454457,0.4127662267768091,0.3449230382640354,0
63,29,0.40895150983826567,0.40155303913387164,0.5455066314043842,0.6281644775914036,0.48599154228504426,0.5243021330854585,0.4473579541468887,0
63,30,0.37150427861121593,0.5004098041553093,0.5465208455392115,0.518110509538117,0.531108417202343,0.49225968561093403,0.37747946150566725,0
63,31,0.41696185244332806,0.4782235941224431,0.4697037097161985,0.541860777211736,0.5196483440278341,0.4987624869870139,0.33744949216766756,0
63,32,0.3559853059065796,0.48019626104984603,0.502106121533894,0.6776813569500377,0.5382578786294716,0.4931840020024679,0.32151340616110125,0
63,33,0.3300311842999844,0.5222785563307228,0.6256261016673329,0.6550629100459966,0.4699727493131928,0.425989630000291,0.3649566585001642,0
63,34,0.3851697534396299,0.4544142801839438,0.5266345506362972,0.743299466016366,0.5990733341832128,0.4234609779417955,0.4418375949473515,0
63,35,0.3117020529892161,0.4649878251090076,0.5505685864076417,0.6571853802318576,0.5213883990971555,0.49973636771926844,0.3509079568719875,0
63,36,0.34095333070360745,0.4141834962782117,0.5914107146083747,0.6257633221091771,0.4811654251282196,0.44915789357852887,0.3535839627612882,0
63,37,0.4285528948112993,0.5907127219491196,0.3683772921658657,0.6492904638094323,0.5902970821105514,0.4609961610993767,0.4226045042390903,0
63,38,0.27561288927049155,0.4954880943112496,0.6977723023979139,0.5457340819401062,0.5350860595327073,0.4507801361952953,0.4313946370039835,0
63,39,0.3982290489945656,0.5191643109993552,0.4574442661981238,0.6961493820379069,0.5390407903093557,0.4867145163079517,0.4592107593617474,0
63,40,0.48621247091565506,0.576478199105966,0.6090343250277325,0.6201650252466755,0.5110951736669538,0.5070125319865706,0.49666389095805574,0
63,41,0.44616426176786667,0.531080324092585,0.6224904879372698,0.6764594234739562,0.6295219073549915,0.42624417869932185,0.5067235576993521,0
63,42,0.5533048756342673,0.596340375848634,0.5685065026017501,0.5787886275783856,0.5884348709005842,0.5711088243341801,0.4618228245741357,0
63,43,0.6103475426919979,0.6880112058375523,0.6863271224272308,0.534919783765779,0.5887496500528576,0.5422293844949589,0.5824735926413677,0
63,44,0.6638531681073212,0.6931682347959504,0.749348581015055,0.6284045693546697,0.6839439503214905,0.5235505562162761,0.6002910341774608,0
63,45,0.6468961479948622,0.7581881354636485,0.6690988108266269,0.5236176803676309,0.7370587546910026,0.5973607501014944,0.57264072358425,0
63,46,0.6704577261706173,0.6821113022016361,0.7401502496390048,0.4850095078327275,0.5763758212920443,0.6534076438742283,0.6017485892379394,0
63,47,0.8214950183372381,0.7511618526925486,0.8193350165411375,0.5328342646611566,0.7664943119583136,0.6315055614725658,0.6706614555962016,0
63,48,0.7625719564940493,0.7651051400573372,0.6376487700267004,0.5372539059966397,0.7061420933760195,0.6912366888635396,0.6314481430814168,0
63,49,0.9340702874378809,0.8794189626551043,0.8809042262982117,0.5210073981365267,0.7213987903382656,0.7245176385319634,0.7170274730803317,0
63,50,0.936062272158136,0.8221260598673716,0.661900690313245,0.47873383331543334,0.7480696216192091,0.7213608566810925,0.7619614806331071,1
64,1,0.15357267417543932,0.45540841256216774,0.4622982125516062,0.5993702097491362,0.2719817219216827,0.4876387411221936,0.3562311768940224,0
64,2,0.225266571438695,0.4087058472335847,0.49961416981172996,0.6239940866659414,0.2951464363375021,0.4747294613522308,0.3300456613328001,0
64,3,0.3182504052251124,0.37776885780060115,0.3916827008152905,0.6040853591087841,0.2304642646913401,0.48935920488589274,0.2622510968241932,0
64,4,0.13445865258533918,0.4544708951465349,0.5111823590119138,0.6031666357095479,0.3638991454453976,0.4790953539805053,0.23840790607285725,0
64,5,0.3487368433045087,0.5019408393270615,0.5726074191198938,0.5091771117827673,0.32492901631880355,0.3952407418615863,0.3591758967090008,0
64,6,0.23996234361577778,0.37358586867911714,0.4841703784015384,0.6573317981664772,0.17486609459972888,0.5470209017039785,0.24423892663939803,0
64,7,0.250377554700724,0.47279705683112855,0.48854080633924263,0.5557118469547339,0.2076572654787333,0.37829902145005057,0.31360898150993394,0
64,8,0.24401249674955863,0.4290434713803709,0.5705018601828902,0.595403358807835,0.22770771566753462,0.43901470341837784,0.298050499530006,0
64,9,0.19073521925298131,0.44551086447262317,0.4319138704797453,0.593576920436284,0.3487424799959809,0.37603425204885893,0.35591215228296547,0
64,10,0.15065957258933454,0.3413068869986955,0.5241764317071875,0.6637757450265757,0.36755564623334447,0.4946435378568393,0.349134929246113,0
64,11,0.1914956896062976,0.4579896160759768,0.6170915907982081,0.55813154720538,0.37663996036334646,0.33938312658553704,0.3280962546967662,0
64,12,0.22691137906244396,0.4227635565349847,0.4594388868930998,0.6467646860933238,0.3116401088475651,0.483565574116832,0.3907195198331063,0
64,13,0.19978494800236982,0.366905043633964,0.6396776272711876,0.7142223794380713,0.3702422966289886,0.4411926951063288,0.35455827801492346,0
64,14,0.21342301744831899,0.42788976511226484,0.4449635124153122,0.6122563024623575,0.41865641279014715,0.4935273894212205,0.32315034007049764,0
64,15,0.21513123453242952,0.4341202982433052,0.5088860606222726,0.6219663548772986,0.3495553952745843,0.41431596204535015,0.31862345250944,0
64,16,0.216360732921732,0.5239168831010004,0.49224790108482325,0.4847474472372987,0.45099595160515926,0.4000862007746281,0.3665954174572019,0
64,17,0.28358477308393454,0.4317926320002398,0.5972231586119575,0.6071777457017213,0.31368080554569877,0.4566509925948107,0.3050754134266489,0
64,18,0.228645829822117,0.5802384488012722,0.401303897522168,0.6344629893812559,0.34742623830400554,0.537020994759062,0.27124808428871816,0
64,19,0.29663075049729926,0.43043526651776,0.4766712861899252,0.6186682299851798,0.35243022536826013,0.4309848749694887,0.3759356173277252,0
64,20,0.2935092101700078,0.4585148091416461,0.5991916279707443,0.6982555820344383,0.36279720588821784,0.4889734452937066,0.26719058522132805,0
64,21,0.3608411180015622,0.42793207798832567,0.5512730987974113,0.5464870522462195,0.3127193771841149,0.4137528054217295,0.3667448864910877,0
64,22,0.2563313438092239,0.40997444606332417,0.6168051662517233,0.6721118005450438,0.36895110513428325,0.4850058132695183,0.3249381498960492,0
64,23,0.2742353275693604,0.4819616982437692,0.47434603395742025,0.6501436770530395,0.5568692583880135,0.46135605901776033,0.34158590459715765,0
64,24,0.304231449387739,0.37187980675469184,0.657475901435273,0.6788712172582411,0.3773290477101792,0.45517736150603494,0.3145325900084115,0
64,25,0.2869884094787109,0.46643167779924605,0.4680174914634806,0.5911073896396644,0.4937634747740107,0.42831043205012154,0.21282527325754283,0
64,26,0.40809542182738767,0.5000438831390808,0.5007097935839347,0.6169638933737249,0.47479156219957797,0.368587411104493,0.3047970502534675,0
64,27,0.3708451949948376,0.4382338409162957,0.6528912160818297,0.5747405842799839,0.23986924029495843,0.49499054201249604,0.3772199471505381,0
64,28,0.3295761099079595,0.4723875027214045,0.5266829371785704,0.6067586973601864,0.42437591589974255,0.43918046181965237,0.26224826213704544,0
64,29,0.2901498013979966,0.35335665096611674,0.4058512123886452,0.5999430695922962,0.45330014502169924,0.44493223249844227,0.23640463343234583,0
64,30,0.2301093329103926,0.4270919464762419,0.4596762410640336,0.6979418517829705,0.49528520732242975,0.43833784394257347,0.33081720520326313,0
64,31,0.24319315124308255,0.489636970107313,0.5111948613818832,0.651178350916804,0.5081433506891992,0.43371941908202516,0.25796442404055825,0
64,32,0.23664721383483503,0.47713173429466854,0.5332399693184009,0.5847203072072071,0.4102662631694326,0.5241394589516115,0.34051588525359033,0
64,33,0.3144673467771182,0.49337946808424027,0.5555448536066254,0.6404943037910105,0.5625612399836888,0.5214113165372721,0.2774696143921989,0
64,34,0.341177837233776,0.4801946099626928,0.6742785646433003,0.7251660091015361,0.5602757761933478,0.44042330061357016,0.30877584345205344,0
64,35,0.3878975442318311,0.3795671119226713,0.6320406311279907,0.6047080677588792,0.4064598299351344,0.49246980776149846,0.416469332673693,0
64,36,0.27065313472413577,0.5692045463447137,0.5107954109580268,0.689568339045102,0.4332169804887587,0.49120025238268766,0.3929753578829247,0
64,37,0.43843670263266327,0.46818518108489665,0.608987567365291,0.53000595691149,0.45832510297164264,0.45954993758862667,0.42199969696364314,0
64,38,0.4970014791293215,0.5163887668795539,0.6088540787681647,0.6605803279174296,0.6039229613085376,0.4980604961546927,0.4332719185644277,0
64,39,0.4339021689955026,0.542329478658696,0.5940239056991816,0.5716511551055085,0.5068749403759196,0.5677290141523844,0.48321288669558693,0
64,40,0.5030634339844244,0.5638186592313696,0.5734828567314403,0.5908419640409718,0.6251725098025358,0.5304311364571578,0.4118204599064677,0
64,41,0.5257554504282204,0.6469475163243051,0.5282590033468484,0.5959050070373001,0.6222671718154613,0.538154508568634,0.48392055570411135,0
64,42,0.5721611814725593,0.691540933137389,0.7310449142643678,0.5045611791668915,0.6147813091598658,0.4691245098841024,0.5466592155510587,0
64,43,0.6839355922486589,0.5711437973004422,0.5859691387946896,0.5726482081125376,0.5458966980115226,0.6054772742092319,0.6002834605868567,0
64,44,0.6522834681400497,0.6251227865825807,0.773346477492348,0.5683987655476116,0.6215961582619782,0.5530262643183339,0.6165241513431791,0
64,45,0.6473456708441998,0.6890177666964045,0.6393501509504268,0.6413295542631288,0.5624815718619451,0.6972796611400113,0.6061400955776437,0
64,46,0.7091558004851005,0.7482467107407741,0.6558474204875492,0.6035029881952608,0.7599398225676464,0.6018962146778295,0.6863066816100353,0
64,47,0.7690358741406974,0.8377908782008804,0.6746842749102848,0.5875929663897752,0.7384275107371381,0.6594319263607893,0.6992368450431079,0
64,48,0.7488032006990581,0.7564638078190157,0.6636323330528645,0.5074028737106784,0.808702117764093,0.7162513900813222,0.6371705461249866,0
64,49,0.8586687760169246,0.8492710906819773,0.7061796406790721,0.4417540905741463,0.741619425773535,0.7337181502182372,0.7484756576649934,0
64,50,0.9749851398116418,0.8323925563386573,0.7802263858048077,0.46828195589667,0.8283904799018728,0.751925677960887,0.7803998381246952,1
65,1,0.30207799499415905,0.44334666987696,0.5041920550383108,0.6155083301686018,0.19807442709517217,0.5353498972155428,0.25547768660388964,0
65,2,0.24917003804971843,0.368543650226148,0.591389278553081,0.5386404560830164,0.18432254911803694,0.4323261582119432,0.34861464273174003,0
65,3,0.3523837138760889,0.41508964503939116,0.4905466363945378,0.6713333916903317,0.14497034404871514,0.3387057487877854,0.3366131797290665,0
65,4,0.32323303691753635,0.35778137809927646,0.5963348662875438,0.6602215326327739,0.23413277710906114,0.4359673958396038,0.30774639469683474,0
65,5,0.25938211877607054,0.4195561173722588,0.4782406258742434,0.5318348675287007,0.26269332587233407,0.4688017086963645,0.3464267314461898,0
65,6,0.323148208888143,0.4549754534949966,0.5151759072169452,0.49286499906008685,0.3235868730005028,0.38373408540786635,0.23905615589277995,0
65,7,0.4100617429496098,0.43022738431721574,0.43828685142090984,0.5789950140530956,0.2629565014524601,0.45692018888531694,0.31216461689660746,0
65,8,0.3052901735292245,0.38024060951878524,0.5860840514499916,0.6233777961370861,0.2264399541306794,0.4656477063128501,0.3199622484892512,0
65,9,0.32953744905640336,0.4448558555156985,0.5985275538886655,0.6626083119293706,0.26816318717586607,0.34807350786347657,0.3127323297423353,0
65,10,0.29919269343804755,0.26545627988723686,0.5635180970847835,0.5652769845182677,0.33114336869265515,0.5190342362579607,0.2933601209521375,0
65,11,0.3018717356600618,0.44487917899267015,0.5248411573258482,0.5889811813299115,0.24470346693097428,0.5149232860078863,0.33052764923615563,0
65,12,0.3237859914864281,0.46998840570247374,0.45648229024174525,0.6249908866681783,0.3383291668775203,0.5014334797893633,0.4448538049750286,0
65,13,0.27437780933769884,0.3640178456649433,0.45746296864664426,0.5735528333396398,0.14293505406087062,0.40441724939700846,0.3496370350669071,0
65,14,0.2981016163301169,0.3453023674630636,0.5959286985709709,0.6507087974552237,0.3252241013237928,0.32947403938097714,0.29186137481910057,0
65,15,0.31320447748027125,0.43859690340851704,0.5719812313097743,0.6292843385212935,0.37398050197952387,0.39882254548573337,0.25786141217984876,0
65,16,0.3523532694222197,0.4575486897913804,0.5348110325105161,0.6005575437180021,0.3566591604331154,0.4613649969332753,0.34356487238111766,0
65,17,0.27579265707020567,0.5954996562073962,0.43922252357201974,0.6431401235846361,0.28130944514431816,0.4591121888698664,0.3733061412426876,0
65,18,0.37408686779357203,0.41561588942988653,0.3853095101307874,0.6576025479523552,0.3638382994709101,0.4212193019059996,0.3062719233779048,0
65,19,0.2883062014864141,0.458162240478088,0.6136045913269867,0.7436042086767833,0.45527159226573577,0.45468727164833017,0.3422832549952385,0
65,20,0.3093506725145135,0.48560158992302277,0.510474295917301,0.6419659784653814,0.32224942955565106,0.516515632465276,0.3158771668174871,0
65,21,0.3010416874815899,0.4067644753685635,0.6265622246950509,0.5824395491188686,0.2949259849776982,0.3974029731629304,0.3774354340499135,0
65,22,0.30170779219699556,0.41561406494005193,0.5823111078404842,0.6989552327115642,0.3938720276316938,0.47851192077184124,0.3808716533273995,0
65,23,0.2856470472852882,0.41636382958680995,0.5013468666119664,0.6696514489228848,0.3918849366769301,0.46781229193621987,0.3458921476587382,0
65,24,0.3524026750646297,0.503895035746438,0.47045900457426587,0.6110926285441457,0.3430833352520293,0.46492784640658225,0.332623556962978,0
65,25,0.35039168531784165,0.4328080433298497,0.5227302966349094,0.7234054528164304,0.330795163343677,0.42362419496922044,0.3468004022000034,0
65,26,0.37876692998350936,0.45477572809445427,0.5595189431841241,0.627069688116697,0.427817276426161,0.39185881323882554,0.356404621459682,0
65,27,0.34623479726381934,0.49826026430113285,0.6344781274995901,0.7561649675169102,0.42210476129575664,0.42454376848899456,0.3915141775430095,0
65,28,0.48207008598335677,0.43824603973790593,0.5509643568776389,0.6614220369887254,0.5167826691461818,0.5087930961922855,0.36076257079954394,0
65,29,0.4775003865891611,0.45959899621747324,0.6635165129377387,0.6651175708378801,0.43088231002809874,0.5368454914179724,0.4416556827742225,0
65,30,0.5354314990673456,0.521876911046508,0.6032064921076037,0.442476304690389,0.5561493617944626,0.5529793208795094,0.4866017152392364,0
65,31,0.5303351156350672,0.5895374648218977,0.5440358371082302,0.6593578656178433,0.5307824426619782,0.42849941131354824,0.4658240410234952,0
65,32,0.4240362506147336,0.573127663778332,0.5946268507831778,0.6754288142618543,0.5277031472624293,0.5637259663368509,0.47984046830250754,0
65,33,0.48911247909329925,0.5809268315056342,0.5989484867849462,0.6256210030303263,0.54594878460585,0.5054981067007084,0.4553033230040742,0
65,34,0.4743152904347474,0.6226682353432668,0.7053012407713112,0.6163302291501432,0.6626604950778797,0.5945257823537611,0.5092061856868849,0
65,35,0.6047662187043583,0.6374840960094046,0.6282450297052194,0.5322304034453259,0.4859466400396133,0.5682703442690485,0.43378418961092147,0
65,36,0.4886458228014685,0.6612509264810623,0.7183832696419831,0.5767368836157464,0.681887541911588,0.6377693376108137,0.5495892857573605,0
65,37,0.618362940401149,0.6639245537179995,0.6373141211373998,0.600093812099447,0.6231472168299708,0.5703210376094927,0.5981892907811496,0
65,38,0.6624997737775777,0.6031237699837817,0.6378568285504951,0.6918919073585248,0.5455768058677869,0.6150856180187051,0.5384754423877717,0
65,39,0.7149813675096537,0.6403937870529799,0.6887328851438937,0.6169831377543122,0.6274759030512853,0.6210149422952248,0.5356030038096462,0
65,40,0.7031486456557979,0.5844785696349735,0.7339071100098351,0.6207789711759508,0.7160673473335084,0.7245411501203112,0.6354767273813879,0
65,41,0.7928102334430649,0.6562502426659059,0.5685621398198604,0.5193794714897345,0.7176346506411808,0.5943450433907778,0.637880529382956,0
65,42,0.7760461032174073,0.652918382241578,0.7191894022278528,0.5179067921751186,0.7569716715323375,0.6956439231467607,0.6130853462042948,0
65,43,0.8066184168099046,0.6494181734278929,0.6993186302035543,0.6365166756777363,0.6194096898310841,0.6467880047432134,0.58220768411181,0
65,44,0.773320859150114,0.6878300877604263,0.6711208140708282,0.6378969970700619,0.6802356460400545,0.7008760850456052,0.7225784508454044,0
65,45,0.7990572257240143,0.8036909363730433,0.6796001896140519,0.570775230297478,0.7968393452622587,0.6002308556294634,0.6679532918578263,0
65,46,0.8399145237917905,0.7512012996667226,0.6991515429676148,0.5230849564422912,0.7198930880980229,0.7320705421321491,0.7023440665595,0
65,47,0.8622428425078978,0.7377318581194191,0.7218672175911658,0.5469495592743194,0.7754280021886855,0.7688116792811269,0.7359100151991844,0
65,48,0.9858718147143846,0.7750376550930705,0.7380901300426357,0.6806547926319773,0.7889833365381546,0.7327350154348184,0.7838845422162865,0
65,49,0.9106915249162284,0.7795851060260978,0.7917025823796418,0.48746203610538347,0.7571233093478252,0.7030491876350587,0.6756797036257184,1
65,50,0.8805230244884145,0.8100176630364344,0.6799169404008321,0.45201552978758625,0.7773115137691846,0.791751148030141,0.6967502505533151,0
66,1,0.18822136322925373,0.43095387835762833,0.3533006609469528,0.6530331091954713,0.1506415994556792,0.3605904611403217,0.28597438475458736,0
66,2,0.18320402304095842,0.340543467771395,0.4961313299199997,0.5764892879900161,0.254241948497294,0.4765678915651299,0.33577309954423884,0
66,3,0.24795979402571822,0.34675098566892004,0.6296006432697354,0.5584050753561127,0.10519284857896592,0.49247182047473503,0.2522932789398688,0
66,4,0.1438863574513925,0.5185801703670228,0.6339272369040294,0.7127932358734617,0.24130146423646098,0.47463496148751794,0.2877473968170655,0
66,5,0.1784962916135209,0.48223522078684583,0.47573893807256595,0.5991625457404813,0.21700826151848876,0.4366226182358341,0.27359020785370725,0
66,6,0.1785774106275388,0.44513942605920165,0.6158856912675995,0.6246528286277028,0.3870997060861908,0.484776467143585,0.4025118255887451,0
66,7,0.1231537997834429,0.37289313878696406,0.46891043168829133,0.5628184730742773,0.13124572122206046,0.48103233703561277,0.20519904191177946,0
66,8,0.3191042582710989,0.3718833363822821,0.5399299343793824,0.5960820625223164,0.3216245568064867,0.3714794606747433,0.29421044602047364,0
66,9,0.21098323330621316,0.3319686156121998,0.6013157391935461,0.5422414453780187,0.2857240485928531,0.4617322148429504,0.30939251591175787,0
66,10,0.2537174303512036,0.40588249396264936,0.5581864033218551,0.6325966777164413,0.2926621647563163,0.4461893596866363,0.28429565122939454,0
66,11,0.1953522028898118,0.3237901871087844,0.5974140427533892,0.5860731303539236,0.3074832222399677,0.3973788801743602,0.27208819189090294,0
66,12,0.27164160769128143,0.4806860798697084,0.5210154195195924,0.5878005361941042,0.2064157961389287,0.4765715592085913,0.27737214654203524,0
66,13,0.22928993087281693,0.40709371544331574,0.4145362060429889,0.5371567639637221,0.3371925903660675,0.4054154332224433,0.33931292873481894,0
66,14,0.2838038581127514,0.38479274580083617,0.5386902479253507,0.6582964753924377,0.28842695084580894,0.49596016278180616,0.23308611542093433,0
66,15,0.14984237124076077,0.3922062513337897,0.5131791161191633,0.669890043141574,0.32568257976527665,0.41123131405562224,0.24153886019076626,0
66,16,0.2541370573231998,0.4756727380591937,0.49625446390565353,0.6926608713694768,0.2870049560552508,0.4228729690598571,0.30629272101096666,0
66,17,0.248909716137654,0.3442783605371158,0.5938158013681308,0.7307556545976732,0.3380155566739187,0.3989458837476892,0.3674128707342207,0
66,18,0.2882633474952523,0.3556496823268698,0.581627727076069,0.644252443266621,0.30472218059364625,0.5096408922974648,0.34871755743895777,0
66,19,0.19635295229191263,0.4593388872182512,0.46774336737831584,0.6348600187093367,0.4596335270152935,0.3752791134185364,0.2609499419143741,0
66,20,0.25232062105113384,0.5005631613076276,0.4754900657526017,0.6230714355669631,0.4212877291949154,0.45851000950201204,0.24256263356688884,0
66,21,0.2672429838927321,0.37757914572317414,0.5555939924778169,0.6457487026063699,0.44863541447491784,0.49575724505294433,0.32390777273017385,0
66,22,0.2832949113878021,0.365079197283514,0.6202671222229906,0.5760345220690989,0.4360976200793308,0.41799155940780686,0.3125982168938388,0
66,23,0.29963083614564145,0.4187326509640217,0.5905972461733804,0.5842885784763145,0.3931149048496787,0.45397824699796213,0.34749108029575004,0
66,24,0.3026171422626743,0.4388330397028633,0.5764730516113856,0.6190263038172343,0.4511872340254939,0.4330329126009925,0.30292009550628146,0
66,25,0.24634006800764366,0.5279393224873055,0.5447359691548199,0.5375821233323101,0.38987204279495896,0.4050347730008204,0.39864593901908213,0
66,26,0.2715745949974412,0.4721036851700151,0.5354624389978249,0.6716241230410831,0.4651898985694198,0.4913987852111298,0.3380077009910227,0
66,27,0.31147991404881664,0.5377670174357101,0.6206207307253406,0.7148995222328092,0.45272191093243913,0.4093004453828123,0.3061406420197763,0
66,28,0.1887295837040931,0.5380378352836465,0.4896655731321779,0.7354033981013635,0.4477638924991377,0.4953285411128177,0.47205231991331215,0
66,29,0.2680801086423778,0.4306580400462971,0.4762751711560686,0.6002105407258844,0.42770954825848373,0.39808715179338866,0.34487594459110155,0
66,30,0.24423148975117823,0.4598775097636696,0.6464553132195647,0.5348281315290548,0.5859000352361965,0.4282988213514499,0.36804520505962673,0
66,31,0.37184377051708145,0.4940910351806761,0.500984613755752,0.5730313236337725,0.4445064548867411,0.5578628271732227,0.3414427246958633,0
66,32,0.24403889843104545,0.4153828051545415,0.5530474556835683,0.6005153394172941,0.47289766049858983,0.3908465091026755,0.35952563635136586,0
66,33,0.25717485981193516,0.5206717603876703,0.3102945628729036,0.571859288274803,0.3823765607254327,0.5280101861138159,0.4097388862481239,0
66,34,0.3178906173577376,0.5384854714645495,0.6494034182696022,0.595652560341607,0.3734686292200418,0.4226730016768541,0.4067072297462122,0
66,35,0.30431050971903284,0.45065891071437436,0.7239553041319307,0.6443439592802377,0.4413339196462803,0.4630546189958753,0.42099638233413417,0
66,36,0.35034478908120087,0.4033496316501898,0.457207810023386,0.5759086373513794,0.5070683966512846,0.4870974410435839,0.40543801224148224,0
66,37,0.2772989201409583,0.47050055004471464,0.5094541329896313,0.6847633006463805,0.6010370235718788,0.44941722404016593,0.4794872916101733,0
66,38,0.3693226540082878,0.5615261280500228,0.4654894144402981,0.6546579374720543,0.37849723752467695,0.5144106177816778,0.32371970896474667,0
66,39,0.4014838855038308,0.5735607701316605,0.6400996898893527,0.6141229303163274,0.5374021785613823,0.49011130273063946,0.35483069349991236,0
66,40,0.39510736199850355,0.5068967676158882,0.47288570550280074,0.5249222944822066,0.3894548454316028,0.49906757886689584,0.4604864708765234,0
66,41,0.46738557571258077,0.5689378304061204,0.5293809428336231,0.5664353798528093,0.6597405576053476,0.4863828546557999,0.47823486147989375,0
66,42,0.46034716370713724,0.6542289348949473,0.657007327673454,0.5679622667755957,0.7567175052381269,0.6063519987823345,0.42181503263868525,0
66,43,0.6706973517249372,0.5834601569521831,0.6503664424212874,0.6477057564437315,0.6722931414161539,0.6161773134398854,0.5748334145796814,0
66,44,0.5536571940069115,0.6830612865475542,0.6345133284112353,0.53573431256379,0.7403329286128107,0.5779348158057732,0.6550911355049469,0
66,45,0.6312232193777516,0.5991988368814751,0.8280822086479976,0.555026442069349,0.5333685969451387,0.6670016662224523,0.5991057940135296,0
66,46,0.731647469001104,0.5913941493790116,0.6466902594740884,0.5281897025936975,0.7389774306728012,0.7502587310827292,0.621207713192038,0
66,47,0.8684154053064946,0.7478214557793126,0.7464354723831688,0.46268198707274477,0.823626952775441,0.6232281058326407,0.6787054878359259,0
66,48,0.7811705989752862,0.7546227776432907,0.7475389909966167,0.6331331562049256,0.8611637308624713,0.6707505486114785,0.6746345278571292,0
66,49,0.9571181555008373,0.8115340526071488,0.8256837491007059,0.560261176938288,0.8750425634594241,0.6877534476343398,0.6735850460871482,1
66,50,0.9138843897219874,0.8566603089622165,0.8720788684643601,0.5400305983636652,0.8549632722076134,0.7330988255446811,0.805866672004325,1
67,1,0.21422253325227902,0.37295688923449066,0.5201840966721434,0.5926518556160895,0.235153973846231,0.44149507833363266,0.292857706678651,0
67,2,0.19978413429688843,0.38110118160781375,0.38625738217910305,0.6128078392218759,0.15885132619273126,0.4277926215391566,0.24947554387932688,0
67,3,0.34431420440257743,0.386228531332716,0.606094050317859,0.5883806180858789,0.32888698545849504,0.3666151068290874,0.29660157879277765,0
67,4,0.3653292148505465,0.3879369262630761,0.5643916787069038,0.6470346455791305,0.2344690623928811,0.4514859932291511,0.3583586469332627,0
67,5,0.24701479908310006,0.4289661468989175,0.642052707987295,0.5949913776152586,0.13376678572110862,0.37217495146773644,0.24189382461138823,0
67,6,0.20014670634335352,0.4044200212425486,0.5269192550225659,0.634200303527532,0.2101833251884887,0.47809500338974026,0.32232279108892675,0
67,7,0.28843010744148945,0.39072341207056144,0.6025841812542747,0.6364151651787713,0.310878717132833,0.4658214867348668,0.29198400833601296,0
67,8,0.24312332381644375,0.3681526855879235,0.3626713655431035,0.578371666833979,0.2839499393879832,0.48547924396118614,0.3405994994224153,0
67,9,0.21928322372813902,0.40440629043535575,0.44614954754950836,0.49308382235900566,0.1882913225015152,0.5013370679080742,0.3962642452719245,0
67,10,0.25398442415664774,0.34635098136749803,0.5047207582132591,0.6567103548604227,0.3397928763496392,0.46844055004075,0.36647840338456333,0
67,11,0.2402409378321479,0.5588656024051549,0.3762043716142807,0.5733013132666882,0.3110000152048852,0.4628512961309208,0.2995182173136705,0
67,12,0.3742213261194018,0.39402387119525956,0.4478438228538694,0.721449539172932,0.358949161469576,0.4915358610873851,0.32099356187877665,0
67,13,0.271923041160783,0.348115620264441,0.5377614945916316,0.6592041760268246,0.3815251812549729,0.4335805950099546,0.35120448221929573,0
67,14,0.3196236282925403,0.4601288968039959,0.466381968189941,0.6518217586146015,0.3913832726036358,0.44353229620908247,0.2752743685554704,0
67,15,0.3025145927633538,0.3874990274692115,0.45346492428203855,0.651297340511358,0.38439907710650084,0.5484878673871615,0.3522863311176564,0
67,16,0.3804812323354048,0.4843493573989708,0.38523102148320854,0.5581825992638867,0.31450649474570375,0.4843049096080728,0.20262725177910484,0
67,17,0.32114449819192725,0.29249437922454435,0.5794730893501855,0.6720166071135125,0.3022008478071031,0.3861356365835451,0.28108532220877375,0
67,18,0.26938256071311867,0.44777981278764845,0.4434464241894823,0.6783229749535057,0.3681540308393218,0.4582008874076725,0.3067001668557842,0
67,19,0.3538200897119479,0.4190240678764494,0.583672223962647,0.6663216474696841,0.39607223659049157,0.5304527097053257,0.29307551636496776,0
67,20,0.2540440866010285,0.47825108223705204,0.5129259614675331,0.5782550516631888,0.4797888576046723,0.5384752907030377,0.315565354686921,0
67,21,0.38966792793660127,0.46813652688732266,0.5630505662929046,0.6263000605757344,0.34098093627794546,0.42873572720306513,0.36848600212189025,0
67,22,0.32174123183173126,0.44786827885784153,0.46121791132989554,0.7172678385683691,0.43364197565371726,0.4673323837949833,0.3649510610404698,0
67,23,0.27903307531647287,0.37343497297865796,0.5455280353853922,0.6395547322660239,0.4154803294948402,0.5111294576667981,0.26493238928988255,0
67,24,0.32800945539312026,0.4655968328624241,0.4463198486980843,0.6917917920787583,0.5085933273491049,0.4748793503638566,0.2669464300720152,0
67,25,0.32790918371495686,0.4414078841815997,0.6343071239656772,0.613043680361741,0.5512725412433893,0.4941558607266768,0.35880400649810196,0
67,26,0.3910363190757418,0.5025526008721892,0.5362915488321318,0.5804047839645576,0.36667355976411303,0.3343640445073412,0.35631166901487427,0
67,27,0.3013856284215208,0.5116428767166773,0.5353549242557659,0.7337062188947541,0.4086140101076485,0.40925244187896864,0.28731818128247066,0
67,28,0.3792663582106569,0.43308025518706394,0.4703212108511174,0.7118165733236499,0.3649758871810683,0.5097110088933346,0.3242509319838578,0
67,29,0.4030511850134458,0.5039954181800235,0.534427727778681,0.6985484443684994,0.48356347440012676,0.6555950405165019,0.28666400576417117,0
67,30,0.42643117077236165,0.4959776590880292,0.6208739620197552,0.5436623639987387,0.4836827475615343,0.5066050044905908,0.36385793607511796,0
67,31,0.33615487681002676,0.5346889689943725,0.6768683182276769,0.5300931482158773,0.4167749732719729,0.555504748837382,0.34438332692149803,0
67,32,0.4345116536295188,0.5114393376412306,0.6886393466560715,0.6548193032876303,0.5256525029149035,0.400644934942376,0.4648996423417916,0
67,33,0.44818817534896255,0.5500797468997368,0.729087673355313,0.5787185200013081,0.43772064635855945,0.5940300115031325,0.4846953064020849,0
67,34,0.561191216465178,0.6532560946055621,0.5441525285740109,0.5052362670094099,0.5878525024373897,0.5196940254639946,0.45894153463111514,0
67,35,0.5434781905563626,0.6045848195601057,0.6059846991520405,0.5001777260114336,0.6240707408588219,0.5578721819337844,0.5425443604208555,0
67,36,0.5446375608934045,0.5660159291318968,0.62969552748303,0.6348535034920512,0.5879359724065802,0.5582626334434823,0.5064129347949651,0
67,37,0.5239810440327715,0.6753078554879536,0.6020732913352379,0.641468620947065,0.6295387778679615,0.6135863424749016,0.541541371663739,0
67,38,0.5892648871941569,0.6686453819858567,0.49896353304028207,0.6424526705141902,0.5641667464514498,0.5775814442138093,0.5401342643271042,0
67,39,0.5586534494771138,0.6615949473361219,0.6996576981531136,0.4399416049684082,0.5303441588910878,0.6389584852060942,0.5986289876396823,0
67,40,0.6177411723946671,0.7071719348608295,0.584144777727052,0.5491511417698395,0.5442191194382581,0.598334685467618,0.5307413259466166,0
67,41,0.7010207121758008,0.6602451340309411,0.7549644234139619,0.4947949916393393,0.6347090188484366,0.5879632814520339,0.6385011970978763,0
67,42,0.7719724910886074,0.7103057441679952,0.4817673573564439,0.5211044135550734,0.744959060581443,0.614724180931649,0.5246275374032046,0
67,43,0.7605906762103088,0.6871791815084908,0.6819623452522421,0.4909013742073738,0.6966150515121844,0.6460734507592284,0.5813373287797179,0
67,44,0.7252495324529689,0.813974773820206,0.7720892761071974,0.5291849784948089,0.6843421101452426,0.7062018548751597,0.6500673066173782,0
67,45,0.8632831010263556,0.7337602445336221,0.8350562440208729,0.6126113612564379,0.7086091803167687,0.6455870086009731,0.6896751421217489,0
67,46,0.7772882452309935,0.8023007162880901,0.6584750381776401,0.5057736811225704,0.688388941849827,0.6117892010744963,0.7299149055036029,0
67,47,0.9093820470108297,0.780836915073728,0.7119557290176566,0.4665910023265397,0.7244721871443663,0.6945556507407191,0.7532013802399358,0
67,48,0.9766488097620989,0.833263037119081,0.6816344545593354,0.45136359333510634,0.7684356742176993,0.6536748986194749,0.7649770018357285,1
67,49,0.9454530772714984,0.7843754200974122,0.8255116778985011,0.5297901369096869,0.7140929537484296,0.7088908122735983,0.7779205097148422,0
67,50,0.9420719845620428,0.9174974887313156,0.8387882769510109,0.5101365629152116,0.7788311652165228,0.7022272878822006,0.7479834405078821,1
68,1,0.2370888978792843,0.34873379024328793,0.5062289932869495,0.7005058740685721,0.2628788992541681,0.4199262818036846,0.38497152008731916,0
68,2,0.22022394143659058,0.38290576159148487,0.5517331909469132,0.565221417971759,0.268948054007523,0.4278733846730739,0.303781924474346,0
68,3,0.2084459043161234,0.298526726704224,0.6087346627520345,0.6764867865828147,0.26740154037554614,0.44161630754397396,0.17258861296126032,0
68,4,0.23862702448166015,0.34633268237459863,0.38785346315449964,0.5613582290420814,0.2389485769158444,0.42806994907599505,0.3357761416968861,0
68,5,0.2893191481683366,0.3942225158071438,0.6340228558443182,0.5250838143240859,0.12026941408298573,0.38266382948676525,0.33360937239491517,0
68,6,0.20221488688660713,0.3692452732302558,0.42269615496563334,0.5455094954061653,0.347063466485077,0.4212282515624842,0.3840791044159457,0
68,7,0.2867873228248416,0.41955413301582806,0.5727777101099291,0.6352729102888416,0.3221050035963483,0.4575098806254897,0.24363640550424778,0
68,8,0.26067612062631984,0.3719640210420253,0.5613784443690568,0.6752935128684333,0.24298609014147987,0.41367175408483237,0.23144398493410018,0
68,9,0.25731565731138556,0.45300272410737735,0.4742714013915256,0.7056676198328095,0.2686955604900902,0.42254953374382404,0.2889454144731424,0
68,10,0.22508554364825314,0.40955199163372064,0.47768396330495133,0.5863059176994994,0.29210926066869997,0.4283338354608962,0.35858356493270116,0
68,11,0.30438135941255373,0.42723775732808345,0.6158631300146622,0.6018569018748179,0.2810257163859494,0.4726519293888244,0.2927998579070442,0
68,12,0.39712679244027704,0.3722523668650043,0.6264169326471855,0.5904676023013711,0.38826071966064507,0.47110229276128773,0.3412163829657756,0
68,13,0.27130590869727833,0.3876996209979215,0.5212393229047534,0.6089653132241587,0.32846109518672534,0.36766724492310143,0.31493225599127733,0
68,14,0.334633498897607,0.4275500888203336,0.7017692671557488,0.5853588017047605,0.3207996774308818,0.36707425015149275,0.2962182344195362,0
68,15,0.2727570130524606,0.3526084403421987,0.5850399218306247,0.6433526145325268,0.384838763961519,0.4261474460878565,0.26864380676988225,0
68,16,0.32237332148266457,0.4279836529961644,0.5527568621297515,0.5877909027294458,0.3695057917358602,0.4422493031019868,0.28630630419050634,0
68,17,0.27889646486619935,0.4650582233939265,0.5883209837862594,0.6500922674931224,0.2549007553075531,0.3955614623118653,0.29237115667798624,0
68,18,0.27468872341368783,0.48306242370337504,0.5777058106977215,0.5945689202158022,0.39750761959949876,0.46164210262327404,0.3251570594498072,0
68,19,0.27236625679226645,0.4420379768631711,0.4568397928365218,0.5598242327128089,0.2893540985067497,0.39730714244343834,0.3335550280577743,0
68,20,0.2955375076431077,0.4270418440904067,0.6560919837541122,0.5517691910721723,0.3053544008160558,0.40572887037132827,0.3284052582677505,0
68,21,0.34356045285771025,0.4918319158184894,0.5260232793770465,0.5962207328055917,0.4870076416971383,0.3101895811526738,0.3377379511222074,0
68,22,0.40991527228228264,0.3641716914072377,0.505790365309945,0.5385433879332965,0.29010341794542377,0.4405737153686788,0.37885468788062043,0
68,23,0.2932374317827249,0.48312631202657946,0.5229596911167615,0.653394426747351,0.4762685148595535,0.4424884780325374,0.3936487191212504,0
68,24,0.35625659801188864,0.5040836636394243,0.6035146444636184,0.5488987212605302,0.403651340033679,0.4687087565111507,0.36455262202006966,0
68,25,0.39849038626767924,0.3902176994664955,0.5231824416211782,0.5187336739976662,0.46227492861223374,0.4827309723720142,0.512430168285813,0
68,26,0.3471993292211046,0.47034475378369184,0.5194372362561488,0.6278292616378707,0.45057493769563284,0.3581620331011222,0.35744567952534995,0
68,27,0.42193173599974454,0.4536164120098758,0.4896118252319333,0.636111924924798,0.44746088431287834,0.4512699688438323,0.28625055946016964,0
68,28,0.30887147855173613,0.45197592505438344,0.5960507256233769,0.5795291396452484,0.4387260510200275,0.48626024834707443,0.33932988579387824,0
68,29,0.35387439720908964,0.4033051483862082,0.4876488079846498,0.56360391268476,0.4114984228190582,0.4874489059109709,0.30007452718496186,0
68,30,0.40216841757647104,0.4420113922723871,0.5950040593966743,0.5190217847713802,0.4477630967525605,0.4177027306279602,0.372988547829615,0
68,31,0.4783043923648327,0.4048212314862341,0.6386284895953214,0.6669823394219693,0.503305955106086,0.47802642458036143,0.4714431716280669,0
68,32,0.3942486901307501,0.5134694210701596,0.5315796038049125,0.5384141846959472,0.527215336684446,0.5010906439587927,0.318879411871224,0
68,33,0.44855949338766543,0.494309194194349,0.5347148423099105,0.6282839289017552,0.610675756453696,0.5218340671970559,0.45910992684835233,0
68,34,0.4434793574465329,0.5735627434062074,0.4974110961698035,0.6095749590410677,0.5584625248489903,0.5132923426209689,0.4567495540028658,0
68,35,0.46287537297942627,0.5030470426401047,0.5972971131681938,0.6696989316321875,0.6050342724270561,0.5112571947486709,0.4431709685446753,0
68,36,0.5017947358468368,0.5951303282979667,0.6887665548185055,0.7214828398122002,0.508494863054554,0.5743875887742769,0.5092881487217312,0
68,37,0.5022639430441271,0.6133019881755674,0.774258251747921,0.5961428262711177,0.5257661035729568,0.5472700179008413,0.44585796531124355,0
68,38,0.6175252830705855,0.5836938052946098,0.40909777376878664,0.5908985786514488,0.557621132096707,0.530904603498872,0.4855968245936721,0
68,39,0.5927500622614001,0.6836365673353062,0.7147859024118427,0.5523335082789691,0.5711766129279852,0.5881282824113518,0.5369874837670332,0
68,40,0.738641021671153,0.6916215492752921,0.6267941423311408,0.4478741501447851,0.6063169454187264,0.5656487780458511,0.5619237207985385,0
68,41,0.6491139781643223,0.6541291429731879,0.6569026354479363,0.5429703962783696,0.6349921928295068,0.6844112498763338,0.5598969096852675,0
68,42,0.6161502603829684,0.6679301564273628,0.5833981496080813,0.6090343491050711,0.6408050787333418,0.6686303921074691,0.6796277099653619,0
68,43,0.7149392746322868,0.7788605305530477,0.7058547543659208,0.5770048819341593,0.7232643685738993,0.6797876374451066,0.6475560729026472,0
68,44,0.7586850234006977,0.7570373865795592,0.6913602380287052,0.6012331001444461,0.6339541217247572,0.5641238497626879,0.6804795727043408,0
68,45,0.7359260819714275,0.813103639581163,0.7824967114405252,0.5137356704349965,0.5079864980774386,0.6882334355334847,0.7015538150567477,0
68,46,0.8452213657559164,0.7595781604403203,0.6972481123172212,0.46220171639464935,0.6635847708873638,0.6909504234732823,0.7060201570685603,0
68,47,0.781147604633026,0.7044768130032583,0.710525404035727,0.46166028413042254,0.731302104532129,0.6226871215039573,0.7688306547485507,0
68,48,0.9608933556569828,0.8324436639541646,0.674362327927813,0.6428275580640864,0.7507842817341936,0.7097916845941521,0.7272536830956313,0
68,49,0.9373211503561162,0.7817703500257928,0.744403779415261,0.5183706288936001,0.7845358564506664,0.744774940043675,0.759436613518222,0
68,50,0.9107610004486488,0.7842351036591277,0.8119582719828209,0.4687556600674474,0.7527804444336788,0.7399824334441123,0.7721014703161464,1
69,1,0.2217041941786111,0.3769585671286047,0.49555196867802104,0.6894781094639597,0.23931909163598855,0.3928597197278152,0.2751543037205099,0
69,2,0.19649194366117606,0.3971940621588334,0.5496901898060222,0.6329114892742055,0.19563091288117943,0.3856289718870938,0.2846950529133392,0
69,3,0.28150607659134574,0.32453229565024794,0.62819490292476,0.602695456836563,0.28248960009533675,0.3873232361395584,0.2072580287587276,0
69,4,0.20251322877400313,0.42660465762856,0.508583471988384,0.6049859221604816,0.30308139911189325,0.4256992910530578,0.3043892335146953,0
69,5,0.22225914092595425,0.36820774435668846,0.5416671837203452,0.6640453369931146,0.2630590074968539,0.43484562311346947,0.36711154813289437,0
69,6,0.22040600865365784,0.37342527190550695,0.5396441990202366,0.581045998521093,0.3071097000865816,0.4496028138113453,0.4291015519237235,0
69,7,0.1759240413605876,0.38226056591953084,0.3772234765917321,0.4917351916011559,0.2698296120388854,0.37018081468541636,0.38025928658146013,0
69,8,0.21988634458097453,0.39438437798288084,0.6167761069751143,0.7228764375392975,0.21604412552236782,0.3781408430248161,0.2857454426470122,0
69,9,0.21137748344246063,0.43601070820809945,0.6509209047144849,0.5356381281701458,0.2542594471962462,0.3632504042252703,0.2615707594035725,0
69,10,0.204300508021213,0.44199887831740026,0.5265669398186749,0.637941144837906,0.2715981332220406,0.4232696006395469,0.28846547261999517,0
69,11,0.2652115318196101,0.3224254657220717,0.5377558928572035,0.5678761661851595,0.27866854159407073,0.35732335507482504,0.2906664147606699,0
69,12,0.2707152841076694,0.36188342412195934,0.547818703255855,0.6883865665378142,0.2783785976268318,0.43684565575282086,0.20777267169121502,0
69,13,0.2649870771191633,0.4715733702102965,0.4788505546456828,0.7801631643054062,0.33583337841209,0.3745321562122918,0.3781591355622018,0
69,14,0.27148241752914987,0.37993794686525584,0.4273795885449612,0.6777291313726236,0.3104133821932365,0.5258836027280127,0.26550332059937765,0
69,15,0.2346777920469685,0.573525439986649,0.5823740925156939,0.653233580824194,0.3702163526093547,0.4167578279169131,0.4554675136849283,0
69,16,0.28047688043852137,0.48084314747567525,0.4364729743447067,0.5672391848505082,0.3292691665904435,0.4919664109216731,0.25669734936309196,0
69,17,0.2554185902409514,0.35548070961871553,0.4915747852695179,0.6525351270903821,0.26400382125851096,0.5143667296854479,0.3476022692716239,0
69,18,0.2698704701567601,0.38218390134632146,0.4833212204737022,0.6417112827804272,0.3229006877313152,0.45463745367047265,0.28185593403775755,0
69,19,0.2993650961590516,0.3580155672050166,0.535111597555069,0.5286999243265793,0.2593375413765978,0.4169053874743814,0.4692458781089659,0
69,20,0.3462662684421065,0.4724208269261847,0.5463810369011979,0.6737234970040605,0.34162571788024904,0.47152573083653876,0.39085489062124174,0
69,21,0.3424000645110898,0.4537300079814331,0.6520456456281374,0.6075060947709625,0.5160615458005292,0.47808037111970764,0.3154026872086624,0
69,22,0.24346151460572835,0.3992319166871718,0.5289896555533172,0.5435624998572081,0.4755655069216353,0.4563361437202164,0.3407074839428848,0
69,23,0.2490091810797267,0.33878163274606604,0.6500463598334222,0.5349370013744081,0.32648577541604906,0.5228586696036023,0.359178232940987,0
69,24,0.3080744900288591,0.5000950186630584,0.5453912721720549,0.5273879153589305,0.4599913923425332,0.4747171938321643,0.40097766737268936,0
69,25,0.2581939713799728,0.47460444423570924,0.47388419034206475,0.4788294498256541,0.4368398347242122,0.4997503816550117,0.3385534089529216,0
69,26,0.3184294419751506,0.4581247678798015,0.5511174209687959,0.7009482867197739,0.37614496541638226,0.49505224061454955,0.28855611206742415,0
69,27,0.3616569319955789,0.3997084302376245,0.5262886126579167,0.7616808263316386,0.5045330396186581,0.42094140185312695,0.3219087374986541,0
69,28,0.3710582778112135,0.41271764285038093,0.47044817406921874,0.6628011834127656,0.3511317819633381,0.41364614236744623,0.3485455509212193,0
69,29,0.24083007141436025,0.48308701995669906,0.5851635519552852,0.5802506404377376,0.560645438681987,0.47758030341738655,0.30515705134145593,0
69,30,0.28649484699590555,0.4769436732161304,0.5139253143760399,0.6574491859722644,0.4411083027317623,0.44095718427281483,0.3500011178991046,0
69,31,0.3698517956818218,0.4077103361938039,0.5469996626598221,0.6253679041538615,0.47152194308436596,0.5118149311700014,0.2854026002915042,0
69,32,0.2851134538588257,0.46476117402332945,0.46686168979109677,0.594074529483806,0.45930732344120107,0.5592135898737013,0.39426832013755675,0
69,33,0.3230858878876059,0.5468038556421456,0.6874758186263297,0.660194550113973,0.4302792454988795,0.4679929073604293,0.40922450555474243,0
69,34,0.5362106089222967,0.505286178461906,0.5813654054495166,0.5659863207494443,0.5379010228307064,0.5742175008011082,0.43114277263885464,0
69,35,0.38696554394696214,0.6094418184183688,0.585941424334366,0.5847982229196178,0.3986637691610701,0.5126391699564938,0.4269447511317168,0
69,36,0.5212416377698146,0.541837879038653,0.7402898214396987,0.6748664923813436,0.5108057833549738,0.6013656826135468,0.5491271097239617,0
69,37,0.45122806078671773,0.4804322660485788,0.6458309119362813,0.5256004476504037,0.5936295756513876,0.5184074507670791,0.4512134204472355,0
69,38,0.46897022028584506,0.5797023359811203,0.5792371131767106,0.5771506616987114,0.5902554851711205,0.507141245613056,0.5668402595304972,0
69,39,0.640183033757123,0.6394541150493036,0.6472372827197704,0.5425413139684198,0.6358903635242552,0.5762783375580841,0.5763232854561493,0
69,40,0.5598184228502496,0.677673178916896,0.6949581323490811,0.5934867144955305,0.58800804921833,0.5678516802292364,0.5258058914850495,0
69,41,0.5852548429616337,0.6613751357124219,0.6125527152215466,0.5861386216307628,0.6324172453696126,0.6108561288943645,0.5629255438128711,0
69,42,0.6459949423492135,0.7251771539883983,0.6462327504502535,0.5765314681241629,0.5656177433750118,0.6519037415969261,0.5702369554999864,0
69,43,0.6325210845814713,0.6449039276701857,0.6550970067512368,0.6379176616844064,0.620400628589248,0.5197414408799323,0.6380733143277675,0
69,44,0.7613014452041396,0.7043461620586468,0.6812194387684235,0.6138386512313155,0.7110637706461036,0.5817811474830172,0.5864370705771951,0
69,45,0.881822114385326,0.7018646357447875,0.7938869089309097,0.5040635260619717,0.6242086671654923,0.659078038803833,0.6466667905678283,0
69,46,0.8234802619883189,0.7350929490532861,0.6228031907629623,0.45817015699091335,0.5670525222021411,0.6581770179206492,0.6840099825754651,0
69,47,0.7506785108768316,0.7833958060802217,0.6909631746031527,0.5112242626811168,0.6969665090612513,0.6982365120358177,0.6779360491384656,0
69,48,0.7508711270678751,0.8012833717970296,0.7530084275678344,0.5073380330253485,0.8487100424305105,0.7078389351179202,0.7199761449371508,0
69,49,0.9817042431426428,0.8360361521971289,0.6027561654470817,0.5379235131184721,0.6962458744172042,0.6174762407096424,0.8342780623540245,1
69,50,0.8619021902137504,0.7980684440550446,0.7812117048339158,0.4528892694924105,0.7558955813806584,0.6918408988682981,0.7509798842943696,0
70,1,0.25174295371004984,0.390787874806296,0.5456409913044314,0.6201140686903343,0.3127738309300044,0.35558185718114366,0.3256470979840921,0
70,2,0.20429252848483795,0.5075544371439531,0.6701640260761059,0.6075278037543322,0.24468352088253537,0.39924068687465286,0.26968525787177594,0
70,3,0.19994004361639944,0.4900074985961379,0.5020862481314603,0.6230350956134855,0.1783689068386588,0.43369851011365285,0.2126102914075432,0
70,4,0.20756441756952798,0.46504420593612616,0.39076711453904023,0.5492470701667296,0.11314464371106178,0.3810993834001059,0.2674239509543415,0
70,5,0.26005326119523403,0.38247065455840185,0.5289935686551487,0.593425812627175,0.3895944717614531,0.39744982883690155,0.31368558912848915,0
70,6,0.24376745295651478,0.41386861663206775,0.47454081837663514,0.6364412484768014,0.26005545146332326,0.4213858504820594,0.23782182217653083,0
70,7,0.30767311507750994,0.3287681323729329,0.48177412869969277,0.5258362382536135,0.3087248819626958,0.42871086487629084,0.29840388875813567,0
70,8,0.26617495385552914,0.45015920503064755,0.5867082506293444,0.6707852671966862,0.17886998812903404,0.4218941986727656,0.31346567286390475,0
70,9,0.20260236682325472,0.3490684726873956,0.6193842338091704,0.5485123171196394,0.28385364190385604,0.42478325024947,0.29571091611343286,0
70,10,0.32861000384127326,0.4177806459525994,0.47220417380308294,0.6230806294541118,0.2133473501713823,0.45779722986269455,0.27195165748319095,0
70,11,0.3184055300227702,0.39823420426966216,0.49302886918066907,0.6900578141188809,0.2406087359856661,0.46031925008563745,0.356076201366049,0
70,12,0.4051791541108349,0.38909298807609194,0.45844449166934076,0.6690329270845505,0.3644144668320415,0.3972632676121283,0.3354402245614808,0
70,13,0.30518637348404504,0.46997494024574366,0.6311716169919951,0.7702247689762313,0.33174197787774057,0.5008516772925276,0.27437529418695455,0
70,14,0.2812305294237327,0.3321329666425312,0.4101876359024403,0.645801954369757,0.3529813355589752,0.3875185709970144,0.3942692681065946,0
70,15,0.3200166011441454,0.40823802713273477,0.5314863616952334,0.6739119959967713,0.3804405209786392,0.4763921131885727,0.34800778137083577,0
70,16,0.3674796347312055,0.3785855753118388,0.5181776135705011,0.5989203847198724,0.3650073975573642,0.418164237681223,0.31367446935924187,0
70,17,0.24959048450952842,0.4340766784149261,0.4492110985012689,0.6604609783739956,0.309396271251384,0.44572682201258834,0.25796675330319213,0
70,18,0.3215926490148383,0.44368827571989206,0.5868343134709364,0.5449154884241858,0.3250986614752078,0.4537027080789907,0.23870058283958911,0
70,19,0.28049003689592994,0.3823501178492358,0.5063295657155648,0.6513459284963327,0.41599281962517387,0.5370705324217665,0.32826877780218094,0
70,20,0.3239091250619252,0.458013413233658,0.5598857185827365,0.6753270655688632,0.4350924950962618,0.4739681636422974,0.4075086410826906,0
70,21,0.2981747682038428,0.4221977473956087,0.5261915607140432,0.5549818951380253,0.3521979463308126,0.39240811857990865,0.3517980130817484,0
70,22,0.24390740182910361,0.41449589283788557,0.6629632192144183,0.6577868004685703,0.4252601901827117,0.41758733713834945,0.3515641277019617,0
70,23,0.29611583527049723,0.4251105257463304,0.5038122606883015,0.5306796043396365,0.3275859640521891,0.44222656084631723,0.29740009543084583,0
70,24,0.2592705110875623,0.4924663003538783,0.6840335609064255,0.6816437359700631,0.4838320817096199,0.48490612490003376,0.3556792920573055,0
70,25,0.29742682252127817,0.48950278805137837,0.5841495914402863,0.5922194248230945,0.45656024497465786,0.4203027349858191,0.3134872315685773,0
70,26,0.3682795248463161,0.44600278316316805,0.5172633691642873,0.6304863649583676,0.32387596707610733,0.41851152910762174,0.2843445443492086,0
70,27,0.40478407620183315,0.4840579359738983,0.5073951422325343,0.5776041893731011,0.3977680161092956,0.5577808561777433,0.3536031148254666,0
70,28,0.24839667187331926,0.40375307078031564,0.5417076182690915,0.5901102758259279,0.4599834848131798,0.4651939435507608,0.38282261235101844,0
70,29,0.302291724006954,0.46041938360276863,0.5010817754178319,0.6013833448513648,0.4675416452806017,0.4233533481424259,0.3650135061296664,0
70,30,0.3644071065736208,0.504036388965809,0.39589410314246193,0.5848379028373932,0.5235398545342164,0.41878234635147393,0.30799704701775665,0
70,31,0.3638872016298925,0.4438651535213789,0.6786501684142059,0.6371894452281736,0.424827027133097,0.3914246281033612,0.38087882710012344,0
70,32,0.5034841182893524,0.5115971402119197,0.6003980379960744,0.6289212301123287,0.561294166154408,0.35753256527800026,0.3220364983009085,0
70,33,0.5019821487606217,0.44803589869109406,0.4454958183770448,0.6180513072210185,0.5381247451251586,0.49856911885890437,0.400818546202775,0
70,34,0.4393026462145156,0.518104948450542,0.5460231858940763,0.4868756943863788,0.5590841919994872,0.5483881240794006,0.385667771965276,0
70,35,0.4643075760934213,0.5246403866779866,0.630521611992474,0.627039137117428,0.6034862742762526,0.5716964510011382,0.4384096953389247,0
70,36,0.5977507510601603,0.5356930031745631,0.6164619150614548,0.47085120024517735,0.5556354579696163,0.6165847381282931,0.6076652235184129,0
70,37,0.5680972724203721,0.618465601444969,0.7577792500066385,0.5250215397201473,0.7283307829231616,0.5309464056616123,0.4316923030539732,0
70,38,0.5419729028839031,0.6287627845812565,0.5151324103656248,0.5864984022836544,0.6238381363611867,0.634841699625478,0.5458303043809812,0
70,39,0.5832697695333104,0.6471095128122072,0.48635411038772314,0.5651607224688457,0.6222050769445757,0.5984616271300548,0.45469614142838394,0
70,40,0.6321151281258477,0.6255462451837827,0.7047504092647686,0.5529903539240983,0.6199596176359146,0.5640190200365589,0.6082412220920043,0
70,41,0.6603360659467743,0.8091294616601123,0.6119465541586872,0.6204318148328155,0.5719399595247578,0.6410512124131447,0.6113501996733215,0
70,42,0.7003230049434436,0.7795869723182267,0.6201988900826317,0.5781119592270784,0.6641290331770987,0.6141858522715762,0.5116434806229573,0
70,43,0.7385339672621429,0.7609922836351356,0.7050230673641972,0.5518681538958157,0.6813524619582422,0.5808234592778249,0.6977053113634339,0
70,44,0.7509250764550927,0.7900148158625969,0.7177139536854711,0.5278129980922377,0.6988292056131983,0.6753992039313308,0.635483018662814,0
70,45,0.7366254346856828,0.758090489452746,0.7680188778909453,0.5733077062970491,0.5545370325395487,0.651670372223141,0.6022981543737309,0
70,46,0.8117194580688908,0.8233351926269901,0.6384069310773173,0.5534385670439124,0.7044764361232818,0.8101034630027822,0.7434963843814077,0
70,47,0.9637435402673457,0.7983883795632907,0.7282345617266136,0.5111885672158544,0.7386689994602693,0.5472938690904612,0.7063163103854192,0
70,48,0.8856606292993289,0.727254623769029,0.7363114389837254,0.42597804744431467,0.8404254643698033,0.686832490026596,0.6246647973406878,0
70,49,0.969323072493085,0.8322039037007398,0.6944300747615655,0.4713051089094844,0.731789165315578,0.6916168285998753,0.6864216929273572,1
70,50,0.8889664414420902,0.890452242294118,0.8449774094229727,0.4458087537959984,0.7210013652146938,0.7063499932433125,0.769424110284297,1
71,1,0.26855156911693623,0.4702932776418669,0.5058254845956066,0.5418511091357583,0.11244911390961608,0.5031893437491032,0.30808279342250083,0
71,2,0.27261604835236936,0.4032134462441025,0.5335232232182329,0.5976446948865727,0.28131179537824724,0.39655673777053135,0.24003564408377911,0
71,3,0.24187924059425445,0.4611751280701332,0.4727854900258087,0.5372871275009731,0.24408968533819453,0.391646610186302,0.36521335481135664,0
71,4,0.19382073629983226,0.39170526323905536,0.4535310059503197,0.5503697248351329,0.23264393049141152,0.4665116381906172,0.2863146356082022,0
71,5,0.1506536502340043,0.36970923401370775,0.5466263333013226,0.5394835441016859,0.32195372707535036,0.39781825690766287,0.30268599099897986,0
71,6,0.20574963902247442,0.42761480273741564,0.46773911077237335,0.5700181301577072,0.11143104363895387,0.4935343386651596,0.29590743741544895,0
71,7,0.29917509639335826,0.4635216209087629,0.47170986292880335,0.5376526632859369,0.3087615725248322,0.4363099371832858,0.2748816808539785,0
71,8,0.2871720057964484,0.4427469237067325,0.44123238984370033,0.6786569877197732,0.2717221594401081,0.4854435085760432,0.349212666023288,0
71,9,0.2698091654864492,0.4488784611560694,0.5921549887540192,0.6564039719230083,0.29315584074542395,0.46819244221564166,0.2771147752289766,0
71,10,0.19487410682345008,0.4177201360405724,0.487582945698608,0.5815464984003689,0.3083117600098975,0.3777262197107758,0.41359660992586555,0
71,11,0.23500207488095406,0.36631581811850666,0.5314948681498434,0.6808726463638897,0.3305604143264709,0.5090172146086993,0.2672365977287381,0
71,12,0.2709886442531179,0.4326037060503286,0.5968076765038907,0.5184637809040784,0.4274605138101398,0.42953780009408665,0.23086862463987112,0
71,13,0.29488073764686173,0.38914619762761776,0.3774474934644736,0.6258079437081633,0.27369502618811103,0.47075699760925926,0.2603806319733324,0
71,14,0.3190469299801755,0.4362397221713868,0.5660186391570837,0.5107092598511687,0.296182513610678,0.5287510385357792,0.3003933654677351,0
71,15,0.27364050193461614,0.5022254031314675,0.5068755990070558,0.5448898819257464,0.48972890735308905,0.3722488280000119,0.31413098852687527,0
71,16,0.2654854220135549,0.3786083776691677,0.4878005487356648,0.6790419951280502,0.22988082666596882,0.5054403791277221,0.3760199033351489,0
71,17,0.310473999922073,0.4480319595911768,0.6268388701193764,0.5152529159312392,0.39663738139011284,0.4064914023361923,0.36548737610780213,0
71,18,0.3431089741258219,0.3593757332469501,0.4103198604978523,0.6132162295757854,0.4481318015754725,0.47201422105851265,0.3532557231360792,0
71,19,0.29151665526318593,0.46993744303179724,0.48982289185969574,0.601159104742765,0.35960902961037206,0.4193236145216313,0.32609747274676754,0
71,20,0.2795822269681224,0.4349699145166313,0.5428686261526728,0.5540081426274,0.4050473846247888,0.42331599405031617,0.34191018872620754,0
71,21,0.37109024621032616,0.4924057855259527,0.46014278594013713,0.6514999501940874,0.4757762934527491,0.4019910643929303,0.29115228203209537,0
71,22,0.25680655227561233,0.40832435287539426,0.46417343357418267,0.6648490576874486,0.3564542144730649,0.43656982975866276,0.29978378806400385,0
71,23,0.2827961281168557,0.37941999721753467,0.4355245347522244,0.66161957807509,0.452951907589831,0.5146277278725802,0.2767513341693872,0
71,24,0.45073044642553317,0.4372841692505507,0.4989613956943933,0.618739416771376,0.44779704641293533,0.47926166105013557,0.3116784388814061,0
71,25,0.3181424731351565,0.41849566781145864,0.4535665846572472,0.7284770911180086,0.40058452314645837,0.43748784135616714,0.3290456698108689,0
71,26,0.3583034645199229,0.4343404098170801,0.6213547470567052,0.6558689527543892,0.42254608336254695,0.42308826882517847,0.4018463267996942,0
71,27,0.27802791352585843,0.5112532261647291,0.49235700861107506,0.6721100465499965,0.2921439397872251,0.4393668744379617,0.40819843003680245,0
71,28,0.37367224042556463,0.4177034631641364,0.5691393658768762,0.6202251360194364,0.46660004390412085,0.5611639952078342,0.4180294818377988,0
71,29,0.387596433088809,0.41994220690149386,0.5134139639526158,0.5280450957014803,0.38482487825713174,0.4162733087671082,0.35394377087000717,0
71,30,0.34900696671420794,0.46029852459367865,0.46860398490082317,0.7115352118718266,0.3905284579014712,0.5178662406882776,0.24528618890605502,0
71,31,0.2946842343915111,0.4378772641202504,0.6763108118875603,0.5991819432761988,0.41272707217588456,0.4877817933681628,0.34281265419830853,0
71,32,0.3124427482266386,0.429939178396864,0.49606234387308884,0.6679059885477046,0.4743902148580579,0.41238698782212413,0.3712909734301309,0
71,33,0.41939298436667777,0.46960467518577403,0.5578963100306673,0.6389849285737175,0.4427546079841473,0.5236690378398854,0.3866221814102618,0
71,34,0.3678390975937408,0.5092195453873212,0.5369368248506633,0.6526448183701764,0.5014264641965361,0.5090681176677897,0.36596894417927484,0
71,35,0.521584378586396,0.5272777959222112,0.5488714558934493,0.5492243345778325,0.5328211366281214,0.5789394226175864,0.3628202785205491,0
71,36,0.4026613544478793,0.5346578368513499,0.6180991186352854,0.49991433729968615,0.5225745850867708,0.5375575519440404,0.46015690456707176,0
71,37,0.47217248631550135,0.5901790693989413,0.5698310030895329,0.631262813550869,0.4259398669879784,0.5231090047646041,0.481143854741623,0
71,38,0.5577895385061874,0.605582708636634,0.6502422107306427,0.6572904951908145,0.5569810721115375,0.4819923187021691,0.4190726361937764,0
71,39,0.5971574047032088,0.6038460344393888,0.5950575982156001,0.5866394359864676,0.6077939199198539,0.5906967535604017,0.4659666534782487,0
71,40,0.5728680794766025,0.5696014517703846,0.5500057109003988,0.663657865173602,0.4745061973819249,0.6047483933849938,0.5893499107250834,0
71,41,0.6649533926984664,0.7236481163666335,0.785174823269746,0.545024031791287,0.6526904072800385,0.6596107567493115,0.5235020356535763,0
71,42,0.65234808161512,0.70119626723543,0.5395962101613108,0.6430397240310096,0.6731856885978831,0.6398760059434213,0.4710342924443571,0
71,43,0.7907099871852568,0.6897718117422635,0.5639049997904617,0.5638236452621346,0.6972231704437399,0.6515114611105527,0.6042797392696927,0
71,44,0.71363329780269,0.7461412937217045,0.7061670245163069,0.536225345588809,0.649049668993716,0.6223151171733553,0.6360126708116717,0
71,45,0.8179347611111087,0.7128323131351707,0.8186224750769441,0.5030546257324202,0.7423101100205112,0.7022134748837572,0.665293108266964,0
71,46,0.7773802831528361,0.7342727433073266,0.7363532727817034,0.5288708114483565,0.7734061031910224,0.6458810366283567,0.6598967769524932,0
71,47,0.8785523955451313,0.8082819937287756,0.8014904695616306,0.5872693340708991,0.765073634472368,0.7247242185510367,0.7327034381430216,1
71,48,0.786825285173208,0.7461262538858393,0.6567974709075336,0.5951577490782207,0.6860750581354144,0.6665832067223585,0.7251328633294932,0
71,49,0.9304979781684887,0.715091016180324,0.6749230910363723,0.5245605502285916,0.6738702470866045,0.7772398657081673,0.7497139719316822,0
71,50,0.9619139401651611,0.8415087746607774,0.6997143333637237,0.5620645643716358,0.7901594900666333,0.8310745003909368,0.8114200183960598,1
72,1,0.29985171885155476,0.45869349801797543,0.49026172912177096,0.5470687352915468,0.09776968285530885,0.36442252701404876,0.2530111777113887,0
72,2,0.32127907848272286,0.4432080027077464,0.5893279211668384,0.5775564358620293,0.12708105367690473,0.3724735726819293,0.18345907162031003,0
72,3,0.22360645522105901,0.4061351841371148,0.5142820075689558,0.578621802349478,0.26113687630504534,0.39067801577977407,0.28830223503202856,0
72,4,0.3069371696420489,0.40144173127179295,0.5539177511177175,0.5470283967728142,0.24646545027290503,0.45421668623444295,0.18820663439156543,0
72,5,0.1936325748342679,0.41354501077284156,0.6331392042655962,0.6772941807401409,0.15560372482974444,0.4180982448709698,0.3546714878366358,0
72,6,0.24170981693424062,0.38620588068127676,0.5495027248005718,0.5277805143001555,0.2915666130534522,0.3972600410546903,0.2950331497642552,0
72,7,0.2932921460801792,0.4071479922920651,0.6120304109602729,0.6793657437328648,0.2152806381533241,0.4980648883081055,0.3141703127564555,0
72,8,0.30931425664369216,0.35874256924726644,0.41623932095963745,0.621496488010791,0.2356218897772278,0.534885928578666,0.2625838592892593,0
72,9,0.2801020276877038,0.4749637079806602,0.4447807284568824,0.5232760760618882,0.364666088430181,0.43662594420706696,0.3438871261316774,0
72,10,0.3256042328281138,0.39710682658274854,0.470574539054128,0.5002245778431577,0.23030591385157614,0.4371075545884183,0.27093018781503586,0
72,11,0.2802248820175208,0.4857471021680862,0.5136788912584023,0.552030824548515,0.37534548283482594,0.39669412755697897,0.38256858614490724,0
72,12,0.28646030941885814,0.49924465377994054,0.42459518095297355,0.5569936836937267,0.2884071223042081,0.4298016048327389,0.44330348902254524,0
72,13,0.21969142930704472,0.3770082550432518,0.5370493132209809,0.6495221458119625,0.27457477451731405,0.4392518071740065,0.41106011695246225,0
72,14,0.30455330520246326,0.5208494106811808,0.47353819996058105,0.5741954768853647,0.29781907397915036,0.41320447411959654,0.22534934438275378,0
72,15,0.3029508691523928,0.41970707250840195,0.5413229589983802,0.635486530402997,0.2560308818343024,0.4554319973558365,0.3469256039365868,0
72,16,0.3688596051582695,0.36981018485475725,0.4459233317337764,0.6321173187116296,0.3760819274469981,0.4812835652297866,0.3496496167604241,0
72,17,0.30473186871413055,0.41836648133267945,0.5393981325847257,0.6241073995763612,0.3227054834254338,0.42643910419185205,0.23158978373485736,0
72,18,0.317781679389259,0.3214659925308687,0.5843212188114006,0.6168183314866114,0.30579067301831697,0.39392874103173475,0.2923888915626175,0
72,19,0.2666444040179663,0.5244317108178228,0.5563788196067885,0.7421606190724083,0.384544316937212,0.47556328600419157,0.2853647403466142,0
72,20,0.30601979548291647,0.47300462226798745,0.5285361493473469,0.6410796495039267,0.39893167262354373,0.4328571163739887,0.3117154467787791,0
72,21,0.3678189884912656,0.4294784194340794,0.5566228253122472,0.6106066919206797,0.4527570435726393,0.34999561699888404,0.3497484922798378,0
72,22,0.33683887901323034,0.43987267243228967,0.431714722406785,0.640258387209002,0.4114509091795039,0.43923894212916226,0.331971721125101,0
72,23,0.3798148141993601,0.43408365657336323,0.607712236947757,0.617752983764889,0.4847440774710838,0.44044291657697676,0.3064837891762359,0
72,24,0.3228130296623755,0.4127413463018581,0.6367141838737075,0.5677272474944013,0.3745985978319086,0.4826541554511858,0.4016895976004382,0
72,25,0.38103803786218254,0.45098919500314205,0.5353712403075431,0.7407054720355158,0.5264161228324623,0.49071011807196463,0.4003303268836827,0
72,26,0.2714050812333001,0.455617394501899,0.6463742002310299,0.6632203506997165,0.4301846203659423,0.5318378900115408,0.36606509539643617,0
72,27,0.3540303763284309,0.48725811324392526,0.5860868416831024,0.6979804446159872,0.5287973913227081,0.4352454440492183,0.36797555429742146,0
72,28,0.3323258339391869,0.397355191689419,0.48119462650413436,0.5696252576708446,0.4245092597790923,0.4218885845509412,0.4042553041611018,0
72,29,0.42947193315066223,0.4236679412670037,0.5303630577427212,0.6210392499279446,0.5148570873220836,0.5286509034776969,0.34500587453486986,0
72,30,0.3098352497965244,0.5411317765918519,0.471516752074868,0.63636385382207,0.5481859743034331,0.5281006474052192,0.30908458273341227,0
72,31,0.4572895905364162,0.5493625717935748,0.5950021399672375,0.47225139095280294,0.5665351055762797,0.5648217151435783,0.4183522099310211,0
72,32,0.4741089969688379,0.605352574953846,0.6035214015502137,0.587659956063868,0.5317607720263642,0.5077227669707196,0.4292994303065385,0
72,33,0.5026106012319067,0.608285795916891,0.6677043543334209,0.6509725316361895,0.5199068178478478,0.5278316357457566,0.5079788305112525,0
72,34,0.5782998775730067,0.533459829894858,0.5590469957908981,0.568741552681642,0.48072238851770277,0.4667446359017838,0.49096229608565806,0
72,35,0.5438064029993951,0.6021655230187569,0.5144097465361825,0.554675111759273,0.5339136324972427,0.5475122586719603,0.4136640230161935,0
72,36,0.53718422926162,0.6547751396535884,0.6454961375856465,0.6395548413238068,0.558393262223439,0.5574059664078824,0.5307277089163348,0
72,37,0.5552849211642078,0.5447542070950528,0.5956066673406217,0.6232147136588123,0.6555969703008429,0.5309682418786552,0.438208778003998,0
72,38,0.6174991722048827,0.5692737458837479,0.43000126258940197,0.5100214484938674,0.566397161022036,0.5243131062304055,0.5786127096256033,0
72,39,0.6421673795416416,0.7726831600898229,0.6662744648747092,0.5556775928197147,0.602815641153018,0.6276159410332036,0.590393382547491,0
72,40,0.6485026794422017,0.6380248570831744,0.6485628063201618,0.6669885644320286,0.6596555469239288,0.6024466521997766,0.6444874785984408,0
72,41,0.6146708510559417,0.7719721479490267,0.6676955524888729,0.4168123084064387,0.5408485142162687,0.6750886188885437,0.5222126307994476,0
72,42,0.7281387921785171,0.7418512294890374,0.6709626813422517,0.5783584130944682,0.6700375104274664,0.6290474058534432,0.5672324112145045,0
72,43,0.6607482513363082,0.7701141965195668,0.7130244352719561,0.5695909209199478,0.5082464751615077,0.5869567930501735,0.6143377773055553,0
72,44,0.7319719528485129,0.8683219268454698,0.6910985509613676,0.47556200883247574,0.6682672686140321,0.607965670474598,0.5995307517923137,0
72,45,0.8322875737378003,0.7841115692363129,0.8091988032273836,0.5605046671653481,0.6296512279681247,0.7032147878936534,0.6215386290504381,0
72,46,0.831852680914595,0.7683279461797841,0.6047389185802217,0.46803068374155526,0.7065625243094775,0.6495178383912134,0.7533041967666269,0
72,47,0.8056323309865849,0.7960573025713918,0.8512076152194566,0.5128164909044112,0.6977116662634256,0.7353327871444457,0.7024029535673119,0
72,48,0.85942734718492,0.786722777205944,0.8060239961749598,0.5216847973219623,0.7428521895141303,0.6091247304684514,0.7175641162308718,0
72,49,0.8774922179766069,0.8628681858906861,0.7797679831909441,0.498451876157822,0.8320304971674446,0.6998686682778885,0.7408491700119695,0
72,50,0.9482170059614906,0.8835652697400868,0.6682254842246642,0.5573001074006254,0.7688684927578819,0.7568321637726754,0.8930707816992082,1
73,1,0.2089991754294348,0.4102083418194239,0.5626126530574582,0.5876973953610665,0.15919358773684575,0.3447514573438858,0.21422532355610435,0
73,2,0.19707997720889,0.49845670831984207,0.38471916789972765,0.6401240796309821,0.17444384880182504,0.4339433361814431,0.2575382063411713,0
73,3,0.25796874372012507,0.3921449481905121,0.6055378363030874,0.6656065202231156,0.31055353781231876,0.4220431393506016,0.33538993740923745,0
73,4,0.16662627228275148,0.5093912820082288,0.4303889678131502,0.5938336620385763,0.1221195902650715,0.3833068439274228,0.24068822179304677,0
73,5,0.22870341297452643,0.4300517691133966,0.43752333323139386,0.5726200071622553,0.3100106137663263,0.5122646534388247,0.35579584292901895,0
73,6,0.27677958112434664,0.4982844428257168,0.39088354988139445,0.6849620334102262,0.26751299690417274,0.41204311452010856,0.3009091423874598,0
73,7,0.27878847662153794,0.46350072647272933,0.4057150876767776,0.5810796648695191,0.268613931254493,0.5084109368462235,0.16182542390359647,0
73,8,0.14811469032549057,0.34233112209515515,0.5818014566809927,0.5880868644234227,0.13197812151869207,0.42327804748836123,0.40259297442303466,0
73,9,0.2547560927784194,0.49178519059068754,0.510940412422584,0.7356800191839272,0.24141135086231114,0.5048970019139867,0.3638968610767889,0
73,10,0.15734901623422162,0.3659135037536566,0.35190690385979706,0.655648995590781,0.3184580305505231,0.43796087259768596,0.29986430767194344,0
73,11,0.25019913240199254,0.39086774213977193,0.5279059781099418,0.7428503066059187,0.3363300133904959,0.41590408928170736,0.30637637782646726,0
73,12,0.21785492219336985,0.39572277326054806,0.5184074620670965,0.711145406910917,0.355458590789832,0.41632355692695455,0.3546506463640674,0
73,13,0.259738641387652,0.436481191072617,0.3730820117170296,0.4371538403153341,0.3305972852485055,0.3955569366081507,0.23183687051128143,0
73,14,0.29234135043957554,0.4442912843411846,0.576423284197394,0.6471857334619379,0.27087008087609143,0.4784272420970563,0.3456869832660857,0
73,15,0.2526512334337772,0.4686232928342261,0.47153854790018646,0.6852729778989245,0.3689056378789026,0.44111289483527993,0.3955618202280565,0
73,16,0.230299985386426,0.3974874600532537,0.5506663732485365,0.6909447839060506,0.2850186836583841,0.607674903361883,0.2884621851655772,0
73,17,0.2570435391303085,0.4365078256774839,0.47173119609059777,0.6840527884715379,0.30176472472121174,0.3553535457967333,0.26810012838862757,0
73,18,0.323032733395343,0.3364382158523549,0.5857610718824404,0.5010840245836079,0.3603663289111924,0.38481242201849986,0.37133907680858114,0
73,19,0.313088186895756,0.42463800944559393,0.5170069742250688,0.530045252661344,0.3091709240662084,0.4940266717424996,0.34776324819021237,0
73,20,0.33081491201310276,0.37699289072518355,0.582410352915213,0.5492506028583224,0.4686724322347613,0.47522370863867847,0.38022506803492506,0
73,21,0.38041413526840673,0.5445278945534273,0.5637265314354907,0.690515702785661,0.3708867924765282,0.38597593838702776,0.37438952587822233,0
73,22,0.3404202312140582,0.49959290691934366,0.5516655855376473,0.6307577529622018,0.45735730901297733,0.4645282011548165,0.31697691363503905,0
73,23,0.3264542104757089,0.4681219500187262,0.7296962053857194,0.6142453306100788,0.4251221631850424,0.46847517785895315,0.37233781790075027,0
73,24,0.27824846136593023,0.49378297094391976,0.5151065600106403,0.6674113246271735,0.42180295807842483,0.4736935533777464,0.3999568206791405,0
73,25,0.2131166634671834,0.4416830034819512,0.4822111373238675,0.49245583690872774,0.41859910236964576,0.46495153295247377,0.39603806714043244,0
73,26,0.2937355252309381,0.5140045666025213,0.5013746957634136,0.6521733055568194,0.5298630805011771,0.36327928617085903,0.3612327160515708,0
73,27,0.2753735819789833,0.5295379985610644,0.5875955249356911,0.7261614299067713,0.4779478894931132,0.5504269351153308,0.3652000014315962,0
73,28,0.2649592049938321,0.5137181732578756,0.6147082746113264,0.6013639130172935,0.5602580489035649,0.4415016181056285,0.37589884959318104,0
73,29,0.23358571434507006,0.45987540385671855,0.7130230703246722,0.5646639866348822,0.49850945463704927,0.4028808718686096,0.3087655412430639,0
73,30,0.3507627726963436,0.4244306195685452,0.636724590196557,0.588120792233596,0.47767995565715443,0.48256904134844436,0.2771561838532618,0
73,31,0.3248041132141901,0.5276008493652634,0.48243476274201125,0.5709786891520112,0.5185728777469976,0.534019598760821,0.33097487470029335,0
73,32,0.29507281738060265,0.4225338496183672,0.5790446769547177,0.5552099134033776,0.5463742826601967,0.4754308346657377,0.4134049970804694,0
73,33,0.2266016884814066,0.5404336312240358,0.5024335313268353,0.5320170348866059,0.48483809560684726,0.47831728735653606,0.3578992740288056,0
73,34,0.3652897888629006,0.511296456060355,0.6598970802835605,0.6124825137365849,0.510051851515189,0.5216294633623034,0.4171440964964339,0
73,35,0.37821464776168545,0.5406892326950875,0.5371442524057498,0.5743161393069962,0.4448458234204041,0.35263880962845995,0.3945182901364689,0
73,36,0.3622051813147709,0.6091602739142216,0.5176643211255869,0.6547518334371654,0.5691202023029436,0.6208834362695359,0.46392529947118777,0
73,37,0.5038497765145655,0.646634647303792,0.4795895855858304,0.6316810678002774,0.6112855575515286,0.516714146553199,0.3395467113675832,0
73,38,0.4562335410535039,0.6597332375976226,0.6101541650442815,0.5619279966626669,0.5401425851954649,0.5589318252840227,0.4871989651804622,0
73,39,0.5326435885559603,0.5768705866592132,0.4476084818073045,0.6200813741979572,0.625391046075132,0.5679202896421945,0.48594328053708696,0
73,40,0.5945622452638206,0.5946316391422365,0.7019529848032058,0.4848424748425674,0.6167564229034951,0.5745100947241408,0.5819120271662989,0
73,41,0.5472631610443649,0.577986394958114,0.6148174769565695,0.5819917449557238,0.5144627267368806,0.5663654856244749,0.5860284065372325,0
73,42,0.6256695004576194,0.5938950409420168,0.6601968086906529,0.5617211321460135,0.6281761996851627,0.6114400896958737,0.5637437273808362,0
73,43,0.6040762364837208,0.7394119695863096,0.5940450268855697,0.5628101533499781,0.762458491146963,0.6741606403184037,0.6283793479957999,0
73,44,0.6838317727031487,0.6671103017269586,0.6748540261151366,0.5811592053264945,0.6927162302022257,0.673813902442955,0.6876058154744504,0
73,45,0.7339684649381207,0.6387130985103019,0.8632671775858162,0.5151690653882565,0.7241015516207243,0.6289403047203361,0.6284460651302031,0
73,46,0.6962755127221963,0.6311449232139099,0.7992227493171222,0.5660754867533556,0.6457153751737489,0.6875510783313363,0.7152411442938933,0
73,47,0.8132793996136022,0.826984608723797,0.6300708922233834,0.5586713376844912,0.7381965634862364,0.7742669779228076,0.7256073182427052,0
73,48,0.8120831078705739,0.8993030174602619,0.7186271310774088,0.555168768091221,0.7176971669321155,0.7495964338143813,0.7780001698108439,0
73,49,0.8406600537483262,0.7980918194762153,0.6352695650909023,0.5193668692808718,0.7524904420122474,0.6700156249140357,0.6534372214275393,0
73,50,0.911784818834976,0.8608433731117201,0.6995931966757905,0.5304730517925251,0.7526183826887637,0.7693355062759173,0.720147840044355,1
74,1,0.29606331920053935,0.4317946286274548,0.4298008563393868,0.5908241190325308,0.22005347132919564,0.522744725818296,0.22279468516923728,0
74,2,0.26981829956947434,0.39347815093179334,0.5884631046527684,0.7412869689044885,0.2433707474984452,0.48103734931913805,0.23918461776672556,0
74,3,0.21545723627174995,0.3720205957707106,0.5443664354471417,0.6327287275729867,0.3306261623736826,0.52693555177905,0.28097477923371655,0
74,4,0.3446814136692645,0.4636111819879306,0.537287369225014,0.66233366372892,0.26894916169226923,0.37616216551686654,0.22947142043179605,0
74,5,0.2802338464388169,0.41684719034228784,0.49881426208577706,0.5178041179471468,0.11826840495507629,0.4638715208184512,0.2598604765823284,0
74,6,0.2659808862125593,0.35994754488674124,0.4438103705865666,0.6811901824081125,0.23965098088927084,0.460138214796632,0.33405424528253985,0
74,7,0.33758179250326636,0.4089154593309775,0.6066670771942395,0.6694049841785502,0.3203865915539451,0.3828741164109565,0.31136218934524634,0
74,8,0.37113076569360703,0.3796336593481707,0.4788708602193095,0.537958216144132,0.26982370073036765,0.4177873893868384,0.3919348833168415,0
74,9,0.2789470630470013,0.3300883523943738,0.3545430641429199,0.558424803203088,0.20112700714275888,0.45003067094588445,0.2961526487019611,0
74,10,0.26083352327535253,0.42360161973701643,0.4165715463411803,0.6147020054574831,0.3398148297776533,0.4157283609005623,0.3281821912034145,0
74,11,0.20902537885380063,0.43496293677982084,0.5908913330283413,0.6057059615902324,0.42771250533557403,0.363230099462727,0.274600809578062,0
74,12,0.3386983610578812,0.39200486497375897,0.44505145003998037,0.6572157719141236,0.3159944393582629,0.41956894888958873,0.3361407279190647,0
74,13,0.3120925095396228,0.4149711534424154,0.46332595725508985,0.5646353910811982,0.28545786082199825,0.43980354865020976,0.2202363246920478,0
74,14,0.32360168157333896,0.3731455214372899,0.6355616620494755,0.6225075397377144,0.24589107026476725,0.518186045692673,0.38414340815595194,0
74,15,0.3101306127946583,0.40612065418683446,0.3917371879828135,0.6394812503536438,0.3857087243249208,0.4738444406552439,0.32063769001072895,0
74,16,0.2731123266319507,0.5225140795956509,0.47155425253578215,0.5803395410495944,0.30948705425551915,0.40999266425717845,0.31196379717638567,0
74,17,0.339961617931245,0.393265143032938,0.5388623049214115,0.554574362366734,0.39694848319915166,0.4798035041351857,0.32391065447803186,0
74,18,0.3526362843319997,0.3924176418702997,0.5312178161935525,0.6108910830467345,0.5197945060198558,0.38384737420076176,0.19343450216361358,0
74,19,0.25490303774226974,0.40306525695255335,0.4395677103652582,0.5657299602479436,0.3071054204593553,0.4947475741548645,0.3269735261327472,0
74,20,0.34630369290796903,0.4884294961482109,0.5108498427593907,0.7156731218325395,0.4082580907269639,0.40900894395167287,0.3629574800954334,0
74,21,0.3377542345929935,0.449401064192406,0.5861874813880728,0.49294924498013415,0.3679435731363648,0.48353353572987817,0.34701136325115267,0
74,22,0.23309150017400515,0.5322463333397911,0.5221042565436594,0.7108429705249424,0.44569776498936287,0.41111932217215696,0.21212831054581696,0
74,23,0.35321750037433836,0.47233300107888015,0.45903849753478865,0.6306803949831613,0.41765851445478935,0.5014976583130815,0.32445964932011767,0
74,24,0.37310146615662076,0.4961793336558806,0.4810062701087478,0.4357486407146841,0.4017882193686234,0.4420516895441617,0.28452405680589377,0
74,25,0.33354457094152795,0.449256138104421,0.5466799521122497,0.48288166782219827,0.31978760109168786,0.5114777760298621,0.3355195928235401,0
74,26,0.29921678721617917,0.45737981661669896,0.5153030313305436,0.5828880709332223,0.34628994977987226,0.41297564343341264,0.4462008734011138,0
74,27,0.4089605996526481,0.4503801100606335,0.521351878099612,0.5818398419361347,0.5237379196561985,0.47645359481155536,0.3107195447390181,0
74,28,0.4268749692634011,0.3208730793771696,0.5665351554150825,0.6522560885293653,0.40701521446554256,0.46692971535337296,0.37791549324822626,0
74,29,0.4187763788540132,0.4802670060020738,0.5356918428258725,0.6262957033113324,0.5034315441728802,0.5764058230865249,0.3858973201335976,0
74,30,0.38995596023260953,0.5630825647916237,0.4453804561638055,0.51575589161191,0.47918196377915545,0.4950071092428484,0.22926921992440272,0
74,31,0.374855130767534,0.5078079094254995,0.5796114878924369,0.5115066887079798,0.41419656550665557,0.4230605163981504,0.39754725679676944,0
74,32,0.35644338459836955,0.4804273617984147,0.4771395399063378,0.7429783220368412,0.5224614440394225,0.504108848822138,0.4320405517192701,0
74,33,0.3926559342655268,0.46655175173825636,0.6429799090625063,0.6215921169372193,0.45205893292937926,0.5645316237951064,0.3190036057756843,0
74,34,0.44431843664629006,0.44183768046786615,0.5848567678914339,0.7290326501713303,0.42350921268770764,0.46555423131543694,0.44257046115159304,0
74,35,0.38928857502715025,0.6004689771828802,0.5493277790365249,0.6438124717117119,0.6139612697546089,0.5180431785693302,0.4370859800111238,0
74,36,0.46328835780882976,0.49207960454869853,0.5053954759889588,0.6333166546063778,0.535414777289414,0.5638044251261602,0.39266478528141013,0
74,37,0.3549082381060894,0.48383012746043585,0.46495439884683015,0.5770786447108638,0.5183485189201349,0.45070573230428124,0.4125453801184963,0
74,38,0.2855805564676017,0.4045113545334235,0.5595527305149166,0.5847918037995946,0.4677996960825142,0.571122566454468,0.42023750606931776,0
74,39,0.42434448082440934,0.4781429494496508,0.47463293287133274,0.681843217183449,0.6020798048665359,0.37573331084639944,0.39272162510578773,0
74,40,0.4001930572566521,0.5988632669315717,0.7032121266381611,0.5973495220851478,0.5466308473703544,0.4589864784295402,0.35343338134763524,0
74,41,0.4452224742840455,0.5946720718362781,0.6741057322926719,0.6673506196944182,0.4245732849218815,0.38417252583038525,0.4398081653247621,0
74,42,0.45116634990058807,0.48392098424748714,0.6618610706577195,0.6652156263127347,0.6462467168440017,0.38597154463692196,0.4063669956015859,0
74,43,0.5145631513338786,0.5869900143589107,0.5935683259575953,0.6130311740042561,0.6844849858757625,0.47448836035243225,0.395640266309233,0
74,44,0.554074161045152,0.4994511099888185,0.6660185695710217,0.5834785201690018,0.6738880222733212,0.4312020592291909,0.5217205957686919,0
74,45,0.6395403437328689,0.6218342827417288,0.6992308976202463,0.6562856955244549,0.676375594070605,0.5962153923822995,0.6065137603749814,0
74,46,0.6423111065078686,0.7240432062064908,0.6538283986001231,0.5686636471828336,0.6737461589787509,0.6439545044939048,0.6559315342717007,0
74,47,0.8335982797606291,0.7093183045274177,0.7844628671717194,0.5652393176253806,0.6601212472792243,0.7207938422772265,0.5839168711720913,0
74,48,0.7489442705888998,0.8048300426267847,0.815374644293666,0.5623877904812056,0.6529676118377178,0.6535277273799204,0.6430023657829281,0
74,49,0.8520128183179225,0.8071312270092964,0.6915937376527089,0.5441706996557321,0.6277540013488533,0.7670034973342861,0.6833849766291983,0
74,50,0.9506027586601703,0.8423471280998973,0.6785388702344042,0.4676997942821307,0.7123954618241575,0.713489593524261,0.814085556802996,1
75,1,0.21275716834383032,0.3885683082569922,0.4770394429370877,0.6190750084508175,0.2548227152803748,0.38540367907587814,0.26530544981669957,0
75,2,0.2354386082485602,0.4591555906807758,0.6037094802317649,0.5383675327886771,0.2352978672566241,0.3974021686224073,0.22526404659906618,0
75,3,0.20055205211961866,0.3830739657414894,0.46231779182382804,0.6191815162928918,0.3737987718733586,0.3379390702493372,0.3446588458660529,0
75,4,0.19729652722289795,0.29948949619552256,0.5597934318801929,0.5335419501604411,0.28567363426527626,0.5126665434496878,0.22625981182034055,0
75,5,0.22406243781811688,0.2982897684079356,0.423662820153672,0.6306935985583124,0.26907099473797774,0.34796543722004986,0.29458525468268193,0
75,6,0.2763192455517255,0.38495820163671135,0.5402928144989603,0.6843461231878577,0.30514735875312027,0.47297186076645614,0.30127533078168767,0
75,7,0.243596148268506,0.3700115640499067,0.5890466495153461,0.5281757265939145,0.23274138128485575,0.4279878591653826,0.32168397494682605,0
75,8,0.30803977744555405,0.4146876056902439,0.4625409905119262,0.6112977961090501,0.2528361466273984,0.45719667316847207,0.24745005011961824,0
75,9,0.31832357050701116,0.4223926065467336,0.44069470429698143,0.5996129229774371,0.1470210033478542,0.42965699583336275,0.38578406804701315,0
75,10,0.16798812602505764,0.38333699916247516,0.5804921438230659,0.7222782550518119,0.31689272903677346,0.36970451394446907,0.3048887563686645,0
75,11,0.22884543448650296,0.42562362525877184,0.5344391722799342,0.5272482224499806,0.35887680275721356,0.478088087474823,0.20892298010735355,0
75,12,0.19950546332398114,0.45861746231294376,0.4666221550879331,0.644081065955336,0.29709350027995735,0.440358587649157,0.33599677147909945,0
75,13,0.2506418758024019,0.4401540214650444,0.535988045403187,0.6074199817223124,0.2911258756936233,0.5322221409014315,0.2916647554068695,0
75,14,0.2209340122473469,0.46690872574873177,0.647263076098505,0.5997496107873493,0.2859564706553889,0.4181385189660627,0.3154316182673572,0
75,15,0.2567906100992411,0.4080007720199299,0.6608179300466981,0.6079736704728504,0.2977939173716287,0.4825255583790278,0.36132178997468095,0
75,16,0.35878365753322683,0.4489136010119283,0.5054222028119729,0.5058657759776493,0.2877289148991168,0.45282808841664485,0.26255290767154227,0
75,17,0.2692818643283372,0.4730379609537807,0.5099465367877569,0.673807256163617,0.3899949778354443,0.5012616656549329,0.4328719229197796,0
75,18,0.306174025405979,0.41380749050456156,0.5331285120565098,0.7143952751076361,0.30840650268244585,0.5175830548321315,0.3183037970041075,0
75,19,0.2328060914927467,0.37321373987042655,0.5108814794707104,0.6981807016601328,0.3288823663828964,0.5272260580010276,0.3007563309367413,0
75,20,0.2894723220098138,0.47595359938970433,0.5451661541564357,0.6290572037355188,0.4761776126564804,0.45274572737460633,0.3084796607295547,0
75,21,0.3440722540522771,0.4233160988452911,0.5106327908199307,0.6831127643041705,0.5122488676866388,0.4619665956915405,0.3277500863467674,0
75,22,0.26121355534392865,0.42940763171658347,0.5106657538512545,0.6746436846802597,0.39270976444595646,0.518765620630467,0.33138614200027783,0
75,23,0.351484219786087,0.45087750098131674,0.5279496013032634,0.6220136385689568,0.4949989707907003,0.4675038865893694,0.4022741994461759,0
75,24,0.3456606649421943,0.46428424182114747,0.6001802963386345,0.6779987742007978,0.35950282825760554,0.45719788031920316,0.3902598976275262,0
75,25,0.3574621934203898,0.46023638625512464,0.647814667879061,0.5805676058230669,0.3353140898185386,0.4411194553073861,0.4047921142173228,0
75,26,0.22489756893687252,0.3715745506061058,0.5931160998934152,0.5331437164831438,0.4669418195610191,0.43999567081799107,0.3090700908176063,0
75,27,0.31230501161460755,0.42249210928762376,0.5428519033214201,0.6440843832063928,0.47975967404985453,0.5045160205903171,0.3584364172643562,0
75,28,0.3288768363267739,0.49561018211343016,0.5320908538606545,0.6027258122951279,0.6005106431218414,0.394547441584826,0.37748371859714436,0
75,29,0.2921272075196166,0.4569741624049587,0.5182973358489578,0.6200133387718448,0.5149695537612328,0.45068960230491173,0.5109296069531519,0
75,30,0.3816662278640431,0.4951962431186361,0.5555931184800363,0.7082456656614559,0.3739954252605921,0.48325892292332917,0.32218100308359227,0
75,31,0.2922403549789599,0.4224087853438796,0.4339193871883657,0.6433270541315218,0.4750478069952354,0.44837043430165713,0.39855873440398826,0
75,32,0.30664864685182974,0.6257461841113698,0.622459210111174,0.7666880424865544,0.4631027045475993,0.47728495605150933,0.3012865368914668,0
75,33,0.2943925058491077,0.6255752623328419,0.504326589160596,0.6059579709914946,0.40977978158825645,0.4928861683879433,0.32078872949549153,0
75,34,0.23777423920336904,0.4723188354950653,0.4251940069705638,0.5905692225948961,0.4887672289589726,0.4376484267838239,0.34338918671046853,0
75,35,0.4395131855078973,0.49796536007797765,0.4957969486288094,0.623844646358763,0.49374385003548615,0.5134696432298944,0.3853930613419879,0
75,36,0.3892872439669797,0.5319420269775451,0.662252009249751,0.5890135459501509,0.5420584266149068,0.41116116624367904,0.3710377595981752,0
75,37,0.30618768101266725,0.50331699907161,0.5709600065892283,0.5930098125979841,0.616848284364274,0.4600778615449525,0.3828424362339012,0
75,38,0.3675500231826505,0.4649553145795237,0.6278047678632646,0.5413312258680283,0.5678418170595633,0.3640971904093983,0.4095934049190333,0
75,39,0.3651581450381346,0.46139187401845566,0.4959490630894344,0.593929813118618,0.5625207195341128,0.5034285332830417,0.39659218133899243,0
75,40,0.4406744404772282,0.510640703645975,0.5204344843997779,0.645453212309989,0.5753592367403103,0.4672333381931036,0.3693605675234275,0
75,41,0.43878285115389937,0.39479981164219335,0.6517374903188136,0.621195771404397,0.5832014326296574,0.5449821165041748,0.25385955538874605,0
75,42,0.4201153226674812,0.46476916296749254,0.4696232876862491,0.7183957289708197,0.47261649585189947,0.4997324897689911,0.44035541731956984,0
75,43,0.44893321019154403,0.5263267975490443,0.6234126706539916,0.5641585509154478,0.5655966661176577,0.5097550659863763,0.3570300289646697,0
75,44,0.36137577309649777,0.5980963288242196,0.6468254810055986,0.5456621107464655,0.5486286983272105,0.5167470694537306,0.5108283078818728,0
75,45,0.4945471474695932,0.6256173880322312,0.6570036418414301,0.5931742048098123,0.5858045209848279,0.5741184698452898,0.5695539172612638,0
75,46,0.6354089097705766,0.7428452394963063,0.6742342679216037,0.516152122409929,0.6170088226055597,0.6043124699582308,0.4966117203616714,0
75,47,0.70275470771781,0.7596461390272922,0.5782301488024032,0.5592779904714599,0.685572499861546,0.6265641739430152,0.6203893863904196,0
75,48,0.81386758377403,0.8036665024881058,0.8601635765332628,0.5393656680341266,0.6873586324307318,0.6054785662571855,0.6321614221007529,0
75,49,0.8523945017815668,0.815620181676182,0.6874428178006816,0.4871221722193457,0.8517211759799653,0.6414447952223403,0.7737817888867973,0
75,50,0.8370494115144588,0.7629979442184305,0.7095534187038075,0.5383912301754221,0.7020889870242188,0.7899427403078905,0.737384754347739,0
76,1,0.22905339312515618,0.3979041133639379,0.40350238545332023,0.6261888931033901,0.2774006937847558,0.4323735846006781,0.39823347698039435,0
76,2,0.22753129039830125,0.41798823740030855,0.4007623638136323,0.5720611435585777,0.14497944768284854,0.42360554445788123,0.28217384108251603,0
76,3,0.2531984861549428,0.34767401066284176,0.6139522400981596,0.44332155209757584,0.22930793353477144,0.43508037457482696,0.2872856230915447,0
76,4,0.2672864214599023,0.4253829984980498,0.46424464929588954,0.5324568557365611,0.23321880288983823,0.3742737661995616,0.2539737579139543,0
76,5,0.3432518003416054,0.4601353053615197,0.5750167099494424,0.6235970689516703,0.30592663843244583,0.4447809475619145,0.390374522406227,0
76,6,0.3025823290255622,0.34238536886753607,0.5570844132092944,0.5168536490121755,0.18118742980950864,0.36426880916367227,0.30820660005289013,0
76,7,0.39507586030259445,0.40363547427712243,0.5652777793832814,0.6296522036100006,0.30433388359793884,0.43698317412202337,0.35318084361209223,0
76,8,0.15377824694748163,0.4316701561039501,0.3864445865318473,0.6987042997879171,0.2391128569341966,0.37928815986218406,0.43582600393132165,0
76,9,0.26924661755157325,0.4507987697155015,0.5714824885885947,0.6883476011235355,0.20102158999743974,0.4594053390868366,0.288740697779624,0
76,10,0.2857575529659734,0.3254378898104093,0.5806051690920464,0.602559444287686,0.2613499426398185,0.4271160667819959,0.29762416210281556,0
76,11,0.23216624942600345,0.39948969044078153,0.5024410331008629,0.5560904585771054,0.3085588067981163,0.39920633527720306,0.2383858997824624,0
76,12,0.3679156645490774,0.42362103786703886,0.5119700149703721,0.6125314663576736,0.2770429474365158,0.495304871064294,0.3159024879174385,0
76,13,0.3540996082968644,0.47149174580179226,0.5629120693451809,0.4546755853953799,0.31682310063876773,0.48287139911019017,0.3327749695807418,0
76,14,0.3425275447686364,0.4333654147263623,0.6066537069337689,0.6297054068969264,0.330931044581046,0.4842206844291006,0.2964706534351553,0
76,15,0.3015419787911583,0.458518726227893,0.588775377301697,0.675853971300044,0.33088110953234523,0.43243149722788127,0.2893942027752679,0
76,16,0.22289571025320934,0.432737961823287,0.7250776479456481,0.5297681952566747,0.353410136457458,0.4612917895231147,0.34692325214170383,0
76,17,0.3343312461193309,0.4074746720843525,0.4272691577422787,0.6771174384997912,0.3928768885628911,0.3954718772020631,0.2970101261429225,0
76,18,0.229972678617254,0.4749214868823309,0.5847942885794977,0.6000434261017805,0.36031246630416836,0.450934898561158,0.3390195929303721,0
76,19,0.3401741405270375,0.38062463694758,0.5780962649413528,0.5561071897818911,0.292993475080082,0.44519807201011097,0.32687473878914025,0
76,20,0.27471512394094344,0.45214088596139784,0.5527894176203294,0.689942798327457,0.39110196331021485,0.41803039227551914,0.2646468897059545,0
76,21,0.33910081711270756,0.48425994352595125,0.4712845688817686,0.6353158158840884,0.37854687916808655,0.4853133767781057,0.37790384558834417,0
76,22,0.37815864547402755,0.4598098481560945,0.49800508135516053,0.5897922297572935,0.39990484425052913,0.42561256053837204,0.29034981826409556,0
76,23,0.2781438130498833,0.5171284223279942,0.5407133370689314,0.7551705855170003,0.4292645822215008,0.4816454127053972,0.2867197366521186,0
76,24,0.3373864759284102,0.42053756804422676,0.5058639281417696,0.6452088699427511,0.44238558789553356,0.38675273622238887,0.35658704507216243,0
76,25,0.3078380685587778,0.42040430996458966,0.5709028398045011,0.4656147587128493,0.42512506823042556,0.536721395230615,0.21518203430688945,0
76,26,0.36817303295428183,0.3856949585395833,0.5780342200336214,0.6800851937658559,0.3634029680483045,0.421038783064997,0.34890535553205065,0
76,27,0.31749599046361976,0.45809546334803763,0.49665743555607905,0.6214734577126045,0.5058006928686603,0.4630948418684705,0.33232704027047905,0
76,28,0.3081206326254709,0.4130803964602074,0.6290392620533942,0.7182625765396435,0.34450931718129224,0.48830647472660343,0.3957466735745342,0
76,29,0.3281641533437722,0.4365476870805563,0.6794662732290722,0.7191470129829581,0.40572939122183643,0.3876375944477981,0.394048848088297,0
76,30,0.417551585625499,0.41504627140767186,0.5986478714337603,0.5760944467216991,0.5073898098204017,0.4601440333163548,0.4530309001484438,0
76,31,0.34325219489574327,0.4774966703680496,0.5425637080176009,0.5507338197598796,0.5944935292594387,0.5433359861301963,0.35178482679798,0
76,32,0.4651233776479653,0.5350448159692366,0.529682601457695,0.6147225668180925,0.3849479331655649,0.5035385921605776,0.4253422617036302,0
76,33,0.40120392397563615,0.4934173306580296,0.4829531424536041,0.6391825725453709,0.459100280469973,0.49245897137436045,0.3276066903571873,0
76,34,0.435908081228458,0.4972575828701442,0.577392111822795,0.674781613809754,0.612220079229435,0.4622357947878133,0.39445110043581016,0
76,35,0.40681635338583544,0.38088113594156103,0.5059067017753511,0.6650625260270262,0.49098964066210904,0.5410177338179076,0.46389620068202664,0
76,36,0.325326777045031,0.46554088253269743,0.5282757923692321,0.7121652972727025,0.461879934903148,0.5075215102637425,0.44299189701735947,0
76,37,0.4023746741182981,0.4780894406143378,0.6886283642303132,0.6052846604977182,0.5898970590483513,0.46386323994699763,0.2841148458465521,0
76,38,0.3763377190837561,0.481630242521189,0.5145782942588946,0.6575462211128186,0.5862253689405829,0.4579090545242503,0.36308922408504307,0
76,39,0.40047002729271297,0.5602959697598908,0.6589031992574899,0.5840510526960997,0.670471506021626,0.45649142995547154,0.33060301507651535,0
76,40,0.3375385219066498,0.5106874908227839,0.5459775112662644,0.5820795276241244,0.5091562963808353,0.4216941271622964,0.33950655976868205,0
76,41,0.4851187363395278,0.5898580134909696,0.6136960849736057,0.5904634380085609,0.5289311907830723,0.5152069913592552,0.3742820898871144,0
76,42,0.5500738098509248,0.544041428927779,0.7466496015732518,0.5403875110007206,0.6168453444221461,0.5194868260280022,0.37799593643394974,0
76,43,0.5886924102917606,0.6799334908615547,0.6375902900054188,0.481993590679149,0.6396193853596741,0.5672979790746875,0.4560407001195172,0
76,44,0.5465805943384228,0.5997152196054832,0.7016240889718838,0.6673414244120981,0.5557574646839449,0.5310338807784342,0.42897727540782155,0
76,45,0.6728908865403235,0.542949830004041,0.6474825666278379,0.5549924556709898,0.6076436633481495,0.6348138658518199,0.5996693421236868,0
76,46,0.6558692884898781,0.6479375985366689,0.676674872549133,0.5325718185560229,0.6736507127529755,0.6373040548091813,0.51292357683832,0
76,47,0.744867262524931,0.7944672448611839,0.7543733485005077,0.5477849584649674,0.7191385224268956,0.6307248066142388,0.6840611886924665,0
76,48,0.8690919227850309,0.6850330658797611,0.6603666621936211,0.5524742801981267,0.7456106713201308,0.782216922500252,0.580412668215771,0
76,49,0.8598558111076307,0.8012919306210202,0.8597282434901957,0.5765765368603081,0.6407591407080582,0.7652879723638437,0.7866931512205417,0
76,50,0.8414636481719591,0.8184190512173182,0.7928109591537039,0.5717930608042482,0.6517731325250664,0.6765447726166166,0.8069008205720687,0
77,1,0.30308037879558153,0.415364063550316,0.5690159330679769,0.6287073365079476,0.23779691259309302,0.360311070330844,0.31870686329862863,0
77,2,0.2853055714135973,0.3732508481509181,0.5290991812774731,0.5628321967635808,0.18778350875558297,0.44119854596902197,0.3229165816625507,0
77,3,0.19535108492257292,0.32274335901559614,0.43652855676654717,0.5560635066382863,0.3210097357207339,0.4912104048490135,0.2379691633407855,0
77,4,0.32047970029036044,0.3189198570992808,0.43428373689670435,0.5204444088623967,0.2308051012757772,0.4264706062028449,0.29117699235500677,0
77,5,0.18869282140778681,0.41600774379125766,0.5515555740305093,0.49881132222620145,0.16813207893003423,0.47812065699597955,0.23178233913809318,0
77,6,0.1976775990609605,0.44717409769299943,0.3684112207682584,0.6017324596527259,0.3104183856907014,0.4589014302487764,0.27239438146958156,0
77,7,0.2556099418771225,0.3437324458603227,0.5041994810783748,0.6150274421174047,0.23792304461369748,0.4798173807233955,0.2446758188077412,0
77,8,0.24458879945664297,0.4169998820975846,0.5053290220277471,0.6109302790433205,0.2044181292190667,0.3820730008727451,0.276382690954978,0
77,9,0.32935904638893426,0.42659579267416475,0.47712055551909655,0.6857007834581745,0.30777671531389006,0.364722819840241,0.1413163591060812,0
77,10,0.307801499034324,0.46057425272910585,0.399783856971371,0.6595186529462328,0.3272443906496188,0.5037520882759738,0.3535197073004407,0
77,11,0.3060730636951383,0.44134609449002044,0.49399007889173147,0.6692153818030402,0.21905559676695902,0.42846612856175353,0.3355941769162337,0
77,12,0.26135785924018845,0.4695290526168492,0.5053974981611756,0.6792235361804339,0.2599188736557947,0.4730985785671554,0.30643311145134994,0
77,13,0.2811898874258085,0.48988556105100384,0.4494556556245538,0.5309409537273678,0.3409245513959259,0.3543100948860806,0.3919677480448821,0
77,14,0.34436878450039055,0.4258384005638285,0.6389263167454005,0.7007268483592293,0.29403686921367195,0.511541801350458,0.27081632492378954,0
77,15,0.20638156991018408,0.43629618822402455,0.5033844052378742,0.5928680034849493,0.32506075066247353,0.4120227375547326,0.3210837071135776,0
77,16,0.24656212716767797,0.4747263706418688,0.5406669549627872,0.6424475859967196,0.34215746824071974,0.40652999464906664,0.34384318487077525,0
77,17,0.2632313009539198,0.3672742725643747,0.5331715572123017,0.6652832506373213,0.41330540300855156,0.503966161166351,0.342769541706049,0
77,18,0.3067470435412242,0.3746411612502187,0.4810148184693857,0.6168052618487149,0.34600166516408043,0.44980046466924517,0.2580581379168,0
77,19,0.34923445274794174,0.39773276632456595,0.4830672585040683,0.6257021435980038,0.31512876731034734,0.501916496379038,0.26655849367380097,0
77,20,0.27662551661482015,0.4498093747735685,0.49717749453931853,0.6185808880909345,0.45327685494835107,0.413627677612598,0.29721148087065263,0
77,21,0.39135573715375155,0.4401128658603796,0.6199941826577192,0.6093853146451,0.4603782213972255,0.46976957776641837,0.36232832216037997,0
77,22,0.2420473935936876,0.50071007560141,0.6092439989810714,0.7652873142760357,0.30884281931142776,0.4750899709420062,0.2860089514157488,0
77,23,0.2997424597429955,0.46891775204607167,0.49031817488367907,0.6220193715242245,0.4569220542497742,0.5085986658353687,0.3744294659723318,0
77,24,0.32137308414771965,0.42395340535274617,0.5761308071699299,0.5569454566185514,0.42314772334668826,0.3998161350610603,0.34033609066540904,0
77,25,0.3120265912045713,0.42120234930069295,0.48424093794385786,0.6147585789153357,0.279571909847236,0.3648760601701087,0.38518563194958083,0
77,26,0.29948643760757293,0.5062951681536626,0.4968575771031275,0.5852184010704718,0.38699688349404016,0.5517309385362328,0.35935508672860816,0
77,27,0.3625748173956223,0.36756452544426993,0.501619407222125,0.6472992116925538,0.4427534909577227,0.5680709350160619,0.3234404212468533,0
77,28,0.3831549826351069,0.46994104505819767,0.567508240935867,0.6025879760433931,0.33360989625364346,0.47665918008882907,0.3742214189873848,0
77,29,0.373522628081174,0.528702662616934,0.4944763522814879,0.7028858651940617,0.4069424867503406,0.46607760545144244,0.40596542681502307,0
77,30,0.4353311102998278,0.48042594536283767,0.5736606162184857,0.5986975040927097,0.44582582709097157,0.5962928875889529,0.3490560981646144,0
77,31,0.3852120855974288,0.5215126205158149,0.5493072394601164,0.6654623655986585,0.5535832019235476,0.4800891398103067,0.3260538217505853,0
77,32,0.4512968229938583,0.4541049557113285,0.5602374358308725,0.6844086019887903,0.5294395537065374,0.510561657401144,0.3772483255616101,0
77,33,0.4674937788470576,0.5616448799107482,0.6471751088121798,0.6478004629815238,0.5308203932090587,0.5461439725355499,0.4228096626905169,0
77,34,0.46357684054210424,0.5567222347151697,0.6931371530234967,0.5597959067554672,0.4568572077774984,0.5122798788691154,0.5371171487182369,0
77,35,0.5405657314141378,0.5527780844995619,0.6051351781024349,0.5625656198662617,0.6091507342335982,0.5477773592117403,0.537178912295646,0
77,36,0.5644539662202236,0.5838859774502415,0.6535680902983175,0.6124720867382722,0.49654168481131344,0.569159712161341,0.4930959317723778,0
77,37,0.5559249105361991,0.5879574704808781,0.7253557291499716,0.5512039264866446,0.6485820322532894,0.5761774160333637,0.46825992104567105,0
77,38,0.5585892249166848,0.6669833685962043,0.6332123871031684,0.6191369974223156,0.6801866640434511,0.4951283955354464,0.5209601127618094,0
77,39,0.7534113072407493,0.6319930759476888,0.5659943161601307,0.6970290134811786,0.5648269339490508,0.5130721841483618,0.5052191685383826,0
77,40,0.6752986612902443,0.6295911744595469,0.6343944831423304,0.5605761658848778,0.7020434587722649,0.6230987296322704,0.5541025769022155,0
77,41,0.7390098298838202,0.772777257387705,0.6013208755022224,0.6190204855495571,0.6180593867114819,0.5374930062740407,0.5102708729726166,0
77,42,0.8007052438955176,0.677702395874106,0.6740890050061057,0.4400149844713657,0.6967659350038764,0.6295548888682969,0.5428904853976563,0
77,43,0.686078632485362,0.7514139644384019,0.6234383434951278,0.5619632805386537,0.6260789211379908,0.524958518621632,0.6894341522532703,0
77,44,0.7569742954294207,0.7546429914005489,0.7402028913862163,0.5647511062584292,0.7830141708416424,0.6763529504842724,0.6408649697125064,0
77,45,0.7890791068763157,0.7050266478802268,0.8052079107746991,0.5633539770925936,0.581998480166644,0.633599335266402,0.7157516144968284,0
77,46,0.8004428910981176,0.9087624374283907,0.7069458670960791,0.5910485838066806,0.7979410633736271,0.6346273024410387,0.7103095687376737,1
77,47,0.8885788310252536,0.9113454997469552,0.6958349781276068,0.6286953898687434,0.7231308740810194,0.6759477357800353,0.7481150780559006,0
77,48,0.8888871992613069,0.8347118048694279,0.6241716604468088,0.4677328027876953,0.7797064097165556,0.7541678254266203,0.7530961680286953,0
77,49,0.9407457872981294,0.8757247035679356,0.6611727353820083,0.4798663432058858,0.7460994724395795,0.7266503543502983,0.6488745841716796,0
77,50,0.947308700831777,0.8958744272243565,0.7419715515900093,0.46520398566083665,0.7965027155078184,0.7127268861859485,0.8175231842972392,1
78,1,0.26423700257646554,0.3448260261198525,0.5292992519049163,0.6003998373466105,0.24614384760502797,0.3776155774120178,0.3261921101225912,0
78,2,0.15860681900000081,0.3985850073358988,0.5883175503302053,0.5599182441105945,0.17787040332091397,0.45588690031812545,0.2771655434970293,0
78,3,0.193562975565844,0.4851220234321436,0.649202183783748,0.5817748152953238,0.17220189616502152,0.40129940215664156,0.3778950210616877,0
78,4,0.2863782125667032,0.45033408784490947,0.4140445071042468,0.5630691302226848,0.19422961133082192,0.39950126545324943,0.25648465035252005,0
78,5,0.2487984724384676,0.4097898174293527,0.5933844654719294,0.6351102989094161,0.20442341263334943,0.43642309757424014,0.21743447684319187,0
78,6,0.25253456410225905,0.4565155029397086,0.5146490594741889,0.5965216634074092,0.17348778763791342,0.4867462515052326,0.32022650656624846,0
78,7,0.2237327667423559,0.3847214640609221,0.4332701976082002,0.6351622492009072,0.230688505256398,0.4086019478852008,0.3840922882568395,0
78,8,0.10492618169917163,0.3840270778293998,0.44269837763436404,0.6116468179672696,0.18653405612366214,0.4528815813646454,0.2859966736433583,0
78,9,0.23865488800581536,0.4095671576106681,0.5049702975501748,0.6065487985430165,0.2797811470037855,0.44975880358143433,0.31429851484943483,0
78,10,0.20743947726093187,0.42790629470331853,0.6872271453407603,0.6175427823795558,0.28986921843671803,0.37083069091442866,0.27033947584299495,0
78,11,0.2650466376943897,0.45105816013333555,0.540439178163135,0.6682458808330707,0.23903942261086608,0.45984583177088545,0.30926765163520437,0
78,12,0.2238580158359499,0.37354848302201915,0.43413929223071673,0.6392403080243371,0.3378711004081452,0.4303214861948166,0.31045932378220364,0
78,13,0.2707270435240318,0.4268312793665724,0.4952070317220168,0.6719650038268626,0.355701166648045,0.36140655263488247,0.31625752389060174,0
78,14,0.2561500361887294,0.26880769297104545,0.5362000852235154,0.6627190292504685,0.31935251441982454,0.3813640747240921,0.41421851604274806,0
78,15,0.22622088665692716,0.41594880922653144,0.3853278417357404,0.6484040398213606,0.25284567828123256,0.47431827180060154,0.37029709618378503,0
78,16,0.20315126759392757,0.4940508367195888,0.5257518619713492,0.6255935227954669,0.28810797178682684,0.4520526969175924,0.31145437137397985,0
78,17,0.32697357018474743,0.5221562552658312,0.5984741629509093,0.6721299911614134,0.4589062496354317,0.3914251125488805,0.27122482938178355,0
78,18,0.27846667430508265,0.4221688080698646,0.457400538328368,0.6203393802926501,0.3563372151973353,0.4872661947934102,0.32902701039180215,0
78,19,0.2864473603794891,0.5184892700181065,0.5324249105881265,0.6792175174688313,0.340692580496214,0.47488745301901886,0.2921705390373415,0
78,20,0.25884257516236303,0.46583450481622385,0.47430902318154294,0.5321069129266396,0.40820673083769576,0.46962627037714116,0.3376243265150792,0
78,21,0.26424203246920136,0.4586674718927895,0.5091056879332049,0.6044833018824087,0.4094129852653275,0.5627304764457087,0.3717148802622873,0
78,22,0.31664592629052574,0.32981110664033114,0.5575424487128051,0.6746284215109506,0.40306559671830494,0.4486411985022777,0.29020305545403485,0
78,23,0.23989918326049767,0.4997753422657061,0.6419167451982649,0.7361039642281693,0.3560003372856376,0.41877937697820394,0.3023152417970998,0
78,24,0.23505304633353818,0.42662525618595387,0.599613426834491,0.576929885090239,0.4791848131858159,0.5219733925313699,0.35665482454469394,0
78,25,0.22071094117065929,0.4270906714375349,0.5532591583758087,0.6333940412288533,0.510753951491378,0.40505773250973753,0.31815222132067034,0
78,26,0.26644299618159867,0.4054686856732482,0.5082414688471091,0.6052684122327205,0.5208526679167479,0.4053884045630237,0.38835922761791,0
78,27,0.27034422348214193,0.47319465508558833,0.583515542176888,0.6446602775703425,0.4479285932775168,0.42385870420561556,0.383322829581703,0
78,28,0.30100650262505096,0.47159091535753545,0.6047192457808807,0.7356764723478728,0.40773289277184555,0.4618287360461869,0.2785791508673529,0
78,29,0.30536642823052024,0.45041612351118443,0.5500558241821295,0.6261658107196908,0.41708963224047685,0.5199985110227527,0.38763698644526134,0
78,30,0.2727734746720444,0.43129431354927794,0.540051449907708,0.6679974733876446,0.5001017481483697,0.4231157679533867,0.39138805333507,0
78,31,0.2772930016955151,0.478486167881685,0.4675968747207327,0.5621882883309901,0.5721272928339497,0.5317132987677848,0.4750857940641647,0
78,32,0.34621217375006735,0.4654521182368973,0.5266690251151555,0.6723149308666931,0.5697186283884946,0.5041326748219271,0.3212093088716791,0
78,33,0.27906642655850766,0.45957500722462125,0.6673358653132967,0.5480251453781524,0.6271217957261386,0.4936767175314391,0.34249436170531594,0
78,34,0.3174812905685779,0.46994318806596025,0.5706418166579648,0.5935980753925001,0.4566886087307351,0.47041836448787666,0.3237803722126559,0
78,35,0.3217823774532225,0.6023440078237514,0.6066159024855565,0.6424180898117693,0.5290089913820663,0.5220918844770948,0.47201451928628785,0
78,36,0.5020571239300782,0.5384073964211933,0.6328572124382709,0.6422407879709093,0.48807729108845216,0.514203714922144,0.3448622680465452,0
78,37,0.44024029970831285,0.5448081326007468,0.5751184711826866,0.6240517885339663,0.5065168085464739,0.6203550698650464,0.48901850263667973,0
78,38,0.5207125394923541,0.6329870929140998,0.6421937800231597,0.5263182862460335,0.7095705534450574,0.5746181652203305,0.42197657734830674,0
78,39,0.5114914141957607,0.6050546957722577,0.5455065125851559,0.5832595899831851,0.5411248342940065,0.5404563609732096,0.5274388660315777,0
78,40,0.5421417558094702,0.6672338050040582,0.5795759784820084,0.5344280787465366,0.5313912976582192,0.532079050984089,0.5382339892517857,0
78,41,0.5505100427304237,0.6782017251400173,0.6618539593418653,0.4837105061617781,0.6328069553854752,0.6482289724792359,0.46088213154900937,0
78,42,0.5944480436463959,0.5867447191036577,0.6768896497583569,0.6098652220865531,0.6211739942611497,0.6193799634298525,0.6851868394312282,0
78,43,0.8082538907280671,0.7539204178369118,0.6835185834467664,0.5708255685785006,0.6345005847047042,0.6315677866826217,0.6309890025874524,0
78,44,0.6242865008841809,0.7782417118396726,0.7607659827791962,0.46164133158734577,0.6795927979488364,0.6857314110240675,0.6728086521664475,0
78,45,0.7765464601203422,0.7344215297609716,0.7325407337563408,0.484830486910279,0.4295794427051203,0.6108002409580935,0.6771621884013234,0
78,46,0.7941057226093515,0.8104630379613202,0.6949079983180791,0.5075963986018747,0.5694552771320933,0.587571872110316,0.6070479657883243,0
78,47,0.7797252108622801,0.7499327187178491,0.6853433556180815,0.4799278070387121,0.7717409911996211,0.6849117742981101,0.7473219070129711,0
78,48,0.8565439635814178,0.7739436888790618,0.7237635642864051,0.6011695721445756,0.7086090094565544,0.7201281575354178,0.6705693949756648,0
78,49,0.784500507693861,0.8167566711040647,0.7831563754953023,0.5797158010464393,0.6985930351616683,0.684374019279264,0.7129716989271162,0
78,50,0.8500230882310578,0.7332501921223957,0.6958990305691585,0.5037289457284426,0.7544472886094294,0.7537170822494914,0.8109985887467327,0
79,1,0.2093602648323133,0.3921095454173181,0.48350899973416706,0.6932255026266968,0.23603287802018982,0.42754496654363944,0.2907942095187807,0
79,2,0.15832165269013315,0.3511890303667796,0.48681055011086577,0.5493238505943179,0.2152748622700659,0.42764756230894835,0.2817599114923862,0
79,3,0.2790498202519692,0.44483305701713294,0.4980002113563732,0.6255816763948822,0.3095806649245753,0.3949722825744524,0.23952009022318446,0
79,4,0.22069458422907445,0.4248252784026632,0.5643444141582663,0.576045359027457,0.15149301903972773,0.3963716320981521,0.3194920631335915,0
79,5,0.10690754698138695,0.4102134723931715,0.46830412123017096,0.5163746365494006,0.2494670800493954,0.40768636444118644,0.37679913607366994,0
79,6,0.2365035300505519,0.40473851049841514,0.46777289651593046,0.590743187127407,0.31885752330258726,0.4657894475058856,0.2211685526710864,0
79,7,0.15114550467840654,0.4612049872136503,0.39000382275674406,0.6671892745507018,0.2869014421762542,0.4371406543367255,0.27455029348941246,0
79,8,0.22007270580365307,0.33858955945681274,0.42800741998623393,0.5213145336444209,0.3440200519717988,0.5024127528816039,0.355113825672295,0
79,9,0.14668036319102917,0.3606994343736363,0.44517887587791527,0.6172584191634682,0.36424656389777615,0.501775898828641,0.2789831916043733,0
79,10,0.1632497699268824,0.4754300450285167,0.5322140098909671,0.5986612272630607,0.26447806349902747,0.39645745134416605,0.24581133250500814,0
79,11,0.3111234614605892,0.37750668620126926,0.3948289826844203,0.6301411006972932,0.2901519124427389,0.466807115551668,0.3513303448000784,0
79,12,0.2928101986107068,0.403541896580877,0.561753690208399,0.6043120678392547,0.3633494102626802,0.3186852638784476,0.3481166721665891,0
79,13,0.23607251427393935,0.4860351479389868,0.46457950169051754,0.5623992416861262,0.294681289461627,0.41644647905345755,0.2612918689929454,0
79,14,0.24390782504369915,0.44954942361922773,0.46503005745093196,0.5633598577153666,0.3188841956204095,0.4273477249388541,0.30510805126406315,0
79,15,0.2561012960277672,0.3818760148164084,0.5154477605267415,0.6016178942938061,0.3329925090280897,0.500263490936757,0.25327499980390367,0
79,16,0.21348972680150735,0.37403469780610543,0.314726224123004,0.72478104010381,0.377582614119977,0.47575785303735924,0.3073266087736321,0
79,17,0.22566727947816514,0.4749160472212633,0.5404345871467126,0.6178084773669269,0.3553356857111532,0.5170724763781239,0.3325665472622212,0
79,18,0.26720884537694173,0.46125203287481825,0.5186703101742912,0.6168738221423998,0.2980270329275545,0.4500537823217765,0.2660759326678601,0
79,19,0.22053316055176583,0.48854531066844464,0.63889602405962,0.5513405404790749,0.3707227748796005,0.43108203161039077,0.35262192059182584,0
79,20,0.23823052711312306,0.4466875261133976,0.5169744119443608,0.715348076109326,0.3323812782417754,0.4608743353278566,0.35748167360106436,0
79,21,0.24630482288739947,0.5130136967195209,0.387378143887167,0.5543638237265583,0.4288141965115495,0.4053946196178724,0.287674502711296,0
79,22,0.22551713300780554,0.47905445052886386,0.5985083349006751,0.6252989198266636,0.4612775822616207,0.38147827499006026,0.3409943853805962,0
79,23,0.31724208948448657,0.521614704009162,0.4954968034776184,0.6750313894651316,0.38139343173190093,0.48195764519370743,0.405343841099104,0
79,24,0.1792111202749757,0.5447782674270863,0.5725689053210641,0.6135752264862845,0.4062795652909737,0.3487904061532334,0.35283656011468584,0
79,25,0.2782230417585649,0.45651464453174784,0.30355688292697647,0.649397903435289,0.4363381697939158,0.471163500289267,0.3358290136228223,0
79,26,0.2878397201011863,0.4713131541944223,0.5748910341134736,0.6369657635451815,0.5449837296739374,0.4200992510589257,0.32885226974511556,0
79,27,0.2750691694724358,0.506781892922468,0.5526853410233774,0.606331289816619,0.5021748933957273,0.4837211278697023,0.27349950812425794,0
79,28,0.23664621558701232,0.5263576300626521,0.6675513029059884,0.7324383319994576,0.47345081152988133,0.4361216175822788,0.3688879172912724,0
79,29,0.407274239327815,0.525117851540666,0.5677168445764408,0.6798229517309942,0.43149655250831825,0.4052020954398773,0.24473733046632856,0
79,30,0.28319157811820916,0.4939644640546578,0.5489150890311467,0.6484331156745213,0.5186650040297263,0.3889909448158284,0.40144498550116575,0
79,31,0.32307824200865315,0.521711341241393,0.6216365968714678,0.6277491689796529,0.48970854960042876,0.5079956116011896,0.2855411919794167,0
79,32,0.28683646290460446,0.4065602961182944,0.5321798265172996,0.6004190631718851,0.4932263951936704,0.46195582854465117,0.4166674264703718,0
79,33,0.3008477355338173,0.4591368822407733,0.5494709323062663,0.6182083374254814,0.6481253774531112,0.3933236393624404,0.3194862478450839,0
79,34,0.321462883497047,0.48988366733161015,0.514284974455421,0.6737670600272566,0.5281794118667751,0.5145050157335953,0.4285727176455459,0
79,35,0.34588013300676357,0.4164969763801546,0.5734588837244242,0.6156262396923562,0.5131871749173174,0.40876893331588815,0.4225243268193383,0
79,36,0.3527259798743303,0.412005480566439,0.556350076534483,0.7282634762943296,0.6656978328983654,0.38946405710153587,0.3383730881908338,0
79,37,0.43155197848174714,0.4827836683907727,0.6344264860356896,0.6379824280499493,0.4610472498199928,0.3788098948474175,0.34554541252401494,0
79,38,0.335279962308167,0.5415186979867868,0.46152302068148165,0.6004866850652353,0.5887306354179953,0.4186416520756501,0.3756016304333587,0
79,39,0.36732101850172894,0.511325827289695,0.6102369793114127,0.6722645021480361,0.537339511807666,0.5247615860958631,0.3519075924904469,0
79,40,0.23105163530089368,0.45668219053553943,0.7261062242507139,0.6566592762038292,0.5966808131917782,0.4348052034283654,0.3292894772008325,0
79,41,0.32984287507431587,0.5923233593556771,0.6369257595359986,0.6265356722758191,0.5729427682361956,0.5153070380377901,0.3206602067245811,0
79,42,0.37396870335005755,0.5028006331927563,0.47535185236766336,0.494307149130203,0.6316320078103662,0.4527222418232357,0.40921303417537236,0
79,43,0.3386873506503354,0.47218746381086923,0.5634442982940525,0.6546243941835524,0.5704562887932665,0.4635588219613996,0.422176894573833,0
79,44,0.35587478861179944,0.5454545579074465,0.5587366033116589,0.6058230785574803,0.6970380132921771,0.530798365350654,0.5501122454478211,0
79,45,0.4767763738633391,0.5910158766969762,0.6319840894823782,0.6093710856772548,0.5754819587360305,0.5338419904266045,0.4557801944882155,0
79,46,0.4611658680648748,0.6449451509060481,0.5423281148776278,0.6009342803135541,0.6350657057513105,0.4873102716867477,0.5892115278123001,0
79,47,0.6282283250356642,0.7167595254765119,0.7715712199141244,0.4633905921448143,0.6520385687543299,0.6649826513820521,0.6497620351479603,0
79,48,0.8302283675145633,0.7018653559634725,0.7278667337072721,0.5242481299839397,0.5884931746996488,0.63894985433237,0.5425817755680407,0
79,49,0.7010913934043873,0.7943428567379092,0.6739031600118955,0.4228875179685823,0.7829395197919615,0.6459124239118655,0.6707948943783171,0
79,50,0.9043031086548395,0.831025950025134,0.7120838074859204,0.4001578668889175,0.9056380521378276,0.8077183708294161,0.8146551007251406,1
80,1,0.17488079653414706,0.34313003922448015,0.6036990993136934,0.6166915783835474,0.1418078607716892,0.4690333668435485,0.2539050840505743,0
80,2,0.16643285324969354,0.3693753284825593,0.5185971575075864,0.6303042571162861,0.29166621250752495,0.41094835590630535,0.2619173463694505,0
80,3,0.27570849733915287,0.38712711859301435,0.5252420706686802,0.5914806653158216,0.15727028827848744,0.5340618067950811,0.2607055798306298,0
80,4,0.15460610572023786,0.4372225807289861,0.4219899569383939,0.7206775148872788,0.3438446036231734,0.4538819527904972,0.29614407727036574,0
80,5,0.23159627787855525,0.4234617562236517,0.5142821549804594,0.6789022890388763,0.1899021124557051,0.5034041200538364,0.2718670619445555,0
80,6,0.25570402334060127,0.42692762483798674,0.3880330934613221,0.5911334127846148,0.12367700154695102,0.39461464565622284,0.26396783636978577,0
80,7,0.2017836903574833,0.38064761223862037,0.6024721397135439,0.7438515277573667,0.2077457343088817,0.4807628368795845,0.3175903646388294,0
80,8,0.20521496532744085,0.25940836471316175,0.5354496399212324,0.5553925401305357,0.2800356162256382,0.5597475960859283,0.38045690031237445,0
80,9,0.19793436723167443,0.47804907695556553,0.444063897511958,0.6794673660223453,0.4451519302754917,0.46637091139006637,0.36260068591414285,0
80,10,0.22411856180681639,0.4305095279937356,0.44904950446299813,0.697395688445736,0.2248923826254905,0.46904942466407734,0.3625859008428774,0
80,11,0.21952369963607832,0.4101153528154287,0.4551297888243143,0.6293838556717195,0.24398179145380455,0.3931722014666944,0.3359451448829179,0
80,12,0.24449776178615193,0.3388788115941771,0.6011602436403791,0.5930959180350439,0.43173890112475755,0.4301801564104386,0.3179888693697737,0
80,13,0.2749439366232281,0.5976283677526554,0.4963721706204735,0.6965797110796215,0.32243802305543295,0.4968896655726345,0.21720565789925408,0
80,14,0.2834247504784858,0.4130122380933647,0.5856316929086194,0.6286346061657859,0.2571274214332451,0.31843601121861165,0.40770293617870024,0
80,15,0.23932701340059143,0.4022391673333781,0.6265128677131239,0.5905933132010701,0.37366193650055596,0.4242684941982711,0.25625953414284586,0
80,16,0.32872370564390574,0.397634064277847,0.5229570053464165,0.6258205272191696,0.37070748653870184,0.5409645286170267,0.3054064852382671,0
80,17,0.2684077229307971,0.3870892648397111,0.40664868305426555,0.6280257862263618,0.38463661072494587,0.4439226228884198,0.32106467849081294,0
80,18,0.29339360026453687,0.44529295939591207,0.5620424287127506,0.6394205598955569,0.3856289797962632,0.5111390662580079,0.355409851786172,0
80,19,0.1972479081745412,0.49207484382807487,0.5095501433204135,0.6247526636308455,0.29462590814966527,0.5510936762624408,0.20568921441522708,0
80,20,0.3092315064979368,0.34673531041349387,0.6745478164423183,0.6508259291918654,0.23850101183943664,0.42687716777925844,0.3587257378600839,0
80,21,0.27111107077405955,0.31225445919681855,0.6357314432724996,0.6498921295219744,0.25504676439981405,0.46653480723337365,0.35702832376008903,0
80,22,0.2538093401589697,0.4167134336834913,0.5124252342106819,0.6412832249621645,0.44530159569383393,0.34340842589564974,0.34999859094110775,0
80,23,0.30723054720553644,0.4295572140176197,0.636186727314735,0.7006641557475046,0.38502724398371985,0.44804610056174354,0.37839201221461405,0
80,24,0.26159730267426895,0.4000900450335713,0.5575913307429337,0.552585241190373,0.2993001503970381,0.4125812029914231,0.3632581808562125,0
80,25,0.270535245011692,0.4487866777690912,0.5508881537987417,0.5810840376958886,0.381370168359719,0.4717492475328077,0.2851284194783315,0
80,26,0.29944408418188023,0.473723058103815,0.435532739549369,0.6121509887316297,0.35654865604277597,0.4221899601265028,0.38703133305967524,0
80,27,0.3966269820275342,0.4565901238794027,0.610960897594063,0.6676864825065617,0.442206783309108,0.3920173672727376,0.34494368906643025,0
80,28,0.2882025308446817,0.4705910495156961,0.44333003440479474,0.5675693591525212,0.39127612794164124,0.4464887713616286,0.3143919340929243,0
80,29,0.32714664888042855,0.44311575638317263,0.5467364400817357,0.5530581130838522,0.4112946628361153,0.5626414223454654,0.320529762450507,0
80,30,0.34107988881059936,0.4326015497338825,0.5650692830149302,0.6146279004425693,0.5029925744057816,0.4570188596369534,0.3466723868315829,0
80,31,0.21666636957647434,0.40432561408794143,0.49184335539632834,0.518429365495512,0.45023679034460823,0.43449600838783986,0.4093350085894341,0
80,32,0.3205229134439633,0.45420807366385507,0.47756029026062125,0.6734476336805465,0.5606046183810401,0.40419169996681714,0.4442027926753317,0
80,33,0.29714764720939957,0.4994396835850205,0.5921430898024105,0.6157241524893017,0.4762229154009076,0.5248176441481551,0.33463503635714864,0
80,34,0.42306285166954705,0.4115458366519738,0.522294533104828,0.681508115709532,0.5376800024915008,0.5123008794952817,0.3022557843864329,0
80,35,0.3277131436195763,0.594620848483419,0.6126564464259515,0.6186608832997974,0.5321539097951977,0.47171438771320934,0.4059507503902793,0
80,36,0.4138343451607193,0.4173636354774765,0.5719530677878661,0.570543211978064,0.5265696475486364,0.5198009371985282,0.2879827289545431,0
80,37,0.27718562844099703,0.47223087565494914,0.45823247748369056,0.6297071431154513,0.5074298060020364,0.5091561268893235,0.43762790555029973,0
80,38,0.3974562274401682,0.5579229321731662,0.49625278564109054,0.7060991339377999,0.5397836526229589,0.42428116610590594,0.39372311939286864,0
80,39,0.2860228878753731,0.43634752508461827,0.677012003141996,0.6367144913884257,0.6399076548290867,0.45377134291224763,0.3413185494795712,0
80,40,0.40837232373590443,0.5145316140739793,0.5354718344785702,0.5724404264290359,0.6276121756420767,0.4671359434661758,0.3756734892262219,0
80,41,0.3432005035317383,0.5241061417225282,0.4664491839266396,0.6248442349801405,0.6263351035304303,0.4731620638717673,0.43931131303171034,0
80,42,0.41235259542888403,0.4723372115411221,0.5647193149415668,0.6407462111345194,0.5498150158121149,0.45364469610202185,0.3610343325417139,0
80,43,0.41833005332111817,0.593011558217534,0.5301640624973675,0.7087731689136393,0.577619285409611,0.5106266231378989,0.3423860836395924,0
80,44,0.5632566917879809,0.5205919756911779,0.6970807399899758,0.5130960767670961,0.6605906974371002,0.5227570668083412,0.5456571382635185,0
80,45,0.6078802234228268,0.6822211668080524,0.6182944604529537,0.5782658041093404,0.5783290949288621,0.5513321171241475,0.6200203145144093,0
80,46,0.5737879455980627,0.7422832429570644,0.6897191113819703,0.6164921355212165,0.6967650622470989,0.616499032648521,0.46860319676488393,0
80,47,0.5780122612139272,0.7518882999231405,0.6932807726006995,0.6034611899347847,0.6991707191520713,0.6768764853893346,0.6141185137459054,0
80,48,0.7756781496943348,0.8353987806285752,0.7521525887002496,0.4609888294285377,0.6781612136431447,0.6837668672488205,0.7211206305133708,0
80,49,0.9321451367633,0.7906246346893622,0.763395273735915,0.45142225702305816,0.8012619282415103,0.6607552357235583,0.6656614139868193,0
80,50,0.9540012426401726,0.8455093584071983,0.6955418112315916,0.48151059504051147,0.8412406611655946,0.7004031714616148,0.7757984057331432,1
81,1,0.20109349290702083,0.3499824256229136,0.4763588295015545,0.7123591587169145,0.2958154817750919,0.4460389951770773,0.319021947405739,0
81,2,0.2129793427256892,0.4730709303563886,0.510739156213409,0.5757598965149754,0.2026908371357818,0.42916000328732534,0.2825466314209627,0
81,3,0.16691365420542187,0.31941061636185214,0.5107771232861346,0.6289700103500055,0.23391444411217696,0.4667607399688079,0.3237303029889571,0
81,4,0.12278835631181823,0.41436665822256274,0.5214665741031815,0.6300911818814494,0.16010874592672603,0.3664262045347263,0.2907233234987324,0
81,5,0.1355636777508324,0.37062301997535246,0.48714157922389667,0.6879396173360206,0.18029986321545244,0.4704899575279957,0.26443561546205974,0
81,6,0.1791512283023003,0.3918925749938713,0.4471272562413243,0.597783361736966,0.14740197969359742,0.4474592259900165,0.14050749848134425,0
81,7,0.19023704305812883,0.48827173970810245,0.663945397960552,0.6761462575795519,0.2253556979976891,0.538431119269771,0.23850333700777762,0
81,8,0.2556971425949745,0.44087790916370195,0.38149277103708007,0.5386784478833015,0.30507710186605197,0.38770175807346635,0.26449255520489134,0
81,9,0.27408365126438394,0.42073812019292156,0.5038654558568428,0.6741473107197979,0.24730360270151297,0.3210737416311568,0.1653235228354031,0
81,10,0.21436787504616703,0.4167999977293342,0.5726972537918256,0.6745900150804198,0.37316244006247307,0.44331322753776836,0.3197937656486165,0
81,11,0.1609538018204055,0.33999850194311165,0.5996388862902595,0.5969743857306178,0.2725371004766789,0.40831910278670025,0.24158060845343088,0
81,12,0.20329519560078713,0.38593562433194045,0.5918320774715817,0.5978953185420675,0.2160407491109829,0.5054849187872336,0.3211231337631208,0
81,13,0.22541692820338088,0.37649450954242053,0.48426603604917545,0.6820571645154115,0.42711305091323143,0.44136432493398137,0.2824405061274155,0
81,14,0.15334260197137034,0.44284852622074433,0.4924551993809524,0.6361443663656166,0.2692728731632502,0.4208669511001039,0.2850351381519099,0
81,15,0.19643466803987092,0.47301003755760745,0.466196803247816,0.6074929408071561,0.3725018928731205,0.48393500751586105,0.24671079222123238,0
81,16,0.15121143590264513,0.47706504807353567,0.6558353489890253,0.4632849112629497,0.3046431108464128,0.4555885372799591,0.32140778735068437,0
81,17,0.19942716644206693,0.40771294984174195,0.45577681269533005,0.5486879496139513,0.3084350119905498,0.41554510069718725,0.3433876192270558,0
81,18,0.16652924529781887,0.3863341848561872,0.47961601403492593,0.5861580311685068,0.3171124579057526,0.47885563918869295,0.3952022191920922,0
81,19,0.2586366414409657,0.47406183690644355,0.5429908036881906,0.7115998546475103,0.3607839063590991,0.4666948537015636,0.3355861905978579,0
81,20,0.22922387789281315,0.44432109054304125,0.5646282274583528,0.5798107940344293,0.34168520891143783,0.4142820566783671,0.31376012244200807,0
81,21,0.18676370479167376,0.47722304352762185,0.5521812384075652,0.5935147020079882,0.4675509521732618,0.48620555892426526,0.3346891044654256,0
81,22,0.21816027353556972,0.3707231178006142,0.477452717377951,0.647750930221323,0.30302448159180745,0.4134187727193682,0.3175727845940582,0
81,23,0.2507608079644479,0.5046670912791161,0.480439694534428,0.6417233556524576,0.3013895294896953,0.4356692657034424,0.3650682963960532,0
81,24,0.2403307924969677,0.4762035717027878,0.4962247736209915,0.5699117132895309,0.37308549271411384,0.4362525523654757,0.32656129904151365,0
81,25,0.1975538189869671,0.5351063072231489,0.6516411991945751,0.634172077207044,0.40432195369728624,0.42833593506760975,0.3608379306940625,0
81,26,0.21782372713328585,0.4379435244651628,0.5662920310770093,0.6241424897779643,0.3996726511682955,0.4620519761313863,0.31733653741838297,0
81,27,0.23122508491424135,0.43146653227472714,0.49189009640983156,0.6827428412961399,0.4194676837423281,0.5499680832670794,0.38153194810978314,0
81,28,0.29306192602766307,0.42696902500149686,0.6829343256477791,0.6335715841708035,0.48455404419822024,0.4607476403390621,0.36609412922994805,0
81,29,0.21629657099654825,0.4971663628816889,0.6268316077835929,0.5433440682582675,0.5586458207248992,0.5015264247767249,0.3500763301386434,0
81,30,0.3833081543417943,0.544501452475487,0.6451948873623344,0.5945015141688653,0.5137657355055828,0.5012080610643179,0.3823109659508991,0
81,31,0.37311563467873116,0.5949274032527274,0.5580821864846993,0.525564450821867,0.5932677497971462,0.578816591797825,0.4301845914687409,0
81,32,0.3615068856737657,0.4868774898970954,0.4941335130297788,0.5198291395813333,0.5091429747141274,0.4849659783023482,0.4003441755323169,0
81,33,0.4155377302206327,0.5223626296478802,0.5462007189688942,0.5650524039741,0.5783424852886274,0.5170469316802507,0.4624040818696397,0
81,34,0.5423158686448255,0.5991150229550357,0.6444688792892364,0.5176240296168148,0.5594152805000338,0.5359171558974126,0.5121428474548673,0
81,35,0.43770110304309534,0.6147398771911429,0.7497675454550249,0.6773045684262657,0.6274860805291996,0.5814429200386574,0.4650858472432152,0
81,36,0.41656489689372594,0.5915499261456353,0.7516510354985376,0.610539773035677,0.5793599147238923,0.5751420648643372,0.5010825195233086,0
81,37,0.4194719793773714,0.6501053957440589,0.5730227090307957,0.566588333823711,0.506309934421897,0.5336937065540661,0.5246825755649743,0
81,38,0.5664207487676584,0.5998942252654169,0.6692257484403668,0.48230036422617506,0.5975585490025118,0.6295615482108092,0.5406650216494368,0
81,39,0.5795633888901106,0.6660749230702399,0.6405728392676153,0.53054890826064,0.5209132923424706,0.529407351901014,0.6128858632152793,0
81,40,0.5111786344899284,0.6748006505857935,0.5581346868849719,0.49878429036527205,0.6381984558046164,0.5804999308441742,0.4864511932963175,0
81,41,0.5902861788148307,0.6335536356373195,0.6876058727955281,0.5473218814972097,0.6621356218760435,0.6017116078607891,0.6170955329503149,0
81,42,0.5543473472179281,0.67149381905655,0.7476874677661665,0.5138734140431978,0.6461431285683947,0.607454288074394,0.6001030965673396,0
81,43,0.5848351958592624,0.7464989780929054,0.7735960059328097,0.5311496916289323,0.7222286453628259,0.6186893395002111,0.6121202952882138,0
81,44,0.6966513735662587,0.735283802664725,0.7568916025102699,0.45930312686753155,0.6612399372989664,0.7037539347830355,0.706854138626265,0
81,45,0.7538326425403203,0.7396773201976182,0.6004622211277858,0.515777164332491,0.7318553960315419,0.7077544456539427,0.6515559906288535,0
81,46,0.6868832600357122,0.7485035199131589,0.5973219725985689,0.49445820808924745,0.7107856467136383,0.6751579578546657,0.6804777746123208,0
81,47,0.7291814132505227,0.7653133317626313,0.7898010028441287,0.5208138290988215,0.912140875383203,0.6757048964930933,0.738006700924372,0
81,48,0.7686180615743456,0.8885707523064424,0.8205414297363101,0.41037078525754234,0.6749962667805061,0.6977792240083345,0.7093791447660798,0
81,49,0.8186381077619593,0.7339285257190455,0.7698813889490541,0.5542333824098438,0.8029293705489666,0.7096451660924413,0.8298973093723184,0
81,50,0.8826521667742766,0.8084042047978072,0.8778187836046267,0.50503993059367,0.8593888733059158,0.7970380991469103,0.7863601612948112,1
82,1,0.2583216940407576,0.419802106011385,0.3882929210331215,0.6150332540864257,0.26108086168451666,0.4946868547183726,0.31886582530922297,0
82,2,0.1794395607704534,0.37790014525499643,0.6011168354045113,0.583575421188706,0.2815159951235875,0.391643370119716,0.31183089121509194,0
82,3,0.22607111503644192,0.34121942393372506,0.605816966699702,0.5783088603846716,0.13417121201435667,0.34288415144167605,0.28352835958337547,0
82,4,0.27179796999624584,0.38864417868437307,0.5880176347677997,0.596875028711244,0.29758891746228794,0.37797214955267955,0.2152333376904496,0
82,5,0.1865246464243649,0.34096844558346073,0.5369556525073585,0.6041410038759004,0.2535065255566658,0.4533774700358351,0.20871516420688624,0
82,6,0.18630154281052858,0.3767589995771308,0.3771512087813682,0.6592748060034833,0.152656221962867,0.3683945583690681,0.23922093986680887,0
82,7,0.24219832281844889,0.44879490257400445,0.503880135666591,0.6779462240781811,0.28575946399221436,0.38252603465563917,0.2648402764151153,0
82,8,0.31513331890890073,0.4520039310607495,0.5796842445423392,0.6479075306228806,0.29210640046424524,0.43368574337004984,0.38574246165594284,0
82,9,0.2693767859060132,0.327986478632068,0.41424980021401264,0.7289097341180542,0.31800681584708546,0.4219650744754172,0.30731622935760167,0
82,10,0.23955578480527231,0.34309316105469645,0.49532861879571843,0.6608192312620306,0.3171980619852744,0.5134559710105207,0.32073666929791456,0
82,11,0.3620951355466504,0.37656533183752894,0.5289472288959961,0.6261096927951073,0.31345392296945435,0.43780294034732276,0.31188381598852943,0
82,12,0.39751092223070095,0.4537718153184191,0.5228316510506522,0.7305120145880281,0.24368452382664868,0.4802194818322095,0.28344170336522445,0
82,13,0.2929844146272858,0.3069759112288083,0.420583499693375,0.7151863524047783,0.30187008157814293,0.538279008970137,0.3793062721334544,0
82,14,0.25993606797504887,0.5088208208025591,0.6696113953968823,0.6028039067175609,0.41828989746945283,0.4911009282092925,0.37652736490765826,0
82,15,0.24534088805943477,0.3762812705174345,0.4327013527452789,0.7346533328330865,0.3356566864260173,0.38376121950029446,0.3691213713028498,0
82,16,0.25001300935305315,0.5350005018294431,0.4324507990239269,0.63410284297818,0.3085447954685836,0.404874785250279,0.2484072587607033,0
82,17,0.24246673477200809,0.4637688954561672,0.5239095168128521,0.6012424795034034,0.3008873305587764,0.5153352980922045,0.3609840201853958,0
82,18,0.22180153238604888,0.34240054072865905,0.6084147375666781,0.6745503761018565,0.4247942177720846,0.4391855875797031,0.36710060130246636,0
82,19,0.2898720151743253,0.4214925942203194,0.4620601424439954,0.6455689329517708,0.4045528300227892,0.4262732628420543,0.31496291827187484,0
82,20,0.33652383793124785,0.3732837161223238,0.45463225623814757,0.5548552831322923,0.37108808512012326,0.46376386005827863,0.27855621278497694,0
82,21,0.373694257246453,0.46528988098486407,0.6121953073699984,0.5650896767448681,0.33551841717862685,0.4751311988798869,0.3326798642181542,0
82,22,0.375414164471772,0.4621395117784889,0.5843522480880722,0.5795449121924727,0.49879450737452186,0.4430035492279244,0.38815283839950726,0
82,23,0.31619417744270756,0.4776918015109194,0.6764784979497049,0.5936163740083659,0.41915375865990234,0.4817927630308795,0.26905799757292637,0
82,24,0.261569918366088,0.5007589945703057,0.6585484835404073,0.5646208708887706,0.3429965297431478,0.5303372987636551,0.31412866405761675,0
82,25,0.3879184842737891,0.5197350384915119,0.6053845859352516,0.5173117327178178,0.3494926857764636,0.511025404400961,0.3608945094729525,0
82,26,0.30133384009653297,0.5131492716049402,0.6485327149652754,0.6196416027583607,0.3927849196217968,0.442625347267653,0.41475327861591543,0
82,27,0.3318745211579988,0.43372552247341384,0.6189935390905322,0.7173766726204671,0.3557895808911293,0.44617841597480157,0.4079979502309605,0
82,28,0.30133246604259833,0.47205940546726494,0.5707493011378559,0.5523897590604058,0.4574477061315805,0.4775666758180975,0.32825773705565964,0
82,29,0.32638044862002524,0.4316369780087735,0.6146390907784461,0.5557642017936931,0.4775599892765166,0.452759616841757,0.3366125214273607,0
82,30,0.37424869766321334,0.4640952460529743,0.5118329953834277,0.6299091011164542,0.5300300542411901,0.5472768719269244,0.38266066538492793,0
82,31,0.4148486327914279,0.5233040593168604,0.5216429888276679,0.6920925448831213,0.49598547932336895,0.5227456960963014,0.4313879456124127,0
82,32,0.3856091202731232,0.532010410654015,0.7456347090255521,0.6943605578598282,0.5182900248575524,0.48993503831881047,0.31839797698223793,0
82,33,0.4594060466506663,0.5338472204669538,0.5789404914198056,0.6312589244697296,0.4630656130583039,0.5341804118934059,0.4428957524288201,0
82,34,0.5745452841679317,0.6044861464393716,0.5515259277305509,0.6197307172475254,0.4539366139563908,0.49964343243269504,0.5339089244929929,0
82,35,0.5319129548022705,0.6338266649059221,0.6596590329110714,0.5675151677150095,0.6077060177972762,0.4606391779548165,0.45327844036970816,0
82,36,0.5732525828272682,0.585610907200877,0.502280971847454,0.4627921713893056,0.5616535674808547,0.5334677443395943,0.460275053046871,0
82,37,0.5800679783399516,0.684356541989342,0.6468311042061577,0.6519796333478093,0.5575170214375539,0.5917982022509054,0.5924976145825148,0
82,38,0.6021908346301409,0.6179019000708702,0.6892319584835435,0.6219624130240133,0.61525072080792,0.5704235535931854,0.46903121310474205,0
82,39,0.6188075739450815,0.6658085003464783,0.666227630234163,0.6569531846928719,0.5666067110270117,0.5154020647709915,0.5060123603408657,0
82,40,0.7100186649562964,0.6065291753367015,0.5868816724119298,0.5822256770335141,0.67356706118363,0.5289728456414564,0.4936581331679833,0
82,41,0.7162994564955584,0.6959352486888892,0.6261453075279991,0.5965397345356922,0.6442844063804549,0.613324571078292,0.520665162310835,0
82,42,0.808790771350984,0.6893418654613399,0.6219635773600394,0.5240214395572749,0.6581885530455807,0.6751411076436488,0.651558599830528,0
82,43,0.802036278498576,0.7642735484722882,0.6680754322343458,0.5340472351364349,0.7013010145549488,0.6969786528432297,0.5636926952015341,0
82,44,0.7644142483658947,0.7123900411489819,0.6692243517568297,0.5997843237250465,0.7115589476834916,0.7608447726532781,0.6302581856082066,0
82,45,0.8089685363372167,0.8031085514275672,0.8149149790562816,0.5369210439387027,0.6280091262876603,0.6322386958589872,0.6850059460814047,0
82,46,0.7486762688650163,0.717186815942262,0.7831224833380909,0.44846932533588996,0.6404116729200703,0.7368790465680986,0.6859252136373097,0
82,47,0.9169243018043524,0.7399207324527154,0.6519384736531019,0.6186223161886236,0.736129773121507,0.7263069766413184,0.700558839712383,0
82,48,0.8408343675357514,0.8263581756287832,0.8089091486813659,0.5274110885386573,0.8000022316483388,0.7377110875475785,0.6828126686772211,0
82,49,0.8811159647681764,0.8655064887367115,0.7933198182264333,0.5180777426128702,0.8113805433238986,0.6235768543913114,0.724200010542143,0
82,50,0.9436354605907773,0.8728579012465911,0.7712128034059377,0.4263197994105519,0.7891889159511696,0.7355335264577983,0.7000425753714785,1
83,1,0.32673312854870873,0.33814645631150875,0.5569084307501833,0.555411574833533,0.13276349063223022,0.36082043757327237,0.312850696962581,0
83,2,0.23193822251364885,0.4180915992480716,0.506057498494885,0.6266311357800054,0.19978842892640697,0.371422646946988,0.369765355810046,0
83,3,0.33078062255440843,0.3708342556794555,0.4570650601214167,0.5951333022669371,0.2914464166411699,0.4241903964316067,0.2606404150675945,0
83,4,0.21805024071470816,0.3326304726663924,0.5154464470378558,0.5890356072724442,0.2351779942595617,0.29135701790952506,0.24579608023807784,0
83,5,0.1826531553898341,0.3288805727182287,0.5107138563624702,0.6620949149274591,0.1914970354775229,0.413893667123932,0.28104886615755875,0
83,6,0.32126699135525427,0.396452127489589,0.4975432283165362,0.64237900423778,0.16040030095992797,0.4743967147646016,0.3481305385477398,0
83,7,0.2887831097692655,0.39189602512744504,0.5716305834168106,0.5706236175724413,0.26105610046194827,0.43116317430108414,0.29626577655624164,0
83,8,0.37868292923891966,0.4053081476386524,0.5457250343679007,0.5718543536876326,0.33391528880988747,0.4053257671840935,0.45805640576312046,0
83,9,0.38024494573222944,0.46296110940247287,0.4358430717126381,0.7591669032661762,0.2252953754034535,0.4168834574818642,0.23857037220649627,0
83,10,0.2738378233900291,0.4575015345304866,0.6866819591532538,0.5892223616922033,0.12484217486706706,0.4664249072433303,0.2784844640333725,0
83,11,0.27834345696265406,0.3806454612163583,0.44669219688964235,0.6573732031798573,0.2824858002183396,0.5087853626565126,0.2980705250539099,0
83,12,0.21466597707378493,0.33426901640813206,0.577243133428421,0.5921344642686125,0.2921869482773797,0.38619030153490014,0.2569249308779324,0
83,13,0.2863303226375387,0.3707899425300664,0.5761380715637218,0.6904948083439517,0.3104700729756086,0.4883599959003976,0.2637097554494011,0
83,14,0.29896019793797074,0.38682194541774506,0.6661141006924187,0.6339664995053954,0.2905507863618546,0.4405812024671528,0.2729152806835731,0
83,15,0.2720017070996972,0.40991437848562234,0.4677078332855402,0.6950667981091402,0.28905340568895393,0.39438854793275596,0.25971398802939505,0
83,16,0.3494452716047417,0.44450835842468006,0.5739229281181025,0.6811043048676977,0.3240020143939673,0.5160119880937701,0.29025549108700466,0
83,17,0.3203535203804283,0.44142739389742486,0.5372071828874994,0.6809192805011508,0.3593726578701352,0.45945259045071746,0.3921801289262357,0
83,18,0.329985639090801,0.36591428248598046,0.789140603646949,0.5245494619081933,0.32964023890313165,0.41672163585988664,0.43220077594495754,0
83,19,0.3309666592719583,0.4112617104244329,0.45759320574611173,0.6542213211791363,0.32786201881269333,0.4569794951396218,0.3607346260984655,0
83,20,0.24936393929932976,0.4343592401736606,0.5241971421700308,0.6200556856625156,0.534128079374954,0.43933337181930704,0.20597052012276254,0
83,21,0.3101538267376755,0.432547918520325,0.48329490615052795,0.540721901831158,0.5185694623802306,0.4653146735968946,0.32498798621170805,0
83,22,0.27623980313616364,0.47732042050958395,0.4477657030438135,0.6650455077815605,0.3299302824429384,0.4743231528046744,0.4348617889450825,0
83,23,0.21364361416089894,0.45158857403273284,0.5704316413845938,0.6740590388475544,0.4954154896089833,0.5284285321454283,0.3332530080986632,0
83,24,0.2709471603455322,0.42540251269940016,0.571757136092333,0.5390811311462499,0.36038838407429097,0.4817149544047283,0.3100756439014344,0
83,25,0.2897571775875648,0.46938991515512557,0.4859686105467167,0.5058814164728787,0.48235741229744644,0.4202052754087682,0.332568489645067,0
83,26,0.36129657589025316,0.4742584455729312,0.5795465438101882,0.5870274178658929,0.43101629904362265,0.47725161483660344,0.4248601986266184,0
83,27,0.28750520461816687,0.4735946950289764,0.5316501563782553,0.50007596232719,0.3322905913970454,0.4544755191238512,0.351089946638482,0
83,28,0.3854817766900117,0.41604271154144784,0.4477663414087675,0.5704584622566786,0.4154134362520257,0.45629233775736333,0.312917993860011,0
83,29,0.21640741836447677,0.47155795793745203,0.46736849242952677,0.4996787203176785,0.4984964780407432,0.5378590517574275,0.35067707306152057,0
83,30,0.3623184822320088,0.35234249280017554,0.6102056825036445,0.6943929061066333,0.5802079507756015,0.4401190094652234,0.3012439742958837,0
83,31,0.37701820700419597,0.5143331853729803,0.5043046549098211,0.6362937450035485,0.4157960048349304,0.4631380089646739,0.34320561614381206,0
83,32,0.3831041728889755,0.36559968410711435,0.5510911202066966,0.6420902592535902,0.4595623818735605,0.4096620408282883,0.39622580381795347,0
83,33,0.38804487331668724,0.42350614361250133,0.5154269082823377,0.6773690048434506,0.5263504468589404,0.4677710580148181,0.36430480749195154,0
83,34,0.32329560213477354,0.4025651369452594,0.594242109526298,0.7118060026342031,0.5422539757316195,0.48030862077978886,0.30797379614600506,0
83,35,0.3905424067505027,0.5190073250416414,0.6283723707455843,0.7151604180226193,0.44811668896124324,0.40455115330555497,0.3784077025285956,0
83,36,0.31528747835546445,0.5446047875538875,0.4869656183423644,0.6193359720078812,0.42611445623012234,0.4735519531254063,0.4327408778131477,0
83,37,0.4259222969471624,0.48228140155342125,0.6370053163235414,0.6458048748340786,0.5066632219990824,0.49088507597639386,0.4204836756927829,0
83,38,0.3242518272964219,0.48161937091011053,0.47527693126160053,0.5458382348263081,0.5167647756963276,0.5227994514770671,0.4274575490570335,0
83,39,0.43219442916900686,0.6219277675746352,0.5400300473120868,0.6252336788682166,0.5248914918783443,0.42945970241437437,0.46987482247044304,0
83,40,0.5038291704792147,0.5340012428165826,0.6820338322864494,0.5417042614571731,0.6482963012318119,0.5591718069444107,0.35272966271879197,0
83,41,0.5660371964214391,0.6569279196875698,0.661838588458646,0.5685142070241863,0.5385919408962374,0.5634250316572078,0.45299125562023146,0
83,42,0.5496956089843719,0.6479032406335539,0.7551896169348463,0.6446896830675319,0.615496162486293,0.5107633714842862,0.5395036076047013,0
83,43,0.6569880649057693,0.6429557833967375,0.6114921259322266,0.594556491478231,0.7024284420883062,0.5879692914398835,0.5327822073564363,0
83,44,0.7821901715541812,0.6167765078043658,0.593872676249437,0.5744612305238903,0.639268956764126,0.6481494134070911,0.6226402209951873,0
83,45,0.6608483305311672,0.6463063341094732,0.7346092218691526,0.5810849961741179,0.6473258528850921,0.628435356240008,0.5453023201281333,0
83,46,0.6795332025759121,0.7261052515724469,0.7065955270586373,0.4870917961698118,0.7131187007935584,0.6911019187937238,0.5819219819732817,0
83,47,0.8161229769407873,0.7472661912152632,0.6176189078795249,0.510475755443305,0.6776381590399161,0.6503560415426262,0.6588851957816383,0
83,48,0.82592438962071,0.6904343445250845,0.7370253362169891,0.6325573727674261,0.7142807441066725,0.6576033436049618,0.681851497163629,0
83,49,0.8667885387121107,0.729311821432679,0.7006063835403761,0.5145800739696665,0.7746759362429835,0.6710037310424314,0.7141277653461577,0
83,50,0.8892938304551555,0.8292588166273572,0.7973202094470132,0.43804097683470355,0.7791565650281399,0.6662538737837966,0.7072546870107507,0
84,1,0.2486343124716286,0.39127746850428846,0.5833024111081138,0.7368765234735789,0.18367849678500364,0.4483679868613596,0.27787244847782344,0
84,2,0.28909519064827766,0.3159267821381496,0.49984813297117103,0.6470455033564532,0.16641406742944279,0.4456704061877666,0.19877725574482447,0
84,3,0.34614066028647905,0.3868704952275081,0.43632762376027606,0.5344917409406973,0.25043146367032504,0.47060082049571134,0.28499527939797215,0
84,4,0.18608633750038417,0.4066014680875842,0.45815132841752626,0.582093985384534,0.33298495620211305,0.3355195655310265,0.20701211688205456,0
84,5,0.2669661636763476,0.3770599664822299,0.527085587426118,0.6353545429310872,0.18658176127146603,0.397415082316619,0.2954778908078278,0
84,6,0.3139943979478924,0.37644180418358514,0.5338934441697036,0.6770208644256537,0.2568115562446375,0.4232585772825654,0.2838228327186014,0
84,7,0.24653275196981342,0.393293083953012,0.5427559245469112,0.5666507170483437,0.2584759701643508,0.42022816937199503,0.38709029055573974,0
84,8,0.3323599284575977,0.45680224114214557,0.474601396641442,0.7026055222320616,0.28155032158658483,0.4289667366976521,0.24006352836812983,0
84,9,0.212334768860575,0.40099079651301045,0.4740589422634016,0.5960989193224282,0.19784266284554386,0.46778017451764226,0.3330266316340542,0
84,10,0.38730510537411417,0.42381028472820165,0.587638193691816,0.6356783496585071,0.2643588195959239,0.4200940010751001,0.33794602669432344,0
84,11,0.36617540528192494,0.43092036572458225,0.5514654090872697,0.648492106559726,0.29358265509004494,0.4732235010869195,0.30082682836895114,0
84,12,0.3355148013322412,0.45196685706880646,0.5089936321660083,0.638591481130225,0.3656533811183889,0.434209495975628,0.28884979712625647,0
84,13,0.3023424402469836,0.5005445952122454,0.5069148552525369,0.6415670053732762,0.29753129757513885,0.4176884507086363,0.26983489074984424,0
84,14,0.29277739686218496,0.49008322887699124,0.5148748429200707,0.6173281575483598,0.31518910620378005,0.45815320719547614,0.3909454881936,0
84,15,0.3361222005639343,0.35056098391644097,0.6096245770357249,0.6135117391444069,0.2453052400123405,0.3772113430342554,0.3596945028546241,0
84,16,0.3397461472327152,0.4101726755484282,0.5119669073755974,0.5795692389581844,0.28682900317157045,0.41802816832804207,0.3501985084169576,0
84,17,0.35049334879162514,0.42208800823342213,0.5699871276425899,0.6448965349167575,0.32055674904384085,0.39611611751413184,0.3719826317480351,0
84,18,0.3580709622805285,0.4383546429827586,0.4963856176910876,0.6457680296175803,0.44407268831472413,0.4764755950583781,0.33326448438380896,0
84,19,0.2529183504169577,0.3837897089446249,0.49788847781332224,0.7051594021544297,0.42757026470398823,0.36078569226424495,0.3075812441979643,0
84,20,0.33820917949322704,0.48709161855181343,0.6002957658706585,0.6360805311374212,0.3544987796741744,0.4432300164797037,0.3661640000550853,0
84,21,0.2845767377918693,0.5240424658574799,0.5506839299610538,0.6692151950478836,0.4001099573260408,0.5196096846820815,0.3510840717077536,0
84,22,0.3699374193226506,0.5035387518862878,0.5352149885224305,0.49555515496304914,0.39110397177478196,0.4557025153007963,0.3349535969401327,0
84,23,0.4171825567451969,0.33115161058713133,0.5433784114499192,0.6264789034278443,0.532691194937207,0.45147822608264415,0.3620814451850237,0
84,24,0.35935312473396225,0.540547948341084,0.46058425230155053,0.5799677123050396,0.46125029003828,0.46644201832081417,0.3282385629019243,0
84,25,0.40392794498565165,0.47925448453966113,0.4900926041446852,0.6342665807796117,0.422011848530539,0.47852108522214937,0.3289461046011293,0
84,26,0.395450264524203,0.48503095887543324,0.6406709306802922,0.541026262722695,0.42977706777225494,0.4448799903356379,0.327789225331594,0
84,27,0.31211748303992287,0.47372606494647385,0.5082175392141199,0.5704154172912651,0.5288237514534895,0.5764860549550013,0.3473784993724152,0
84,28,0.3888519341665029,0.3585314729396681,0.45028822470053553,0.6448189355491382,0.36897594787703475,0.4443983072854456,0.27861862418372146,0
84,29,0.42879373812861565,0.43475756562121703,0.5450408507097264,0.5710492424712281,0.41625264001561196,0.41903146910721706,0.3946965066548868,0
84,30,0.3846390100220088,0.503945389277734,0.6207767959052978,0.640981897082745,0.4710965379573258,0.4449191884566214,0.42153854461407436,0
84,31,0.38722154319453517,0.5691340474203094,0.5930001400054385,0.6328272968240322,0.525822045498835,0.48138452477472155,0.3232608009390895,0
84,32,0.457519999685099,0.47661000709710677,0.5022390920775319,0.6008441331136216,0.42289565485942004,0.49172050925618166,0.40181619180434575,0
84,33,0.5071645087511115,0.5687159090789543,0.5393588467413559,0.6503693089943398,0.5056559387338372,0.599319614729073,0.405619863476385,0
84,34,0.5573138169300713,0.5769537729617563,0.6839708503883893,0.6113059012187133,0.6736732617806516,0.5149737813929673,0.5070787296489173,0
84,35,0.5688205398573548,0.6076283947470756,0.6688248498157024,0.6338523218713165,0.3535231729994801,0.5337479553943881,0.4458809816424921,0
84,36,0.5586612248021448,0.6406555181798921,0.6354169085441265,0.5513667860627779,0.4740859313613189,0.6265983375555864,0.4621431910197925,0
84,37,0.7083751577759543,0.5788309847520511,0.6126297267900055,0.5902943933931784,0.48027957353513706,0.4766191458804082,0.49030115808490243,0
84,38,0.6367430243060275,0.5789911924756931,0.672996812088538,0.4415060759464552,0.586873425091629,0.5934815426315682,0.5506767574806369,0
84,39,0.6256147839873601,0.6363519343366205,0.7396862376160374,0.5294864993125803,0.6642320988061807,0.6450985969312842,0.4673326814143724,0
84,40,0.6383446273808043,0.5889083072908161,0.719442158659614,0.5883993751360034,0.6358075643886656,0.5467251539107363,0.5845232131487075,0
84,41,0.7196948106493297,0.6489770035005691,0.7482462664091818,0.5327567550957351,0.6483290750793165,0.6254320375614252,0.5900827466700389,0
84,42,0.7596207255423807,0.6552893895249371,0.7135875720491136,0.6009227588797801,0.6727499735152416,0.6088186021738069,0.6224655377368572,0
84,43,0.7670947173521044,0.6587792700456188,0.7926773484766443,0.6597656158944746,0.6211277883204043,0.6785994561224816,0.7065115912040825,0
84,44,0.6937100769228453,0.8120581486201904,0.7060409126683048,0.5070123766429524,0.680658546026101,0.6336005867281974,0.8014637949955633,0
84,45,0.8465979841560779,0.8188850214304678,0.8075744491981802,0.5984865436619924,0.6667321817487771,0.6572132496962887,0.5646404040186461,0
84,46,0.86047204908725,0.8094134329078958,0.8538295699538323,0.5699513059127075,0.7709659819922083,0.6767085162103542,0.7574512418175523,0
84,47,0.944462023487502,0.830606798666244,0.7663271652260991,0.4293744406100395,0.7867826381978287,0.7092522361544517,0.7482378415029134,1
84,48,0.9403282261269481,0.8734690629335999,0.71635262495968,0.5444219503464824,0.6889902625041745,0.7319430976377869,0.7455461747180286,0
84,49,0.9493149104873363,0.7980554432041501,0.7337581167287911,0.5321975068196209,0.7661948406682207,0.6198488138430263,0.7713789848093253,0
84,50,0.9525163164878572,0.7881877090643339,0.7677316998045536,0.47407348909629154,0.8409568222037451,0.6411648035539425,0.7245310932243475,0
85,1,0.29949881499448766,0.417756089325459,0.42497470164737816,0.5942461378004972,0.1604493967553563,0.44678656619503726,0.2601214879892989,0
85,2,0.27367774274029405,0.45836292667838974,0.49069292866097475,0.6272240227003828,0.1276219274654117,0.31983811747485724,0.19274581667144286,0
85,3,0.23264531695804191,0.4251116303889884,0.49096427781083085,0.6792657102043869,0.2793359958821142,0.40807700375659944,0.23762805630213554,0
85,4,0.3233208694285633,0.3532736997547382,0.4016496246355771,0.6277914441851756,0.14674751985973866,0.43204256452774065,0.2735844578730528,0
85,5,0.2970772333714866,0.4581661301772264,0.5224383209489112,0.5684996006159885,0.18278684972265136,0.40046517133910176,0.39271374246308866,0
85,6,0.26689319159058755,0.4815297870191721,0.527422919021732,0.575080919607192,0.2978094604895209,0.4069762095706926,0.31005626284706145,0
85,7,0.23772715682817874,0.4175185783054979,0.6232032341303508,0.5824079159760391,0.34201355497936026,0.40027516009370306,0.3883034404133593,0
85,8,0.24634963163970403,0.48621278874335716,0.6214562925606546,0.6691055996061128,0.207089029888612,0.4353204618985692,0.300862432627849,0
85,9,0.3044842750431952,0.3745653451468377,0.42405874287677814,0.5227479471027359,0.3837377170816657,0.4070758363067093,0.2789247389239669,0
85,10,0.3416386532573047,0.3469874882499039,0.43171063510899876,0.6006903139542236,0.28870599107069517,0.466931762522203,0.2722202398196234,0
85,11,0.24340303001091917,0.36817095275015155,0.44033573163934403,0.5735665251447923,0.22888745301848795,0.4729452384666197,0.25855791320705296,0
85,12,0.2289649496557244,0.36247694619853804,0.5966575558929299,0.7161665347486114,0.38414007251617627,0.3632332077999831,0.2445706361406368,0
85,13,0.27132578076849795,0.3550602361330476,0.5965565903741503,0.6240431025313354,0.3511698233399435,0.32630548312960883,0.29748625648980964,0
85,14,0.25562431186085927,0.48815001835329586,0.43022714461023914,0.6132451840090555,0.42469528897941267,0.3820570493842852,0.32997385842190513,0
85,15,0.2958126090557289,0.41649759925549706,0.4626577133616644,0.6317927752567986,0.3288405904393502,0.3691852551341241,0.37399237265836516,0
85,16,0.22432663749528045,0.4018159071990435,0.4631096348325986,0.6045055441427098,0.2694529319389775,0.4647985702135031,0.3906525387246066,0
85,17,0.22622813777401715,0.3885390162284611,0.542689606685267,0.5019827793819985,0.27903307229887087,0.36142480854411185,0.32997146298219693,0
85,18,0.2389930245268438,0.47761648539291457,0.48932865424761923,0.540789629817091,0.455847730096352,0.5531922175441865,0.34739312611464246,0
85,19,0.3087559465289014,0.4319876785068012,0.5542055108873427,0.6605671050629008,0.4708004380189714,0.42046333540748015,0.33576932755569555,0
85,20,0.36044551701452643,0.562004037917381,0.6060995115204134,0.6678946346335334,0.43447246440815573,0.511371134747932,0.45272236395390203,0
85,21,0.34282216377274227,0.3155395177619727,0.600194745211152,0.6530622772611177,0.3561903817487543,0.3158984671744459,0.3338802614549821,0
85,22,0.3132870246430047,0.41612860129746204,0.4724248043041247,0.6168928752150218,0.3498874060501991,0.49126501545995777,0.3332648631363554,0
85,23,0.32887739010335865,0.4705095731913682,0.6500591512178326,0.6756883438694975,0.3530785466630145,0.5234913230656527,0.27049839121074015,0
85,24,0.36134582173000845,0.5253347730219163,0.6706230711778975,0.6964834278808092,0.4078031235093474,0.48258359460846845,0.3536202004452752,0
85,25,0.32146115513876,0.544891023307029,0.5852313113190839,0.7435620552522938,0.3600500853644815,0.4359221225456398,0.3657629247955676,0
85,26,0.32500321248446384,0.49762504267244045,0.5971070645557007,0.5367246256753879,0.4792064944993921,0.5100632189021038,0.36240775316547635,0
85,27,0.3206006022322447,0.48209701171550867,0.48260067590463795,0.6750984710662674,0.4867754141088183,0.4645243338441799,0.35107200674874245,0
85,28,0.33783944163505647,0.3985256259632677,0.5146925160145231,0.6243485340517549,0.537116169767176,0.493802197375408,0.4264158985609888,0
85,29,0.32383355359455424,0.5690929061282782,0.494392226123558,0.5742243377050502,0.44469471992491905,0.5615055871799006,0.3218237907402476,0
85,30,0.36484411928436766,0.3715755588729584,0.5469025891256526,0.5868244884171504,0.5106783207977634,0.5489535119346993,0.34077258314025033,0
85,31,0.5009243047901746,0.4512134005332858,0.4651136940003997,0.6969400288671075,0.4816762733670703,0.48947073385533957,0.49027054281479815,0
85,32,0.3950502457755842,0.443767510236316,0.5937104610957854,0.5753912088783337,0.4290523161537071,0.5252233965754199,0.3999069320096046,0
85,33,0.3750956954966409,0.5347618384882158,0.4644172603656381,0.6165061989594595,0.5945162681851145,0.535267300460299,0.3889194593870843,0
85,34,0.40182551207298134,0.5499760974636807,0.5696157713918246,0.5347817725808401,0.566280145014812,0.41634535107112797,0.38149031372481723,0
85,35,0.4689544198987482,0.6269192543590525,0.6564172384961339,0.5977472952008323,0.547061273450101,0.5279359626441867,0.5300674379741132,0
85,36,0.562563175827824,0.5553331488986637,0.6499521794236062,0.61618084349333,0.6022804108044814,0.6210109463340424,0.41361965651709925,0
85,37,0.5505830065924788,0.5764905353345081,0.7682300151393061,0.6221146743670428,0.5479677263242867,0.6029989496556483,0.5005637429150623,0
85,38,0.5532618708035265,0.6335519683133239,0.5940194372090262,0.5836114477687212,0.6409352383615278,0.5739636511266317,0.6223869577195364,0
85,39,0.6808086315527369,0.6859290565885808,0.7548853726692072,0.6868976732997348,0.4967483513117757,0.5950010719186911,0.5386637098772289,0
85,40,0.6232771813666882,0.6287319327121702,0.5822669490910074,0.5687001396725587,0.6731837833463752,0.5703628492326365,0.5485270052444431,0
85,41,0.6232201252444048,0.6628880512029952,0.6943870589704414,0.6325836251690813,0.5603309532899933,0.6068331493869389,0.6445544509714376,0
85,42,0.7660789535273679,0.6715380220202903,0.7312794061941144,0.5383445776733427,0.6740963407935323,0.7021091491416172,0.6002721517529994,0
85,43,0.7462504642836524,0.6729752044200296,0.6824184190181711,0.533228020283862,0.5765771718718307,0.6579138181002593,0.6599366594589785,0
85,44,0.8337985759963558,0.778762937947156,0.661521476319392,0.5165879560241412,0.726325479583247,0.6677520652251551,0.6468420390654391,0
85,45,0.7655636870598675,0.7789976133930114,0.5782978305263327,0.39388754705080653,0.732316929165036,0.6348974114931862,0.6918554356341374,0
85,46,0.771236745940619,0.6851679599657877,0.7066331169007474,0.4874834221068038,0.7039070310066894,0.7017778193593807,0.7054585232693145,0
85,47,0.9045884470749211,0.8209730758135826,0.7244068036378709,0.5609720605554304,0.62740599697158,0.7413683811231415,0.7109285487088777,0
85,48,0.8606390684214478,0.8581055910718687,0.6944924210831095,0.5417787354236285,0.7875837609917925,0.7027076168442971,0.6872846287643797,0
85,49,0.8407918398882904,0.8005862691634894,0.6818463327070534,0.5086140057425534,0.6734126656060562,0.7189614320692193,0.8078530296631179,0
85,50,0.8787797941163764,0.8105046557899397,0.8301697593286809,0.5479569022414569,0.7273736365008215,0.7037717590618612,0.7760179996681564,0
86,1,0.2288536701184793,0.32163904936073995,0.6004829536099617,0.6331657529174561,0.25153757723630243,0.35534336940116285,0.21672592684230124,0
86,2,0.30328750132424864,0.3387380876392747,0.49607384442833563,0.5247666288844018,0.1759063506222862,0.4099488033992485,0.3096402619662729,0
86,3,0.32152918215722015,0.38927254635711733,0.5954071191975869,0.6619218418814757,0.27813801926194814,0.5252148139584372,0.24871927023762605,0
86,4,0.20957384707937704,0.3952895362753018,0.556806625206006,0.6876401772634873,0.21306442244520926,0.365360681869135,0.29406530087647775,0
86,5,0.23381523540092325,0.4365866350158836,0.5419940756564413,0.6700521394898125,0.22476687996632475,0.4774486871258989,0.2937174370733013,0
86,6,0.21136912649356415,0.3011032361072409,0.400125059749714,0.6329277346413992,0.19954880530664781,0.3461368286486699,0.2746312326873506,0
86,7,0.29066272762485784,0.4067564914266907,0.5069397145351849,0.587695428410223,0.3010343462503307,0.42095927107847486,0.2943833843652284,0
86,8,0.31310426068314956,0.40155673776608464,0.48990604088205203,0.5999097143044507,0.1507240118841844,0.4860448187356205,0.2665596351534402,0
86,9,0.2791886706847779,0.48298335261366326,0.5514639476493666,0.6747273870141676,0.24547533394153417,0.36832953768347265,0.3107763002563664,0
86,10,0.25731160916770746,0.35652835914036396,0.45722385663039555,0.6557415710347674,0.3217979876734674,0.425901996814708,0.3220004275882934,0
86,11,0.40564231848751253,0.433641873855662,0.4762774527193139,0.6725219975559751,0.3734111658616913,0.3966890543809598,0.23767198834742273,0
86,12,0.2544114530420142,0.4184865669266735,0.4051608945903854,0.5949051853199565,0.2955237537589798,0.453042995952407,0.34178911377058857,0
86,13,0.38111792037221665,0.4785061689350989,0.5363373426586993,0.5617707416251656,0.27647015310430334,0.36676672344411265,0.3214672402590537,0
86,14,0.3397548961246704,0.4397659147443475,0.5961792154296336,0.6844699417147583,0.26431423825674083,0.4136968336491671,0.31584807693598127,0
86,15,0.28654309050009025,0.4440629289617368,0.5153846573213993,0.6200185589101775,0.27844166876474513,0.4663221052021065,0.34066308461135314,0
86,16,0.2376478853698112,0.4931122366141,0.6479722767643685,0.6340825767987217,0.32229890366419306,0.4947139006358853,0.3451175018356567,0
86,17,0.3543129821532346,0.3937183416116643,0.47884364650544137,0.641817905405768,0.35985448477560567,0.4756639511241135,0.38386654606475884,0
86,18,0.3114568448443481,0.5318540205718616,0.4870412416798716,0.5771151349814473,0.2275407606348034,0.45028741993080046,0.3558304240511206,0
86,19,0.26125669322834033,0.4389643160313725,0.5459082291976742,0.6231264606697241,0.3053117299971501,0.4504653762540328,0.2886717626215947,0
86,20,0.35077457896304176,0.44900179315369904,0.5734326681984401,0.5879327225819312,0.4175925188938422,0.499106408415968,0.41969944538786164,0
86,21,0.3395487382640721,0.375605810976146,0.5261432339532877,0.5346403136577297,0.33986744781593875,0.5471529162666844,0.2834483244374281,0
86,22,0.364567565618736,0.41354664658228735,0.5889605246093926,0.5497921982984102,0.3724451760354501,0.510594073880949,0.27109898825108436,0
86,23,0.3420744750389025,0.4138382451143084,0.5537379145500706,0.620938861652239,0.43907256829557223,0.544309761897922,0.47356054814954274,0
86,24,0.3255895459954591,0.47444594114647376,0.5221430428576445,0.5247570535266186,0.4132045716075022,0.5077058529275701,0.26916264348636976,0
86,25,0.3056116636795672,0.47361719283725706,0.7063899486911756,0.5714410303839315,0.4304729098513152,0.455288933262814,0.3299377049920478,0
86,26,0.31507239371326234,0.5947488776536963,0.5940772643096649,0.5926313517650861,0.5050149156106426,0.4692346028957104,0.3504973712738152,0
86,27,0.3294075724524244,0.3992014659371324,0.4260436637704464,0.642244388353755,0.43147506415432946,0.5016715874855233,0.3057048893556437,0
86,28,0.3843182073655256,0.4480330778754585,0.6047013663746484,0.6220076828204631,0.5646513735121887,0.49698706187464353,0.3732873878286938,0
86,29,0.3354643591043141,0.3832542822501235,0.5716649659787418,0.7364953532877161,0.3235734596457382,0.48405724793491567,0.2786405213193505,0
86,30,0.35668222617509543,0.5053426852648198,0.5627114062123492,0.702411119292831,0.5399840218669424,0.4521662942956795,0.412719644086506,0
86,31,0.3320663774990525,0.41038083277967163,0.6414374752100498,0.6019984872392151,0.3337097461288212,0.4905033014813481,0.3388991590276619,0
86,32,0.348208430553652,0.4563723770325204,0.7421437525004375,0.7197623431827632,0.5299503251561077,0.47686624301811625,0.41963806119843233,0
86,33,0.40430257487284,0.5037110949222618,0.5617841470925806,0.6764187458594219,0.4717895297142726,0.4691226652241436,0.31682813285285577,0
86,34,0.2406517206132303,0.5012283860330297,0.6056063943088198,0.68512517686159,0.4398544062058453,0.4895954461404214,0.36836445628290637,0
86,35,0.3381382349524621,0.4641852592786416,0.44725500972239196,0.576984791296648,0.5151858936963866,0.4777062888048072,0.2867058582789849,0
86,36,0.38232503430958553,0.554002170546424,0.4984491160571004,0.6494038410048624,0.49030609391651747,0.4481111793555142,0.3297214381656062,0
86,37,0.3908362746677111,0.5612672231343065,0.5196854413670936,0.5573557658330083,0.5535476666483878,0.4887273340153426,0.39812112425310076,0
86,38,0.4043637054530648,0.4891882229125563,0.6565042072166247,0.5952441699313612,0.5937864777305916,0.5677354132308134,0.4717538199888428,0
86,39,0.4892843157864347,0.6114415739922888,0.6389921895532986,0.6070364746033696,0.47662699099915395,0.4937740489020312,0.46086636145232585,0
86,40,0.5750577077104527,0.5787863807488277,0.47875773200672356,0.5540033353487649,0.5748204426860041,0.5361729814629482,0.5563143917699711,0
86,41,0.5073697753326094,0.5354579182547741,0.6135895116031089,0.587572616693466,0.668543069348567,0.6472279990539556,0.6024777925401659,0
86,42,0.6626368233050212,0.6564814349461795,0.5708449427584067,0.45872631027140015,0.6346464895759775,0.5040415498194938,0.49862702737969444,0
86,43,0.6671134891850585,0.7244977268866646,0.6630253754147852,0.5316670491958474,0.5188919842001656,0.6197853441499697,0.5705614089777096,0
86,44,0.7547471774577452,0.6261931361662558,0.6291249788732052,0.541298332310019,0.6262689943690417,0.6424710543058592,0.6202623581912079,0
86,45,0.7618252744163648,0.7052313184232494,0.6682127481386173,0.5753166593428192,0.6655816337470853,0.6353613617508423,0.650484164409818,0
86,46,0.7924056809445876,0.6967205822394478,0.8014127261187795,0.4735996269128915,0.7203518639070463,0.6267746325682779,0.7070506355221353,0
86,47,0.8171400985919648,0.8392693530641697,0.7087487212919518,0.5849015133591987,0.6674261496265401,0.6893820237132113,0.634243650452294,0
86,48,0.854938648210438,0.8307279402005483,0.6898475041701043,0.7084010202606594,0.6450747943272707,0.698847458407017,0.723189534761965,0
86,49,0.8720062908353954,0.8241551910290464,0.7122219568598775,0.6283884159766727,0.706893547748139,0.697865626447073,0.7035666499614971,0
86,50,0.8679882602808902,0.8709366676425688,0.7195693921386674,0.4601709914438065,0.7042098574590907,0.7385525204328804,0.7657503921240166,0
87,1,0.23404354555218237,0.35948256360265063,0.5065126851716184,0.6116160041670726,0.10769091319194589,0.5228392009861139,0.3113393843266682,0
87,2,0.23278370117122144,0.49781650780535225,0.5827806505650615,0.6409258408155677,0.17550148906278143,0.3952729358104667,0.19503718112408108,0
87,3,0.25257382500920844,0.4294814449136255,0.5479302196988096,0.5890781550794916,0.2600626149429392,0.4654092019894207,0.1764523130421685,0
87,4,0.3271344446426262,0.3858267736650487,0.3298726251391736,0.5712404688815412,0.12712764253181247,0.39388200659366435,0.229196700942404,0
87,5,0.2656076467322826,0.4201493750489245,0.5938361970640145,0.5860772199402036,0.24941303259471945,0.5367205911247512,0.32226406179498024,0
87,6,0.19190473769155222,0.3847712888732229,0.43939303807330865,0.7208547567971314,0.1605073611142009,0.47410694859644065,0.32465605842564793,0
87,7,0.29100227211437557,0.3952650525799263,0.418737876423803,0.6418689408570926,0.21365098217067707,0.41955321836376186,0.2729124964945827,0
87,8,0.17806174997280869,0.45064172883103404,0.5355413284678914,0.6356397235923995,0.25014636785339267,0.43376482631398894,0.26399731309363195,0
87,9,0.32659386647625793,0.4576271188332691,0.47509833448303984,0.5302301951835754,0.1789348299625046,0.4008912174624571,0.30878521764962746,0
87,10,0.2520978850313334,0.43271110236325655,0.44331468406991487,0.7104650904767402,0.2781568171587995,0.4487421365265529,0.27318980702585605,0
87,11,0.35213053987304466,0.3691332440784445,0.43950840393005125,0.5681278810938027,0.27901073053960185,0.4093299486777865,0.25656696295753784,0
87,12,0.32993894924610184,0.41370905955851983,0.5124492670812693,0.640576570415028,0.34685988644788934,0.5054613986966449,0.3232020693804462,0
87,13,0.20590527783340987,0.46079806468836343,0.4616838515770128,0.567470051647988,0.3285880525291824,0.5152762524304736,0.3501228495812864,0
87,14,0.21000242044765105,0.5025056635532628,0.5184394126680563,0.6025876276940704,0.3593100167631921,0.41719746376304584,0.2787498092105082,0
87,15,0.229693776289635,0.37263164643676316,0.43727542000262104,0.6783217887282396,0.37513046783270837,0.39986010701579777,0.3634201179339033,0
87,16,0.25009222437494083,0.37030846693393443,0.5495012968197268,0.7319228327941674,0.3448742923780799,0.49233264882978534,0.311014107015195,0
87,17,0.26237132724355794,0.31393360736151427,0.4766785362702709,0.6279356465603774,0.41795746516740695,0.4361250171683162,0.3256907676793304,0
87,18,0.35152823212166817,0.5118344760506162,0.48146289728212616,0.5290153603547463,0.25356811507892835,0.4753704263210298,0.33356104625172023,0
87,19,0.29067399191072757,0.3778837561503559,0.586044624644525,0.5970614071820608,0.3061124557873223,0.42824926502687816,0.30932623149034955,0
87,20,0.33898178544059154,0.4977066970706378,0.5431742062370299,0.608768560857902,0.3458813859364451,0.3595990053766541,0.33103931768164957,0
87,21,0.3451988427951539,0.4345639601187042,0.5858960195469303,0.5910492253949041,0.3484710521130657,0.4796395133735954,0.34848169848255056,0
87,22,0.28319294371803205,0.48666950439489604,0.5803341008346723,0.4893907915200483,0.3825527995266022,0.5015370388033804,0.2862232504389109,0
87,23,0.2845428143179236,0.4758367929448669,0.5045663056182318,0.6975767755822263,0.5176173231122515,0.35594612308175555,0.32060028436341836,0
87,24,0.3281323606536341,0.418407210831779,0.5050936159486111,0.6888855163578548,0.3362962110270134,0.37462192147401446,0.22852621990869942,0
87,25,0.3505928543565559,0.4403055963569113,0.4507328172842323,0.6700458382970376,0.5902805347927425,0.443215618794959,0.2848548053434592,0
87,26,0.2456574921784715,0.43926627433363635,0.35689031470190885,0.6018036006526779,0.3573027667345879,0.5193416426337464,0.2987928179991351,0
87,27,0.30063496808244433,0.4664682229967587,0.579755475598939,0.616792801202517,0.40413173792682827,0.4171986871634596,0.37564899400145585,0
87,28,0.39339012554961206,0.46939108639065363,0.5211823562867821,0.6359650887336447,0.4163421332600858,0.4502975926975912,0.2962138550472628,0
87,29,0.3091591149298856,0.47477344836025365,0.650219789248971,0.571747496738934,0.4532669749760366,0.3780292218827962,0.382901610115517,0
87,30,0.31754922602730457,0.4601319427756242,0.5075267109880598,0.7697616768375065,0.4722929954999984,0.47682584180862586,0.3010289625443647,0
87,31,0.3141086337973235,0.49289067255632896,0.6127633750639526,0.6137655287469117,0.438380354064109,0.3470131612047165,0.3412409871985907,0
87,32,0.2667292423555553,0.5458542966652231,0.6199936531007828,0.5102096445778713,0.4972226280867176,0.42393781198599506,0.38153969724230447,0
87,33,0.3005320613864423,0.5239519695689148,0.6101538660607018,0.7105688118988764,0.4839771199293771,0.39341690511765987,0.4118646856465358,0
87,34,0.36249542830887704,0.44121245370423257,0.47944384059193845,0.6521578562256536,0.45283082100251215,0.452201336652854,0.5137255034969255,0
87,35,0.37431641333796506,0.4478866524261481,0.50543726884667,0.6629474353730433,0.6048194298214832,0.44341823577281364,0.3481599605861505,0
87,36,0.26883360154012714,0.4156804882775338,0.47527954674398865,0.6527634893836545,0.5403196822528193,0.5272475037362768,0.2867402157503352,0
87,37,0.36466798237043524,0.44259850854960103,0.5032398218549156,0.6807650882697628,0.4998231528172548,0.4500042971350216,0.3636954729835063,0
87,38,0.3797286944964656,0.42829978013701475,0.5476318804777986,0.689742316952539,0.6699651004274927,0.4053680655808149,0.39535031240658625,0
87,39,0.34414219904028964,0.45192091202240037,0.6153063106050597,0.6622696455148689,0.7023725341758302,0.4085460343759165,0.29400450917939874,0
87,40,0.3500873074843403,0.47116010522657825,0.5771768966915728,0.5363088536798881,0.5825516129532944,0.4719869015066595,0.4376889389683086,0
87,41,0.4532985532707745,0.5370508891015177,0.6960860606309291,0.6436660933855297,0.5479218493871495,0.45966605075734596,0.3863188831051418,0
87,42,0.39330092294714913,0.5687734797824116,0.5452624678070619,0.5229945645169628,0.5343183106556767,0.5230649678679294,0.49647965218453605,0
87,43,0.40968305069706834,0.7522439701578343,0.7015912266434075,0.6432094808833211,0.7173999893824651,0.5530003105116685,0.48868630689864073,0
87,44,0.6345340389831955,0.6587957022670425,0.704902122973153,0.5020373025418347,0.6241881871218083,0.6576998300400712,0.5727990307691574,0
87,45,0.5941267697343037,0.7385932911134597,0.6947742914369989,0.5763679045106022,0.6722631144277633,0.5924582939789493,0.5435151275586904,0
87,46,0.7247981351063326,0.7069318151057132,0.732184626089655,0.587346793267133,0.7639775333713639,0.6434957619701536,0.6480532074092213,0
87,47,0.6805097135569494,0.7172827868360373,0.7437670782194068,0.5842967277042006,0.7864253141577449,0.6218948895651633,0.6553180934223883,0
87,48,0.8626975335813817,0.7808951568685792,0.7499461403660602,0.5305876888649922,0.7057686022792806,0.5965846951015057,0.6181035311694839,0
87,49,0.8377893642634618,0.8048029892380448,0.8079336113361966,0.5273945283244162,0.7182831338209307,0.6826466436832008,0.7305044311803298,0
87,50,0.9419015840162042,0.8285272114462879,0.7794345439448577,0.4619150749971959,0.8229834668633067,0.7892210110164376,0.6872971889299632,1
88,1,0.2531831727450751,0.28085221008414996,0.5547640751460505,0.6867438645661217,0.2824882963205181,0.37416889297715145,0.28105136237773953,0
88,2,0.13841620252444464,0.3641731392003019,0.42731243022584625,0.6400715799672769,0.12011312567754094,0.3738225749271318,0.2592267931568233,0
88,3,0.37666723731573254,0.412954497741811,0.4325522435692604,0.5792540118422286,0.26648348484540474,0.35689977614412327,0.34263596506534316,0
88,4,0.23512491438536928,0.316155691344613,0.5708270985430233,0.5743025305672249,0.24522153381933662,0.41774198720184424,0.21121000027683132,0
88,5,0.1844642912558005,0.37039903317181583,0.5382945614078165,0.6621475988499208,0.24390518843087147,0.3828028487277731,0.2606294312562343,0
88,6,0.14172526884430736,0.4092630089176829,0.39297473481297673,0.6245717425445287,0.16643388419973162,0.3680872788659991,0.32903078153040105,0
88,7,0.15793637231828722,0.3802601155333988,0.5295363979324266,0.5828425626391949,0.24241089473128186,0.44200362267619825,0.3004351615622096,0
88,8,0.2568936046458746,0.39643277621582285,0.6334882869483064,0.6138150330499103,0.28009836061803983,0.4441893126374212,0.284684765798372,0
88,9,0.2823668748015937,0.4367972871469425,0.6601803564133015,0.6645449240396275,0.32655675793812483,0.46848676991826393,0.2688838790553406,0
88,10,0.21279885804286597,0.4503986066529033,0.61551385882628,0.6640401663428667,0.2799838967360978,0.5178337263734276,0.28381727848519106,0
88,11,0.2792280861486037,0.48319302537271136,0.45853399103179315,0.5177123726116828,0.3012622669241027,0.47397184495654665,0.16037168075915162,0
88,12,0.20183863341898428,0.45744148809239826,0.37943092889258023,0.5315088878354359,0.34512310501323407,0.4975884760576475,0.31074293530647407,0
88,13,0.22264869495184791,0.37203161855367695,0.4996448529711178,0.5990115398656402,0.334008930473968,0.401057237545116,0.3421755275575884,0
88,14,0.3580475452891927,0.40187781677441226,0.5459879648113334,0.6563505249189239,0.3255662339752832,0.4290166804555563,0.21321198013353948,0
88,15,0.3107534174423093,0.42610920183285794,0.4692407443332801,0.519247094552631,0.36218347599437023,0.44265651390169053,0.38849756101347144,0
88,16,0.26106306009040553,0.36553465604346436,0.5973723334244794,0.6943421955562635,0.4593550142331314,0.46847123085314085,0.36106346089449887,0
88,17,0.31683377867140883,0.4366538277935857,0.5705179560501422,0.7483995830496675,0.36612076366852625,0.44500033886993945,0.3341037348178594,0
88,18,0.3040995977753436,0.4276501038897822,0.608878792870006,0.6826435982473269,0.49195609634324,0.44402300049210514,0.3412318584097006,0
88,19,0.30535813851031973,0.4958996775886539,0.41665109855285415,0.647642522774289,0.4907461571510228,0.5147473031585919,0.39182833952921026,0
88,20,0.2691894194424331,0.4045078610105058,0.48005792271072184,0.5516927130791103,0.43679651494014726,0.5214181626360007,0.3537213336077637,0
88,21,0.317251932334548,0.47303797108496504,0.3854065135277467,0.6388806131173038,0.363467609189314,0.4473919926182091,0.3458882356253037,0
88,22,0.2523979958500387,0.409902482558326,0.43381658445951665,0.5506875881355044,0.3369265209817067,0.3790458272375108,0.3636387730879067,0
88,23,0.21661974966756875,0.4297373479307588,0.45887441863246087,0.7075449592385554,0.4149748633392094,0.3786760066581873,0.3682348405872163,0
88,24,0.3014480338674373,0.5311309633845456,0.47011353874959194,0.6821087693662058,0.39142869187929535,0.45268217683554834,0.30490868964707357,0
88,25,0.2951765141370676,0.3599617700686603,0.5642654431501463,0.6268936340983138,0.33513758953338807,0.487997650934402,0.41785317568046915,0
88,26,0.28133998651821324,0.5132706348067866,0.5698276025112237,0.6118445761091126,0.48287372837105075,0.47010551720173194,0.4190250249902412,0
88,27,0.3455021026770194,0.5151030737872968,0.3718519751960907,0.6880548844676134,0.41269365243604333,0.4827973749886734,0.4334063464766006,0
88,28,0.3050025788014664,0.4600628509007841,0.4431396769156899,0.7519474283206964,0.44944900455287795,0.5414795233466212,0.3361396253642746,0
88,29,0.3785916982136518,0.41028926991043235,0.5392214847143317,0.6744081406272077,0.44821796280871024,0.4364462964159878,0.41116140434546217,0
88,30,0.41298515207665604,0.43425043450059553,0.5074478799769853,0.5917052005561466,0.5131112351188543,0.4021601095548975,0.3009831847722459,0
88,31,0.29166736318779585,0.5148180152562317,0.6067880381654482,0.5910991261192049,0.4673679972624119,0.3364133414451528,0.3377286163527425,0
88,32,0.316587492290014,0.4185744832612984,0.6475357559975589,0.5531311885256976,0.5807636128529822,0.6091956247698452,0.3577311359895873,0
88,33,0.2623318011299041,0.3901529289137105,0.4970290770063719,0.6693451937164165,0.49710464342452376,0.45687991080967305,0.3012582132859251,0
88,34,0.31719789900666645,0.4322752120871739,0.48388468621600467,0.6315163530788769,0.4627803668850894,0.46727412927649586,0.27994931014484153,0
88,35,0.36501415706753115,0.469431537183786,0.5673061870974687,0.676050096851441,0.4280713984550359,0.4723347908446744,0.3057430253130474,0
88,36,0.3436357886501123,0.48235441899662884,0.6169889120786471,0.669110589720719,0.5892025442888079,0.45058110970074206,0.4087585353235054,0
88,37,0.34161802942050684,0.4920601395442602,0.5499469626284671,0.703693176724006,0.5816129825413792,0.4550067274645176,0.35592786064526016,0
88,38,0.4307769561838505,0.5045767536484375,0.6069000588685903,0.6981878890882951,0.5315128560859412,0.4773735315273527,0.4031364156356674,0
88,39,0.4946384316906651,0.49565371391859414,0.5820746569119857,0.7257517962793271,0.44852422781951984,0.5046286927105982,0.37760246714994217,0
88,40,0.3952998754951354,0.5277637664482342,0.5965036330266079,0.6158376651706586,0.6322002155543311,0.3982695621223168,0.43616806830773885,0
88,41,0.4982876511182633,0.5766753177092052,0.5536455819512085,0.4994878922309938,0.6097186740275714,0.48537972455166417,0.4944293737185683,0
88,42,0.5820453584302253,0.6010925973052444,0.6297855187426196,0.5682962321478671,0.590521744734547,0.5440739099765804,0.5652055930754011,0
88,43,0.5609101346818267,0.6854022569365844,0.7031072086435085,0.6544579761047913,0.6295993070001875,0.5104392893662193,0.4825617567969249,0
88,44,0.6772594783288717,0.6485891508103593,0.6394899855232693,0.5884314851939477,0.6530479033301344,0.5749552099635356,0.5197089680163136,0
88,45,0.7375229975185734,0.6371925796804865,0.6515096301890799,0.5954029835227995,0.6013556576492237,0.635874257553614,0.5852907853117056,0
88,46,0.8199071411707494,0.7017590536649876,0.7333784396945368,0.4788835537647105,0.7809865397244811,0.7356154726459561,0.5583372016856301,0
88,47,0.8433421748016291,0.7241630060087275,0.7423124626142918,0.4361023424152646,0.65877877724274,0.6741291097941784,0.6358038296536911,0
88,48,0.7470767036841637,0.8090417788440842,0.636875675515131,0.6201339094348396,0.683346188794464,0.719542848037215,0.7322179124734496,0
88,49,0.8399752470100267,0.7822203848099427,0.7203550493676099,0.44060144141336305,0.7745706158976029,0.6657010737251475,0.7232297589149885,0
88,50,0.9432606526123894,0.8027808611729514,0.8374806408478866,0.5491631556141945,0.718418545681202,0.695066839957733,0.8107944369690846,1
89,1,0.14124854154578798,0.4273689580174503,0.41939378142426903,0.668296270262951,0.3251472235887215,0.44006448003845355,0.2364505825310847,0
89,2,0.24685882404537876,0.4001455212417867,0.5370685541637022,0.5720352197688656,0.17457979163121223,0.4681028483163977,0.24959688831425536,0
89,3,0.18341154424532344,0.41350980195135206,0.5788957420826915,0.7187465365249786,0.23208199650075756,0.457130858455086,0.293831317519593,0
89,4,0.1929851976532137,0.4197220737832429,0.45530540205744785,0.7388051301955508,0.09252634804667481,0.45414433172549723,0.3063774175376736,0
89,5,0.14678730234435286,0.31909271893033525,0.5504042550907465,0.7004600591095556,0.2582137497418169,0.46726348799694994,0.27009277045863,0
89,6,0.27081116836532504,0.38992262672606187,0.5926002671297103,0.5219256638358679,0.21721981883539057,0.45569580624764483,0.3907405338578645,0
89,7,0.1614322955597615,0.5022039424864546,0.5023700824264107,0.6598867324314084,0.2429345126408547,0.4369137950613945,0.2700941431779615,0
89,8,0.2762897616058748,0.49920614631922766,0.4576076720810202,0.5104985965906708,0.2544227406421213,0.5570236002870155,0.2847063443920238,0
89,9,0.16908596892034114,0.3719496514605531,0.508814541221742,0.7465816415775561,0.34701397034235526,0.32994063733710266,0.3367365393953656,0
89,10,0.1898500961909049,0.4415195202630765,0.6138904997367033,0.7009559364916056,0.3098939980614415,0.45128087258319993,0.37331060325857346,0
89,11,0.3188959310675241,0.3818009165637798,0.5358429553221662,0.5902248179703031,0.22963944206423897,0.4584795238518666,0.32042678469607483,0
89,12,0.22349489475482173,0.4974973529011262,0.6726962163106985,0.6951741542996562,0.3246445134516851,0.3549366602630803,0.34255778485085936,0
89,13,0.273294819429259,0.36675095287338394,0.58030447760639,0.7136951715645794,0.25804266205302956,0.47243286488393915,0.2732111680107815,0
89,14,0.19089361284093667,0.4088643844174118,0.4983928939204889,0.6447364967441118,0.37942149985416124,0.5004088807279289,0.28380169838718305,0
89,15,0.18701995301922966,0.4234655981401399,0.5269918597210275,0.5646477885982147,0.36854634507630046,0.4332122691890277,0.32671846000572785,0
89,16,0.22414433831926628,0.4741099136585164,0.6266014737243986,0.7028962101068926,0.3327118882247326,0.39376689107622853,0.28610341709950976,0
89,17,0.2834291086814076,0.47160428770505036,0.5354179055481327,0.5374318470709594,0.3310829410511054,0.5128129576747512,0.3546831991798409,0
89,18,0.41813113921840905,0.4532037333245244,0.37769421403589665,0.5539340028982329,0.38033333946978254,0.446136954765927,0.3182006150288889,0
89,19,0.21710640435410244,0.45809071941009893,0.6280052532003709,0.7239403191156542,0.4732390096283586,0.39880166646602294,0.32839123441535556,0
89,20,0.289526829476551,0.4378651806616697,0.5162060758404908,0.7072747573173432,0.38590270540185345,0.45420918122738,0.35266190896409066,0
89,21,0.29762596652708995,0.5222068671149401,0.44360687835524754,0.6394677413915841,0.38285723218792883,0.4343560628166179,0.3724890314146579,0
89,22,0.23754020517145147,0.5315468752229787,0.43498466449392936,0.6554156863096031,0.3445588517207083,0.41871140230198045,0.3402039751484459,0
89,23,0.12756434057549607,0.48037347807437547,0.5913832409332254,0.6103361952765157,0.39262168687032206,0.43355549532758364,0.2542267365206642,0
89,24,0.31450975853204893,0.505635035146285,0.5801780660470237,0.6427552208515652,0.4629631739198824,0.4894055116182678,0.303142261737098,0
89,25,0.26312453795259766,0.44085686177266037,0.6198143258298273,0.7144796839826618,0.2842194581637898,0.44224628714785635,0.3296281643970258,0
89,26,0.2090093974748073,0.3081210994287553,0.5990654570527778,0.6777760361512334,0.32695973036589726,0.45017991422305736,0.42410907025727,0
89,27,0.29018075317707287,0.4855981141951292,0.44326579018043577,0.5861694891769754,0.34154981792262934,0.44957341264429007,0.3106503313674485,0
89,28,0.32046943359236213,0.5322314400105776,0.7080596533949326,0.6324619910396361,0.4330057907884573,0.44046674273098413,0.3045566840635517,0
89,29,0.2675844601940798,0.4913026122053022,0.48108814334557337,0.5920353962370272,0.4869412050290679,0.4543547364286359,0.2593839280567961,0
89,30,0.2558394864195899,0.5270714758257329,0.6159777796531084,0.4830241763402592,0.5180899337301591,0.4814649793129438,0.28379785989102446,0
89,31,0.2355339432136424,0.5278689057361592,0.5043668144829471,0.5289171620111804,0.6062448742439372,0.3860835749524538,0.3202987938955677,0
89,32,0.28034475488269245,0.5081390687738198,0.5552538354864734,0.6802581726519733,0.5103150306271189,0.38115000249973885,0.3906928609551435,0
89,33,0.2754967394343075,0.5794862666260153,0.5953843679440819,0.6765036045846684,0.5555943777537954,0.44519732434526665,0.39746925715525117,0
89,34,0.31303245761644877,0.4362097439026567,0.5672073229438817,0.6485490942647253,0.5136412426684814,0.4723733215406478,0.3908790106057825,0
89,35,0.4525052481604029,0.5322898190907384,0.5441698359066812,0.49818509807535855,0.5165008190726267,0.4679365819565833,0.3825241748453091,0
89,36,0.41318162265188285,0.45614440507032306,0.634251562608968,0.5050778004853846,0.5855991892159593,0.48831290465410826,0.4412786939281162,0
89,37,0.4359440535322418,0.5722317531505978,0.6093763406088412,0.7055170951266325,0.5731035713875332,0.5397148773440562,0.42516839125280825,0
89,38,0.4263263977132149,0.6407508309257721,0.5124511634076644,0.5360471451008613,0.4775853643712224,0.5636266315531419,0.46316188091002203,0
89,39,0.46288196702354845,0.6313071082098323,0.66965523019642,0.5927078672991571,0.5928524099313431,0.5647932924966654,0.46253204109176366,0
89,40,0.5730106919111129,0.6077876712363568,0.6735152151431494,0.6663926409338735,0.5792372142432454,0.5432177039589082,0.5155636173316815,0
89,41,0.6106795578337024,0.6462917658302905,0.7999871791793914,0.5919176375649334,0.669182796701812,0.5866680901884099,0.6060804503653288,0
89,42,0.5819169880225376,0.7144672410346878,0.6631898017463498,0.5747158817915214,0.6969129638493851,0.6107491746648321,0.5717375625132407,0
89,43,0.7013677709569767,0.6736025690858582,0.6763340774092926,0.5705477931057186,0.6706337787964113,0.6697738677753649,0.5994201548389907,0
89,44,0.6700014456097294,0.7307158595097765,0.6797580376141532,0.6722550655432931,0.6482951294922965,0.6213678490853543,0.6323592716955834,0
89,45,0.7323192466164066,0.795121079281415,0.7156446415061285,0.5510561880251102,0.6712510071697012,0.6244129844725242,0.6551598217020111,0
89,46,0.8094134804548394,0.7072016592614109,0.8198618731259081,0.524524427125548,0.7095787477824208,0.6117137299306918,0.7021412862304957,0
89,47,0.8035754655503659,0.7904294148234432,0.7079620778707643,0.4027502088191747,0.8459708144745535,0.6275348746514442,0.7113928975671961,0
89,48,0.8714616756665323,0.7791590165659885,0.6908284325194939,0.555709403237793,0.6556825735875873,0.6748694027437918,0.7559789242013901,0
89,49,0.8050964841669017,0.7890442791803953,0.7808274150623854,0.3934879472990449,0.8291241152870655,0.66084736714868,0.7233072813964571,0
89,50,0.889934449825751,0.792930310480215,0.8893910116391734,0.35215871722007314,0.6960128759216805,0.6942723692799252,0.7214036600865238,1
90,1,0.17325969139377093,0.32455286664001803,0.3545367330186491,0.607092164673462,0.1668817935729323,0.4332247412116908,0.26007138611828556,0
90,2,0.18364181677611588,0.3740045779136633,0.57132780042371,0.6336901708064049,0.26447790021441375,0.48023303585483174,0.2705099788939658,0
90,3,0.23655657371726582,0.2752671998616969,0.49767628515771173,0.6065079587987422,0.2494431442186461,0.38414450744058976,0.3425723682293485,0
90,4,0.17501551234401783,0.36717950180549663,0.5924917292368194,0.4948653943996849,0.3432127988101667,0.49926852710504843,0.26215673312971866,0
90,5,0.20807086834932345,0.48564556724173186,0.574545759528378,0.7515886744775813,0.15127119740208483,0.4365672677325095,0.20679482534188587,0
90,6,0.3176490165318003,0.4290100225630683,0.5785178818969148,0.6508363176178367,0.28102770459152415,0.40228260374404523,0.2601678799938253,0
90,7,0.07224667387483905,0.4040980713027644,0.5279895015762013,0.5828467984429346,0.2551590938396766,0.4560524333220016,0.34244011845520717,0
90,8,0.17262758949596374,0.4484479717985608,0.5540305051848553,0.7006639250224337,0.3501755178353164,0.5519436582357042,0.2861617066238577,0
90,9,0.1699656413603968,0.5331026423733152,0.5462287829436572,0.6525211977656284,0.3403955372457215,0.364831835182943,0.24966224411821752,0
90,10,0.2368523550619563,0.520127696061849,0.44955600733499695,0.7124115790919376,0.2740646446693335,0.4200237991604207,0.2978078573745968,0
90,11,0.24749329285733526,0.3988528459292105,0.418867996214796,0.6039314350256326,0.32639833973918697,0.365283599808104,0.33769149980802265,0
90,12,0.3007629175491,0.4380831996821617,0.3928744548295874,0.658857200127524,0.3660302796071783,0.40197329140570537,0.30756585258057006,0
90,13,0.31972939919926757,0.4110075156397057,0.583187912471149,0.6389778574234863,0.3289656518212319,0.504723473882322,0.27222888565150627,0
90,14,0.2353256404734788,0.35105400211978643,0.6086808334821947,0.6697410305901002,0.32803276427409034,0.4265310502822254,0.31641109547711915,0
90,15,0.24021113310143355,0.39562498284331826,0.4878044298481319,0.6192725376646208,0.2790444108270281,0.4576661866051117,0.279349186715645,0
90,16,0.4008229784481285,0.5285925704786241,0.5356761528713941,0.6710609760385822,0.40525688225125256,0.4386278094406594,0.3357377876511632,0
90,17,0.3075498970447911,0.49767165135395597,0.6365343215084522,0.6359599141855251,0.48306829808526863,0.43998244451211627,0.4265465241547109,0
90,18,0.18349436102958644,0.5381904013510526,0.575026398574256,0.6511473502152895,0.340370924243532,0.4029425456250175,0.2892874162694193,0
90,19,0.24445634333557378,0.34237100110690444,0.6489631449286009,0.5948173118146206,0.44530456921394335,0.4113175967247175,0.3371421255114603,0
90,20,0.29728367269371775,0.4286019672115703,0.5676505738431401,0.6605568001396749,0.371124227445641,0.3923140853830799,0.3007716520276037,0
90,21,0.26046931552081803,0.5242190224053958,0.5971237704446284,0.5710361745618395,0.49919133770480695,0.4454585162423786,0.36821428313334265,0
90,22,0.24015454309348658,0.49909692253406757,0.473678932285626,0.6233102773387096,0.42625464487830905,0.3996531599831853,0.24832342384850786,0
90,23,0.40953550537415506,0.47274330895202105,0.5823522926794297,0.5669556675631977,0.4951804833496881,0.43336169572563904,0.3979858660760158,0
90,24,0.30155122300707654,0.4820653087801647,0.5777004590154158,0.6370034136803864,0.47415578374233297,0.4172975618283514,0.33045898147543096,0
90,25,0.2822116942275312,0.4387030088812239,0.6124408564602378,0.6702458771321376,0.3470108376991584,0.4914965765397628,0.35186688415051864,0
90,26,0.2777016178677934,0.48081504485256066,0.41343005654904097,0.5663038904052229,0.4784060699390529,0.5874718173856741,0.365963764974925,0
90,27,0.28753688779560516,0.41552878570696117,0.6306876378343002,0.62288478828937,0.5061924820556223,0.45012725137795667,0.40729802716295915,0
90,28,0.28559027498779743,0.4897794313195348,0.5260154386814699,0.6415706027135505,0.4725526413903217,0.5116416680034493,0.3838763193397316,0
90,29,0.3319395589790784,0.39774741121300394,0.4937313057260093,0.5368844562044595,0.49391611300109733,0.481290695874816,0.42466475351815314,0
90,30,0.2599813037839056,0.4747000405894573,0.41672050210953177,0.595506423466475,0.32917383409672685,0.478426031956985,0.3440350778534058,0
90,31,0.24858716677794485,0.43715717302948653,0.5980831473622252,0.5338358046287888,0.5093412613855979,0.42283889865231866,0.27654987106658213,0
90,32,0.3652254143752829,0.44622660492005894,0.5127507573125976,0.604947522078466,0.4393960819083929,0.43310763234313804,0.38570304775129166,0
90,33,0.28463088663093716,0.5269552095913755,0.577502433011771,0.519665885503106,0.49553383521906347,0.45869739384694996,0.4390268994874222,0
90,34,0.32480636119538,0.5391129593721088,0.5441547953322307,0.6871613625169208,0.5120202479461622,0.5224837313061872,0.4283705177197676,0
90,35,0.2724869832773809,0.45997280387487965,0.6086578718677778,0.6736076242234789,0.5245034084283332,0.4533854435479978,0.38056943900646084,0
90,36,0.33389580269137703,0.6028516733137532,0.5368159091158589,0.6429673083935354,0.5406754560660394,0.42469764207063393,0.3342990875843373,0
90,37,0.287881637981842,0.6202202888376813,0.558886970275061,0.5784085057428084,0.6213838233588678,0.4960140281067195,0.4562521586819528,0
90,38,0.42576304841957946,0.6009739078564926,0.5379730710088974,0.6291641059782661,0.4195093076751978,0.5833502386190091,0.4222291799767854,0
90,39,0.45656869608428197,0.5276571598730254,0.5387858764966554,0.6212806707782176,0.6151001290010398,0.4928363262706775,0.5034531865362757,0
90,40,0.4805304217002234,0.5355752282074323,0.6238719680572608,0.6044049132893976,0.593968097541103,0.5245002968131482,0.5260984699360103,0
90,41,0.49890153333785925,0.6091996236150471,0.8326199820895589,0.5924520597850135,0.537991584974769,0.5472708711239703,0.4912539604569741,0
90,42,0.5907777352771608,0.6161256407399479,0.7846417693288689,0.5726079995409533,0.6031561978299955,0.5271189110915022,0.5107117290191087,0
90,43,0.6038379738019656,0.627551816196596,0.7236788797652032,0.524934071715559,0.6974120594982397,0.6297733663874816,0.6140753774672039,0
90,44,0.7510075488362561,0.6532001306581205,0.7421199493714975,0.5763871395853253,0.727296828030855,0.6277648763024013,0.6669505651767937,0
90,45,0.63910094802028,0.6910394879389773,0.6917675201837294,0.5477813580171983,0.6355983640495146,0.5897063756358552,0.6017354930919203,0
90,46,0.7128846299607308,0.7404296803619225,0.7419725514789408,0.5475123031048774,0.804103889064689,0.6968936671800621,0.6977156676471539,0
90,47,0.792052635284066,0.7561630150143457,0.7321735105079976,0.6452934244770251,0.7087967258318997,0.6067067471197257,0.7220403979028951,0
90,48,0.8109675481014108,0.6971327274397483,0.8293624475035417,0.5362944035819601,0.7108844923617795,0.7497279567801658,0.6123180770793251,0
90,49,0.8141767103774961,0.8895073116718227,0.7704018029716189,0.4631207173083658,0.8142940831461731,0.5843983943213411,0.7652950854686879,0
90,50,0.8560694944252412,0.8267161336028145,0.8312078679029721,0.6397046807236664,0.6557268232162271,0.7466902116832397,0.8763728063499335,0
91,1,0.22761733938398512,0.43404175062880634,0.5476318628408877,0.598477873940148,0.1608477822297197,0.4872064972268737,0.2438714620180264,0
91,2,0.14675025113064197,0.3663930087672712,0.6076753869888468,0.5486982771532426,0.30931508995486,0.4881409449731981,0.29646155775385774,0
91,3,0.1638170615034133,0.36612318733076155,0.6259491219680348,0.5858499290675343,0.1806240697966602,0.4336150976050008,0.2173237170100309,0
91,4,0.1866921599969111,0.5347874890146543,0.44216632746901957,0.7357960799319425,0.1675899793238826,0.43873877085781954,0.31541569999362595,0
91,5,0.23424006649370605,0.4460728267052267,0.5372157565528013,0.6096258580483229,0.20453400595671056,0.41871286608769454,0.2840956005405698,0
91,6,0.2376300032415392,0.3351338942912013,0.43766948992986177,0.6699064257978626,0.11897492646407964,0.48825160053499195,0.2676539652130219,0
91,7,0.2987308043895468,0.3918300032147937,0.4955398523442347,0.715595650747076,0.3393940555060343,0.4784370095921483,0.3554095623177627,0
91,8,0.2512848921208731,0.3722811649182472,0.4348739326685548,0.6298332649210977,0.24716944492496784,0.4228875182396844,0.27579824609328485,0
91,9,0.3294596817766106,0.42119132637106077,0.4134464496775495,0.6309182548057,0.372283387839846,0.48053637406675465,0.27746387869467787,0
91,10,0.20036624895403052,0.37888730812680604,0.469737972234775,0.531903694971962,0.26336119344656816,0.4511989288237604,0.2853001507874147,0
91,11,0.3329166884677746,0.5103832660429304,0.5128451012655344,0.6728109301056555,0.28900121633982023,0.4110063026121019,0.2527587299710673,0
91,12,0.30963914121793634,0.3574790045505997,0.49910344523121236,0.5998795051513208,0.3228127328329959,0.4499382847110955,0.3380617789212771,0
91,13,0.2154952368525969,0.3775273766044567,0.5381155882973927,0.7071634123701251,0.2292573214672904,0.45476861804685476,0.3037330706113322,0
91,14,0.29402953268878984,0.4288258405907619,0.5565265850197443,0.5805033167821779,0.3740134576348717,0.5089261765640377,0.3214080254537353,0
91,15,0.25896242339804654,0.468485331793774,0.5210693825954701,0.5480213907760287,0.39212628697414204,0.39185822040571966,0.3402247018465105,0
91,16,0.27522756650997793,0.428185197372827,0.38790527575056327,0.6399688704154735,0.277918378601547,0.4466375964526087,0.30101328497433477,0
91,17,0.2211337248591228,0.38591531817157587,0.5959688976494124,0.6701489326765521,0.48467008558113367,0.4182061829499141,0.2969967030796812,0
91,18,0.25925669557213415,0.4076718480003633,0.53260973942946,0.6622165170702355,0.23527153883558194,0.41658995914278535,0.256660351313282,0
91,19,0.30225152724402965,0.4952470913640332,0.5000378074480432,0.626376353611342,0.2700725155581449,0.40357670766114506,0.3397570984722531,0
91,20,0.3460706304258153,0.46817582039194344,0.4686792898285784,0.5310701682549813,0.3368421630381473,0.40303399842935017,0.2711501148642815,0
91,21,0.2763000220012742,0.48121303950144334,0.4838242437103112,0.6466930116691159,0.3693354399592916,0.48001583457905106,0.29527612051504265,0
91,22,0.29742659252908965,0.5153159719487037,0.574312023225347,0.6353604282654182,0.30980670312017256,0.4245375832840362,0.29718009560370096,0
91,23,0.2957953622660356,0.4618410539276396,0.5563958791579082,0.6956866331644266,0.4360129558379021,0.3908074565100891,0.3499270441867537,0
91,24,0.36172947823321566,0.44469041948224675,0.528287273634834,0.6847337935932575,0.4267150013639267,0.3736795839277158,0.2517564158410208,0
91,25,0.21653364264833522,0.4466394054640353,0.6018181882095749,0.5141235732989008,0.36010636297300835,0.39266297349168305,0.43505631511430887,0
91,26,0.2691114407450777,0.48657491284985604,0.5631643696141008,0.6031524018191801,0.3363934104427255,0.5717732008092111,0.25679931121891075,0
91,27,0.27704014176621194,0.5106030660364711,0.6024162673320388,0.561271194918218,0.39559238815184933,0.3802924302242058,0.3599400610496906,0
91,28,0.29093682203725835,0.450559789182702,0.6783492699804126,0.6761742584095785,0.5328658835143407,0.34709776676092496,0.3801596020312472,0
91,29,0.254020760837528,0.41320510724812676,0.5311094936899966,0.5394802680648787,0.4130779858175005,0.4375203474131533,0.38407596230195423,0
91,30,0.29785815728164755,0.5192167650462074,0.4245018746915115,0.6336371840332707,0.4933642227959664,0.4828414357941109,0.33293226172008,0
91,31,0.39979576625557145,0.42777522856068356,0.47140792724239655,0.6212120739278545,0.43465265647759915,0.5159401955881947,0.347341258089346,0
91,32,0.34985876056967274,0.4537894740186417,0.6291811717049148,0.5809497779279048,0.46879141181583167,0.4912579556957569,0.374531241490177,0
91,33,0.2542025173436817,0.4748678248265216,0.5019017242784563,0.6217787454171575,0.4717415746845004,0.4303216084125958,0.35239219128307975,0
91,34,0.36937050670637955,0.4995594467955742,0.7010096189072441,0.6284861575294495,0.4656241394488265,0.45928524304207174,0.39681616326801306,0
91,35,0.43764647130829665,0.4501497852984355,0.6574118836051995,0.6101799354141506,0.4664417687741433,0.4735169852591885,0.45389069987437675,0
91,36,0.3459237354091343,0.46337282957191056,0.49486873655993124,0.5619900633933419,0.5427646260820781,0.4435027068084408,0.3968895683990735,0
91,37,0.5233692603282133,0.6237236646794383,0.4688508538313735,0.6992468614173614,0.5596783100298681,0.5198161316696046,0.4947039826035713,0
91,38,0.3849978898015719,0.538176690020326,0.5822340269771703,0.5119487184639286,0.6300647063656303,0.6039700098054746,0.46768366309044346,0
91,39,0.5138206087300821,0.5963576689359636,0.6994612673986882,0.4787759691901141,0.6154603146646531,0.5487220965666589,0.4574911198735242,0
91,40,0.6419561984077723,0.5476249602717107,0.6227892284494919,0.6754162656682595,0.5261451566372064,0.5414270286011239,0.5202331162806962,0
91,41,0.5822749984213644,0.5918318230413101,0.6792711164346931,0.5645520678747871,0.6560771281292059,0.6265258800800404,0.4687586109385073,0
91,42,0.6095120970773104,0.7004605401961012,0.6958887196082347,0.6747743473551984,0.6348458327116127,0.5762812814329931,0.54237522159302,0
91,43,0.6986015960086807,0.6267290266913081,0.7306353274123003,0.5430607481376613,0.5447358948729207,0.6869665186782082,0.4241855034425543,0
91,44,0.7058473740076499,0.5890975996217291,0.7189348215921453,0.5092244890849617,0.6516771113928684,0.6958093542717404,0.6250654178387646,0
91,45,0.7215794005156924,0.8158051730403925,0.7297346901909959,0.48932717615951465,0.6533480256735018,0.5852611316829617,0.6202968460109429,0
91,46,0.7577386361090018,0.6827493565915173,0.7449413909070006,0.5117394353747334,0.7323904854698782,0.6487506498492319,0.7400988104087438,0
91,47,0.7437501509362717,0.8190800195660675,0.5878922723338756,0.5179193205054725,0.762801558318814,0.5672566545694517,0.6960203891166852,0
91,48,0.7457189874186793,0.741502943631366,0.7286684087425179,0.478823938157583,0.7972475343150367,0.6972016699598421,0.6932933713547449,0
91,49,0.8851195992175008,0.9203449466719227,0.7056664334173687,0.4789845393934073,0.6832394766116023,0.7683972032792403,0.7890443959822129,0
91,50,0.8799148767394688,0.7928073438827521,0.7479834788893277,0.5682515652161549,0.765432679227562,0.7896764828046939,0.7316390036881497,0
92,1,0.3454756982585452,0.3532242344048535,0.4062219802638064,0.6292849034231723,0.08949857992140374,0.40804693694038047,0.3337155728589561,0
92,2,0.32289449253205504,0.48238696896380306,0.5294739323411023,0.5057344388882065,0.20905579624010878,0.5190658976993996,0.26972815972632136,0
92,3,0.3649315966581755,0.3773762088892431,0.42916525711824605,0.6403936242152913,0.30323000127985733,0.3452680765168623,0.29381937433958655,0
92,4,0.3003698424439506,0.3176633593962146,0.5457565065936095,0.5786601214145619,0.30548217633950764,0.39857541381765577,0.25882138787916015,0
92,5,0.34050189247486795,0.4276050475700769,0.573782105157944,0.6593120797430118,0.26907618397786975,0.45679255799013435,0.32784155999678793,0
92,6,0.24817078202159634,0.3825090968379919,0.3959859845036605,0.6399280244847151,0.3517975700193872,0.47321706817409087,0.26524737323709574,0
92,7,0.3455964010234315,0.41985648280813065,0.4199657922274852,0.6989081355809168,0.19231458106973398,0.41146282342838975,0.3461570885649098,0
92,8,0.3357144701196041,0.416780303857334,0.5174139381999976,0.6269033163085855,0.2848351222732004,0.43493513106120213,0.25602560052533807,0
92,9,0.385255838945086,0.4655889375425632,0.5380231437673054,0.6397473705195068,0.22608870833017156,0.3106707325693043,0.29096557620934166,0
92,10,0.3481693769499582,0.48121195888586704,0.4728703006181551,0.5864782760092849,0.2296503428520268,0.43621260203038426,0.30433848381470957,0
92,11,0.3881781188815213,0.5537184903107454,0.6008901196123462,0.6133637466995253,0.29164744781016133,0.4097220393476976,0.28189135336150467,0
92,12,0.3962347396365916,0.3627235244859541,0.5448420788696867,0.686667524654014,0.2869890788063196,0.4262233092716934,0.3459991338323822,0
92,13,0.371202308615255,0.4365114377603559,0.5480011315685396,0.6033369625489169,0.24993703908278195,0.36036927624625953,0.343578071500444,0
92,14,0.3761253713369055,0.38495603542257256,0.5295810160626243,0.624718401564093,0.40274043912367585,0.48218774656878544,0.2794019762504292,0
92,15,0.31960481884525793,0.2983510064222529,0.6448165743426414,0.5975042147946187,0.3973677870593273,0.40793284737865737,0.2786325783692014,0
92,16,0.37318185836152046,0.44040732836712765,0.5604387686724559,0.5902178644146368,0.3464256243427284,0.40024144217583435,0.39506489462579925,0
92,17,0.32305086046076614,0.4130287890439867,0.6944252301628913,0.6660098808349814,0.3017852353024067,0.48490955490521637,0.3499914957365217,0
92,18,0.40254009560488635,0.4397035761081112,0.5407558409068409,0.52682435323751,0.4485859359917108,0.422824745685783,0.26493871200613645,0
92,19,0.3481466741516719,0.39933823009725533,0.5848354929970079,0.6784515872199643,0.2534480343526822,0.4208612045065491,0.3072447648656338,0
92,20,0.46026524266477115,0.40132106744557383,0.641368849708098,0.6112274235822214,0.4743036620515927,0.4324521523177874,0.31059591493099337,0
92,21,0.44316192795016374,0.45251581720572837,0.5482476741104013,0.6582018614859771,0.3362166021824325,0.46623440542484945,0.3031925964714653,0
92,22,0.4030824961481862,0.4818363239576297,0.3924471142988569,0.6624039155282383,0.38734755599295473,0.37894209552283475,0.3419489671331478,0
92,23,0.4163008211505106,0.5214985518761536,0.411460159701699,0.618201099274769,0.39710655609800666,0.3527214515427125,0.38562520028486563,0
92,24,0.4906538146257769,0.4772083711040714,0.4768700180332007,0.6508601563481405,0.49308842595109315,0.4303565070866462,0.38502070017700424,0
92,25,0.46670274255188493,0.49501939979247567,0.36189413737805187,0.6429593629676378,0.30580979902922645,0.4244457496864935,0.37894340313742747,0
92,26,0.4593800320140643,0.46078673080384963,0.5389785222065223,0.6859096869786605,0.4137442035579312,0.4551416849419965,0.35293345128515946,0
92,27,0.45816028963436073,0.4268599112270338,0.48507855668456645,0.5562991768505866,0.31449007570508936,0.531987103920027,0.3051606670653184,0
92,28,0.48164869702117363,0.4557056482125553,0.5808083096105601,0.5347644448654945,0.5359012685943612,0.4531200977530081,0.3018852824974215,0
92,29,0.4918481856091609,0.436091146351522,0.4766383866596542,0.5940158323486487,0.46372234405048296,0.468190972065899,0.37761787993845514,0
92,30,0.4433063278921885,0.45436267267818886,0.6930525645100384,0.5906935911268674,0.5511436262984938,0.43204938131928244,0.2866116352742177,0
92,31,0.4297469296306503,0.5286979495820493,0.4690285016355673,0.5673503319470454,0.502167692655484,0.46327290024982803,0.3313176356320178,0
92,32,0.43360317233586615,0.5058465725999493,0.5856224624373001,0.6215908155202295,0.4246577093671155,0.4805277310520691,0.3751914077115186,0
92,33,0.40663231485425877,0.4941215169495864,0.5473231745130234,0.5023679428626625,0.4585787710932906,0.4308561698754711,0.393764692781808,0
92,34,0.4626032078548126,0.4373905196729657,0.554275689303336,0.6139714127803944,0.5580623905109586,0.5435949849870979,0.45906200292536015,0
92,35,0.4900208719994744,0.5929478780607361,0.5538970682770865,0.6099354406619744,0.5137271070594815,0.39021319384612796,0.4768100818964571,0
92,36,0.40571558029079563,0.5903543708280096,0.5696927220047173,0.659312762144753,0.5485474047852062,0.444199704258028,0.4382510092135542,0
92,37,0.49722736315056004,0.6051070055970006,0.6310526364296059,0.6831874599743158,0.5360035675006878,0.4792103857133393,0.49258466527907646,0
92,38,0.5770174271933733,0.6094992162007391,0.6075393611545439,0.5573428079791078,0.4911736055492516,0.5894890147300588,0.46593421258202894,0
92,39,0.6509823544770688,0.6592976856464506,0.6125768823443234,0.5591368738538547,0.5245038910704293,0.5308007929328242,0.5251248397102142,0
92,40,0.6766276299682444,0.6995868234629071,0.6106129208942488,0.49447116278814074,0.5818625975286437,0.5020892229963055,0.5984889545779608,0
92,41,0.6585711498926625,0.6197183020810347,0.5717409737221437,0.6273350773840669,0.7325651059379893,0.5138064709694573,0.6076519366860184,0
92,42,0.7925239098425476,0.577508592297423,0.682977628970479,0.5355260313730018,0.6775453427461811,0.6068570938611001,0.5803128006542593,0
92,43,0.8414198913286295,0.6819402031247385,0.7404109384265284,0.5910441336719926,0.7069952130792752,0.568351366571179,0.6382697644278653,0
92,44,0.7379876765515524,0.7015579922443504,0.8532217924438324,0.52315828028159,0.6472743474058036,0.6569132827401675,0.599578695407648,0
92,45,0.8091706022859921,0.7537859722322715,0.7010012303486582,0.6571195677368715,0.6877604175701646,0.6385361205791393,0.7018051458408815,0
92,46,0.9503577413416067,0.7057315187158786,0.8015157778314479,0.6207299179139519,0.6691182897418558,0.6434699098880244,0.6685855437425366,0
92,47,0.850024262960332,0.771183136118405,0.7088158217373225,0.4575879210272714,0.6536330769678033,0.686656790835163,0.7032818232473625,0
92,48,0.9380448268810065,0.7657856953003617,0.8349630374480193,0.5138210870047455,0.7978520990777077,0.6108988524884473,0.7376049578957156,1
92,49,0.9613441125536827,0.7926795492989704,0.745405866196369,0.5578812438649235,0.6750346704493213,0.7458467124425938,0.7610960630813072,0
92,50,0.9914907037961184,0.844204119730305,0.8849922589047302,0.527546813341117,0.7067718040667611,0.704346202923227,0.7116599807527056,0
93,1,0.2070639603975474,0.4562978723741248,0.5713041379141368,0.5506843528587476,0.161140998502742,0.3744658063385068,0.15351952772233365,0
93,2,0.2448228899989567,0.38258048064916933,0.41445284138642424,0.5692911050517742,0.19826919202507912,0.46131100079746057,0.2760591019054669,0
93,3,0.20419307533924996,0.4096394490515809,0.43898816053633605,0.578849311776868,0.1516514200465054,0.4542827706685225,0.2732407435086439,0
93,4,0.23591786312580448,0.4491070637950137,0.44958026197579015,0.6488170979425917,0.2234163371293418,0.31970897653173874,0.3880483799874216,0
93,5,0.22553093309361466,0.37177044956224714,0.48731288801977696,0.6296997441601292,0.18244762091812214,0.511698235651667,0.3349073378972034,0
93,6,0.21197102607781187,0.36753906407622017,0.5817062729271986,0.6566416046960627,0.23003465527200212,0.37417389424873304,0.2168048665017258,0
93,7,0.21021393517325007,0.46748122687716875,0.5806543168001022,0.6223336583529475,0.25813281812311323,0.37219563713927145,0.3512488754054135,0
93,8,0.256524191289372,0.4696402060712754,0.47320746924584134,0.5703250579538727,0.42012234031685,0.4609234390537747,0.2868700770251212,0
93,9,0.21444729498500067,0.4296742692096079,0.4746236714081167,0.6189817697443806,0.2645557921248783,0.39500595409319034,0.3155431245447568,0
93,10,0.262259494323173,0.40077278690096385,0.3955930343968301,0.6572508854544266,0.3282558497605358,0.5466776002942598,0.30688609181781845,0
93,11,0.26098964183080947,0.46958510729675307,0.5846039537922703,0.6391271229723361,0.2970214818428741,0.47753309104804464,0.3048700346544161,0
93,12,0.16559889952088622,0.40653676035980274,0.5275978324729786,0.768321754416307,0.30079846858235726,0.4391300272784332,0.29098335755474175,0
93,13,0.25827729593804416,0.39188317193913585,0.44999776403904335,0.5958579880867952,0.26639773553351703,0.4266419514843209,0.32087398940160033,0
93,14,0.3205850864598774,0.48436973977673836,0.5063309646504973,0.5621500257986692,0.3242123746799932,0.43291408261834324,0.3132608772182774,0
93,15,0.19899033425342827,0.4307444755890644,0.49943946985278204,0.6042838788619036,0.3406376688404922,0.43753207962829066,0.32261099763837037,0
93,16,0.2730673818206774,0.395710040861741,0.4494440898217972,0.5666012562815498,0.3033986297624589,0.37800992200450984,0.2369646638175551,0
93,17,0.32237230238045217,0.46208520413950277,0.49338321709214455,0.5170138342756871,0.3645166372120677,0.3634346590231142,0.3198670327713352,0
93,18,0.1482304090676695,0.5108267051676464,0.4408937271585369,0.5986525373071487,0.3542617627262885,0.4216774665506363,0.3500290087790035,0
93,19,0.28495555437698994,0.45532524647995487,0.4339573809625661,0.6341504317097537,0.30776165898145935,0.38831796166018295,0.3439281292851106,0
93,20,0.28810702596358223,0.4610869129603038,0.4320396241814611,0.664437073376252,0.3971009835752074,0.4186681114443252,0.32520630128192224,0
93,21,0.25707958900904704,0.5503629739390744,0.6379485097529611,0.6270070113502226,0.375320750574794,0.44016632603248856,0.30456733038841366,0
93,22,0.3110374723162548,0.3797260948325188,0.5801945357042652,0.6760130643913088,0.4323306117170929,0.4443027594776344,0.3637315262768991,0
93,23,0.27735043264427695,0.4509805092373223,0.6860781432215931,0.6384346270901923,0.34656236172983673,0.4958485624842347,0.3598970950686,0
93,24,0.22866253254874072,0.4643298929456546,0.5341929321360919,0.5453450124663766,0.4106915744167804,0.4460280743474495,0.3392792758951708,0
93,25,0.19936546494132348,0.3993935685505165,0.5059138267301899,0.6995707451852732,0.567066910150904,0.4552421477907084,0.34727724909699115,0
93,26,0.3362832604339207,0.480082197668527,0.5614195080220209,0.5452272058481833,0.5527932777691484,0.532427146951678,0.3623176825749958,0
93,27,0.29721564010383056,0.5012538527889919,0.45169237345592067,0.4835774447228258,0.3668305087006871,0.41747587043119894,0.31802187331145415,0
93,28,0.28539322731014005,0.46136679118225177,0.46187731493233364,0.5437300370781946,0.4544662024180589,0.4320947480744002,0.3530282689035141,0
93,29,0.3838344483436873,0.4643773912207383,0.6733340730186449,0.6443764894526586,0.5023701986824979,0.5132542550967435,0.3913873289572337,0
93,30,0.3596128943110418,0.4492958703897164,0.5691182103770706,0.6279710725180702,0.5386457819396455,0.48165334417646294,0.2886919747254082,0
93,31,0.3508068348492201,0.44307536972433265,0.46998905649561584,0.6769561668530101,0.4178560212151488,0.5034358436257913,0.41405414290134707,0
93,32,0.27571080238327333,0.4496891307108916,0.4819783912458883,0.6337741134315794,0.5103367574901031,0.5011746067986749,0.3215337953651967,0
93,33,0.266876339796437,0.5177696164107634,0.44873384552953655,0.71406439484141,0.4657090135931676,0.49615444301108613,0.3997230750073264,0
93,34,0.36161680046890476,0.45086260353844504,0.532974846575431,0.5797866643684322,0.6028276143869142,0.40910126246041845,0.38991438902985626,0
93,35,0.378013749556697,0.5970677228135426,0.5118758317369169,0.6284035284747534,0.4918878646457463,0.520903559375393,0.3585649112404237,0
93,36,0.34154859586410696,0.6170368749381789,0.4166933063728151,0.6351119360882603,0.5308675189929638,0.483688261568055,0.41161971127677693,0
93,37,0.4103620656871619,0.5491050262028725,0.7066286715034816,0.4390652137061432,0.6588247750641237,0.6310399009175809,0.33614603079266847,0
93,38,0.5059497723955848,0.5984766618846853,0.7156346664472812,0.6198165983667119,0.442532399120518,0.5853064739376589,0.481823785099125,0
93,39,0.39866064234845094,0.5156005160257531,0.6135519379702463,0.6699856384535163,0.6776953492349674,0.5008127011293413,0.45607806500062104,0
93,40,0.4856961773860915,0.6340173791390586,0.5948709551516129,0.6109855655714528,0.545520011556962,0.5122332091478752,0.48421085170169814,0
93,41,0.5361043078200461,0.650392571316853,0.7729264926701989,0.53956969751252,0.5546920487199118,0.5716254633924447,0.4865326769724065,0
93,42,0.6424984437069405,0.6519753169270053,0.6671945412446599,0.45187014683737337,0.5954142659444337,0.5173811615886788,0.5544265051423688,0
93,43,0.6339401063926651,0.6384527027644881,0.6090920523826393,0.5484070171504204,0.6684207449691193,0.5762392684203541,0.5349296768785554,0
93,44,0.632313677226854,0.6730175292981958,0.6060273064756075,0.5257693368134847,0.7376680541687528,0.6074996878285098,0.5462075140965764,0
93,45,0.7950294781171486,0.7764659952010998,0.7169223259470592,0.6147621937731929,0.7116557433830657,0.6354664910846296,0.5724905806306702,0
93,46,0.7193330892842672,0.7242304930739655,0.713721974909092,0.5407772812156466,0.73098242087488,0.6792543779929219,0.6320068175255174,0
93,47,0.8063140643065938,0.7341004588225856,0.8264658400791932,0.5287848841110628,0.8089085481596889,0.6036932209962783,0.7199314452082772,0
93,48,0.7854115617729508,0.8362925559770539,0.7233065918274644,0.6783447104859563,0.7605816731388739,0.6555362159033982,0.7395400337994354,0
93,49,0.8967127008647864,0.8000906659172741,0.7818673579951172,0.5269059465841067,0.7507057298623387,0.7594399129640425,0.6497373728041002,0
93,50,0.8580264343429321,0.7713174543153646,0.7088534750666122,0.4703147653101655,0.748379761091859,0.7412414674792885,0.7933646631644623,0
94,1,0.1806466228546556,0.3753704317403944,0.5049012239961502,0.42362200718571186,0.28144015490779123,0.4164461667241908,0.22498020815373415,0
94,2,0.3196557025081957,0.43939605892290046,0.4577863823363179,0.5386825029361088,0.22585283246770724,0.4385204881653328,0.3134634664678745,0
94,3,0.2790645096662188,0.3988071392436254,0.5724768262019552,0.6997582169836819,0.32304142980103673,0.48932402577231177,0.37847305871347925,0
94,4,0.2593018084494062,0.47707542922233315,0.41005056863541367,0.761867889648547,0.17748587988722275,0.4699824049381775,0.3626126895418813,0
94,5,0.189851876330945,0.355602803438724,0.5329769503853337,0.6581372517041777,0.23427250336475886,0.43071676735100234,0.2195549055511334,0
94,6,0.2770727693015428,0.44503793632321603,0.6078493456533235,0.5506974003080883,0.26168092080971017,0.4422995865151834,0.28269746860909534,0
94,7,0.26620723843968436,0.41094887897987054,0.4852373578945987,0.7595325775447299,0.22323201959318922,0.46704729590405025,0.3880320278531168,0
94,8,0.3079360999972789,0.36147935354716143,0.3718955917040727,0.5728989530687366,0.23777820036423322,0.4056535842376229,0.2858178415797369,0
94,9,0.24692937198886858,0.43098101079149204,0.5993332473625789,0.6998387132771184,0.2653895434059642,0.477294395107394,0.269349991325294,0
94,10,0.33029568987531244,0.3992643992379995,0.4275265580002324,0.6699953094293201,0.24028376680895663,0.40800118787851436,0.3589111344554646,0
94,11,0.322775009360662,0.3451346311462792,0.4361689790749316,0.6438394570238276,0.3368019027625707,0.44805096800649097,0.2849130073418783,0
94,12,0.3283610053877598,0.3586113953288178,0.5256182312041319,0.536673780428973,0.2448422932383416,0.44571070505617194,0.3403616006113871,0
94,13,0.26544287329273053,0.3302491044432777,0.5202179332452773,0.5060372835014759,0.3736655495471337,0.384133235749566,0.4255094522639974,0
94,14,0.347917132878447,0.3895696230147972,0.5106278297124794,0.6310384130381147,0.37761754718356383,0.4905757640054419,0.3527659582032557,0
94,15,0.2975637530077154,0.4614397955419356,0.5001374131868769,0.6791736522932091,0.341934451484531,0.4720131249313586,0.33357377910486236,0
94,16,0.2915868420496601,0.35300427535154166,0.5948277465005377,0.7006996603436777,0.3370461244782287,0.4829550408419726,0.240134471065718,0
94,17,0.33966718458664463,0.34743663961819754,0.4201358264108544,0.6294771047844494,0.31665910528174324,0.4264662119518145,0.3038848797107853,0
94,18,0.3282933106124,0.43611480879745895,0.48801027522980595,0.5899114781918079,0.3497616036099306,0.4861880604209857,0.3220768965441279,0
94,19,0.28307660969317794,0.4859906986239046,0.48240764853106743,0.6146907977152842,0.486493462517268,0.4781907909459086,0.2219837363750748,0
94,20,0.3538517885293257,0.4604650158402513,0.5532919092835511,0.674801378711291,0.37521551379976276,0.3739215783151666,0.3481762950473826,0
94,21,0.4407988584294249,0.42649295228548123,0.5299781637063419,0.5794384551641082,0.40935004176859796,0.4721182741832161,0.3006648622641953,0
94,22,0.35695576362887543,0.4424065522758076,0.4825923724046064,0.7588632976779682,0.46896751193263825,0.48721814920593953,0.3935241965092712,0
94,23,0.3397028425898677,0.3176467397275695,0.451470929575364,0.749901529634514,0.476612065099367,0.4623159334708157,0.2609231739332488,0
94,24,0.3468672402033649,0.4872978957137669,0.4605657661247957,0.590603049932005,0.4691067724315234,0.5499906275676565,0.30947799654753,0
94,25,0.4155137552453679,0.39200407384268404,0.45683815392385263,0.6359561325527459,0.5501411267389944,0.41256068077762026,0.32651220382741336,0
94,26,0.34433360193699414,0.3692582744613457,0.5977370021455617,0.6311795020581822,0.45601192679881175,0.44931480688763853,0.4232587621433573,0
94,27,0.31771693821817615,0.5433853462940088,0.3892966360422402,0.610772114274776,0.43846954461089876,0.45207238419747287,0.2726394091378391,0
94,28,0.4230689709510099,0.532067009862412,0.5155882883925688,0.5641601768703945,0.34491253749789347,0.5062284883001906,0.4027823398003268,0
94,29,0.2575738629227444,0.47224087821129856,0.5650326730546629,0.5913603329920104,0.4590230567862137,0.44823804626768937,0.35672140599382546,0
94,30,0.3817568741790465,0.43428165556904524,0.4949602382504821,0.507986442942973,0.45946754093427594,0.5021486783395636,0.3417207553193793,0
94,31,0.4487554092175279,0.5218491202227612,0.6710207904571848,0.7554251134895313,0.48256923081769915,0.40554162165516766,0.334543074528148,0
94,32,0.46157471481960677,0.4207568650037802,0.5690694764191074,0.5724282935913992,0.47920074346661873,0.4567193298702588,0.38225930895280097,0
94,33,0.41692386636391704,0.45430832989391823,0.5111590344401085,0.6085494567258087,0.44469862809868876,0.47318244219651723,0.24523823098437797,0
94,34,0.3901690200062986,0.420367457527957,0.5276500046874908,0.6871949309703045,0.5775229612661962,0.44094308076498456,0.3945742667582476,0
94,35,0.3855615198951501,0.4925402829244423,0.6628849399016808,0.6915681847880231,0.5275357727848945,0.4234239130076203,0.4389257854026195,0
94,36,0.4607689120760771,0.4987236251343677,0.7095569494178166,0.5758973737163545,0.5864752417113173,0.4817047625638175,0.4258052281616858,0
94,37,0.3760908140315023,0.5254305255344882,0.5216154574594004,0.63174391306178,0.589479840259505,0.4795261457716412,0.3975974119327348,0
94,38,0.4506342262380184,0.5692108874078686,0.5410603015719209,0.6415188938135705,0.4854271486153072,0.49171158417401273,0.41249313717033914,0
94,39,0.6210864556560252,0.6186983753462043,0.5788221006371596,0.5611668032220294,0.6341188069880089,0.47890215242960577,0.47751909483831306,0
94,40,0.5816600121475884,0.640705396061929,0.5796523979956052,0.6409488825458484,0.7294752150939207,0.5843254583507824,0.49854569698366397,0
94,41,0.5727771827417231,0.7001536504644232,0.5878853294874862,0.7050856422363774,0.5709727605020788,0.6042350923165607,0.45112127340072694,0
94,42,0.6122097808486743,0.5758741217630886,0.7390863446059417,0.49384673740278917,0.5863956456430384,0.5455945660076564,0.6124331546301122,0
94,43,0.7676842068950565,0.6324768402971468,0.7632720505936936,0.5123009236569798,0.6017187258133735,0.5702636277513051,0.5486844565847832,0
94,44,0.7002097711087876,0.7072205727401009,0.5002421126021203,0.5661887544705708,0.5981192174131617,0.5887547053105727,0.5758869558632833,0
94,45,0.8053495058645215,0.7112228979996318,0.6469335916948348,0.5919726680223375,0.7876825997858798,0.6378502668858339,0.5545840627820745,0
94,46,0.8460552598995917,0.7212143475861672,0.6509913772134613,0.48336901315905484,0.7020007083151009,0.5795835986556943,0.6591171596652343,0
94,47,0.8335933685495783,0.7150569422852923,0.7964882511445401,0.4500331878214537,0.7233638668599968,0.7096876572761962,0.6951731171263713,0
94,48,0.8372746585621544,0.751504318659372,0.7070136311674168,0.719941808817309,0.7599682239332858,0.725075826896504,0.7462174837855096,0
94,49,0.984491340188655,0.7213847975975552,0.7727882370959371,0.540693051154171,0.80711891748437,0.6495659096825458,0.6857955921902162,0
94,50,0.9961104734912894,0.8655792398678434,0.7010137355668014,0.6223565820698191,0.77968228685655,0.7305852917332359,0.7558686514078664,1
95,1,0.338998420758029,0.33190502407316236,0.39341053521442904,0.5755964959564074,0.2422010275062212,0.39999545770999745,0.34615138459000594,0
95,2,0.30220125660521013,0.3536619297293051,0.586013710593055,0.7021491917051335,0.18411284648531123,0.44727808578739764,0.2985857456715187,0
95,3,0.315927682211773,0.4464605773062775,0.5407878938447818,0.6597831380472167,0.15084389227115674,0.4221540048050212,0.2327247987666354,0
95,4,0.3111462826289308,0.40004730423915835,0.3310086880228465,0.5571920075734386,0.2708652883861419,0.39864431354589913,0.3295921879928868,0
95,5,0.277991768956113,0.4245971660972585,0.5632930672436522,0.5806874106499792,0.2917875912935808,0.5023279506165543,0.17936528445385974,0
95,6,0.17218833957289076,0.3625902021418982,0.45509978944766377,0.6160129278783428,0.276652462281878,0.47364916729113404,0.3088010671534927,0
95,7,0.21218089605137128,0.46103294655503735,0.28049241408101705,0.7116015262249575,0.34383199965759176,0.4673027040433879,0.4096482928794511,0
95,8,0.3086772001256072,0.4175553065369286,0.5298859896188006,0.5501858045165838,0.295688450225569,0.4485911699003381,0.26632024291099127,0
95,9,0.2075806455475407,0.39363005906801884,0.5816572372942075,0.6788484093380156,0.32712209739820164,0.48061936730558397,0.3520732526739377,0
95,10,0.2938831779847907,0.47033898633842314,0.41943063041729906,0.5368808335334125,0.2035610520654103,0.3447229937459171,0.2534596879838805,0
95,11,0.3561211148463691,0.39672628750351113,0.4114540799220309,0.6299713037897934,0.2876621754550024,0.39629340374045213,0.2791718413915826,0
95,12,0.2136116063797247,0.33791152556142184,0.5518784923091089,0.5831617703238341,0.401132545173989,0.4290848397734296,0.3061813715146913,0
95,13,0.20409782868793233,0.44067930061604654,0.49520672611228733,0.681608399546529,0.2781933679020174,0.44704110584002077,0.29585178922249333,0
95,14,0.2787485300349993,0.4395155193601061,0.6451267077742185,0.6028407965151372,0.3501649653842285,0.5539233963487917,0.33589272603944387,0
95,15,0.26159268937679886,0.3688125441210163,0.5885374178237279,0.6143708386088059,0.3988110795524902,0.47157783972684436,0.34936202405489547,0
95,16,0.3237505700189154,0.4999294969946714,0.42430324281506576,0.6009713954938879,0.36526513092645574,0.4473007964122973,0.3934293554886712,0
95,17,0.32241043346323595,0.4750800772962168,0.5807002679503763,0.6224641464463442,0.33171078827067874,0.49331548265896763,0.2870460550262635,0
95,18,0.24786915825624292,0.47338378255053487,0.6150766020379959,0.563867108561088,0.35276423763893233,0.4211967118488762,0.3805663154714781,0
95,19,0.2853511642999317,0.28484124600072225,0.6110960771291177,0.6227056945921791,0.37393720870372277,0.49478568963547653,0.3111991113032136,0
95,20,0.2951204183468656,0.46645432028019806,0.5935277079550926,0.7179892229379563,0.40420354638948774,0.44076871220107505,0.3763095435364663,0
95,21,0.387475250235824,0.45516884697834276,0.5175916812316089,0.561918493341118,0.4266163970527428,0.4353691742781516,0.3298858859275234,0
95,22,0.29837187527846837,0.41877513833360214,0.5644993966291483,0.6039412184673608,0.23906762083171332,0.43004939630880673,0.2644758283042537,0
95,23,0.3739000679330067,0.36535081350924814,0.5574390543531942,0.5895667844806373,0.3649978855031193,0.40323380817638266,0.35577616560786574,0
95,24,0.24104834814930803,0.5099262067267778,0.4553615102851706,0.6433165458975534,0.34514196859903723,0.43064689137010853,0.2784599141800452,0
95,25,0.3208571048693881,0.39753406862485646,0.5620108935670882,0.6467259252242507,0.5873617720338598,0.5014347908110287,0.4038210179032531,0
95,26,0.23658256161341557,0.4427504714286009,0.6666771410497956,0.7684617703514807,0.3927478558425531,0.4270888600452185,0.3747946947806137,0
95,27,0.3295091191118843,0.49194495602052307,0.7332862597090468,0.6982744015001271,0.5551475928594056,0.36559325359592454,0.4039390738751202,0
95,28,0.42552826273731265,0.5306663266259095,0.587067037816644,0.5754264010814937,0.422970907236069,0.43905464621184564,0.3909166783789982,0
95,29,0.416307455716636,0.545940994701784,0.4872249650590036,0.6485117908331345,0.48878217089959575,0.4558488181306558,0.4024882316976834,0
95,30,0.32017794799872695,0.4608941424840511,0.5235545246070114,0.5763489695091852,0.46488068756408496,0.397153774295672,0.3816941323371186,0
95,31,0.35502939967786606,0.5179213898231928,0.5604730686058447,0.5586737085150535,0.599423908544402,0.34227853510938344,0.36111537012198347,0
95,32,0.4351904920651101,0.4839984179000243,0.7300833739517877,0.6221604032362757,0.44234950512171495,0.37928655060639205,0.418532270259225,0
95,33,0.33871540861239524,0.5372053519480975,0.626535586245905,0.583421923606049,0.4697594951863556,0.3783965789613518,0.2630244154686069,0
95,34,0.40700792146176834,0.49626049029817854,0.5675057323980042,0.5776300050711752,0.5940879618403396,0.37839894065406554,0.344975319507949,0
95,35,0.36688521958760145,0.4808975564343052,0.5196525511971432,0.6524544469728607,0.44207645817907415,0.4617997293507835,0.39259505008420276,0
95,36,0.3707451879160443,0.4943757078724801,0.4343425496862255,0.5199619854969507,0.5320357257355436,0.4399808960802266,0.34619891005109166,0
95,37,0.3246639336757572,0.3655379754093997,0.6751920148567533,0.6925906087813559,0.6048301688582219,0.41576262120896196,0.37232905587538,0
95,38,0.4139935767233183,0.49568516655375094,0.49962178302738824,0.6416257403130448,0.5350468562378519,0.577192156039757,0.4102318562808924,0
95,39,0.3692709421393897,0.6447533418743276,0.5658388392155744,0.6172576316609732,0.5687266063103557,0.5811302622999368,0.3403401946824477,0
95,40,0.5657815714711774,0.5671651042602545,0.6357871720255799,0.5720499064447128,0.48459923601795973,0.5585857450953452,0.47775754932724657,0
95,41,0.5697633850883286,0.5635262021022628,0.7272715169850273,0.5862021804033596,0.6357883645643881,0.5352223059918964,0.5476825533736687,0
95,42,0.5842784602389787,0.6809964227027784,0.5180276455977793,0.5603418283666199,0.5840984041388837,0.5867797049481595,0.540704398136399,0
95,43,0.5957200177656724,0.6463127271791258,0.6771500883827151,0.5578653631530767,0.7048813860007875,0.6179435880235742,0.555608751403435,0
95,44,0.6633904119219783,0.7059048252565605,0.6508447906224546,0.5781952921482123,0.642525403985435,0.618224661285842,0.6544504230822489,0
95,45,0.652412514494785,0.6183845253512277,0.717264769580863,0.6214997689644141,0.5739324804814354,0.6153667659120469,0.7328037771916358,0
95,46,0.8863701415449146,0.6869913921227095,0.6568882493928401,0.5006800155527013,0.6143916062508038,0.5605488658155712,0.6328236003881772,0
95,47,0.7671240002913948,0.7312461850279255,0.8192824108661654,0.5925903285003581,0.6931937114187622,0.685865200056262,0.5918073904602038,0
95,48,0.842728230132289,0.7632345709574637,0.7362395571349776,0.5179837793696432,0.6474673548963464,0.7676172272983152,0.7509123050774444,0
95,49,0.8007060307782402,0.6860145930266854,0.8901578398019093,0.5067231805274901,0.7896360862915707,0.6554492661288415,0.7177457145881181,0
95,50,0.943693193450567,0.8402077089633174,0.7011556721953085,0.4526102160019523,0.7565357696058523,0.6344272305772993,0.7217033460282557,0
96,1,0.2209067527726582,0.3944057246841774,0.37088454105277646,0.6400888188201832,0.15443854813212565,0.4059882572511444,0.30639407755264864,0
96,2,0.17564260281637484,0.43529750650067883,0.5004787999970679,0.6960307237667313,0.3056978301611599,0.5031065406493626,0.2139790247466499,0
96,3,0.1730599798272433,0.4628725260607987,0.6058639665942521,0.6786830676955554,0.20152404915390393,0.451412348659311,0.2601877332191386,0
96,4,0.25091956013545935,0.30048286261136015,0.4497346019545529,0.7562515669834661,0.23079850141736832,0.4336113723971551,0.28996646704461276,0
96,5,0.26093534768166465,0.3826495182011216,0.3481935200272047,0.6671736521142504,0.34177217811301536,0.36879109728457904,0.2723575477013582,0
96,6,0.2241598325454776,0.42498585457047483,0.8124844518427092,0.6579361906366045,0.25812951941269735,0.47248552198994853,0.3344373435785245,0
96,7,0.1795078315847884,0.4378956748320006,0.5632700183005582,0.6021494200508861,0.36171175699375774,0.5020367969053062,0.33692589320376654,0
96,8,0.16538367800775494,0.4020822639394643,0.38426660293100734,0.47857447279051324,0.3108295145228167,0.48981536271179116,0.20327018191857976,0
96,9,0.27265534322630625,0.3987797680867756,0.4179040945261776,0.6998622173833786,0.19994661386385865,0.33514010386706217,0.2346776173062966,0
96,10,0.2637697975065409,0.3774876586898433,0.552935446060768,0.6399576824316369,0.15156070647639952,0.4598783733956877,0.36506164943976516,0
96,11,0.2689842473492209,0.5132937394596988,0.4679126795156799,0.6100603628937423,0.31885879750042134,0.43782201615294974,0.2949857846790552,0
96,12,0.36277729238665857,0.46158288227692174,0.5139697536513383,0.5681635916931755,0.26413974523107026,0.48431085419240943,0.23153388819283277,0
96,13,0.2863407534739399,0.3548725937341588,0.5335383124339381,0.5719576402168259,0.2918607822937561,0.3626614103104798,0.30186986001604205,0
96,14,0.26153668309701805,0.38503465668476927,0.48723771457691467,0.5741480399381785,0.3280378480262585,0.4840002627494515,0.33443060668611063,0
96,15,0.27020353815157255,0.44523574277163247,0.5494880212564773,0.6890991028852123,0.2911732912242339,0.48044161446041217,0.27613450006725754,0
96,16,0.2807971777412467,0.4542586740509633,0.44950946514364454,0.5631407686136612,0.3052961876845721,0.4448221617505089,0.2747875804965156,0
96,17,0.28443838125605964,0.4670952857614006,0.5316059116391506,0.7251280696940412,0.36026878041633464,0.38288052712756504,0.3135616328187196,0
96,18,0.26049628449375073,0.5126549373564134,0.5071043546330242,0.581319882371163,0.3728924670636452,0.39988963184194704,0.37511734057180995,0
96,19,0.3160612139777557,0.4689776485552072,0.4954230561859496,0.529836823754021,0.3514635377591192,0.42152424780931297,0.22757320847106577,0
96,20,0.25161124075408403,0.3893102350909566,0.6253316713816046,0.6507163322828416,0.4378983503387033,0.4734794174889048,0.3861505328316268,0
96,21,0.3925135783699432,0.38303041006929966,0.5288582705550595,0.5585068257501933,0.46350209373107354,0.47038966412626637,0.39393475634385966,0
96,22,0.2902080735287663,0.3580025106128359,0.5604893955951246,0.5943118516264969,0.44333521174477386,0.4523827349006776,0.23069073093186326,0
96,23,0.32805068436700013,0.4730860995417202,0.3816600453665988,0.6149913289287765,0.34595589398348514,0.3966892934637789,0.30704934206167,0
96,24,0.2922027249981682,0.35309281592164776,0.5464943025994188,0.598958183807615,0.35970286610338104,0.4382086219874245,0.3250072587702795,0
96,25,0.3187354931789554,0.46327046303809705,0.5365975006427997,0.6691816451856141,0.5200842916446617,0.45424328366077316,0.3139193438854668,0
96,26,0.3670474039147437,0.4124752772821024,0.7059282752846204,0.7867503983579843,0.42121824406150304,0.37314993306982075,0.3802892013067215,0
96,27,0.27271620056276946,0.5551026117766463,0.41376980500434524,0.5327479360521545,0.46153781811455946,0.5086354320579416,0.34687802927363576,0
96,28,0.39715062720908223,0.5238092869218354,0.5012390131781245,0.5681926874188539,0.5152145597399429,0.4819106858097836,0.38223665537802426,0
96,29,0.37743281480495094,0.4106756981532954,0.563706900717087,0.6267062496913753,0.46812072672636734,0.49965987995443867,0.3043898190298412,0
96,30,0.35016253515976514,0.42842240899000134,0.45547270295293024,0.7333205369136688,0.4658329703622313,0.4442516218529047,0.3008162881101444,0
96,31,0.4032842129941218,0.5115250089267205,0.5453276795642209,0.6650754763835047,0.42957067265680604,0.4742807288492731,0.3578838109949471,0
96,32,0.26567195513208497,0.5666844166788627,0.6644971794735947,0.5509979969042926,0.5226416999286373,0.39045103447455304,0.36739319379143065,0
96,33,0.3742691358638632,0.46930678998530595,0.6442982361920544,0.7137928448647975,0.6047750596425421,0.5372708336893843,0.3899208817952166,0
96,34,0.44059658823591746,0.45517355302722984,0.6556674507791511,0.6487718768856251,0.562821733118732,0.3798422222645107,0.4310374488439931,0
96,35,0.4532099301614781,0.5096471392700465,0.4922101661843722,0.5150036987914246,0.5432073299684942,0.49673600240011273,0.4185612497144959,0
96,36,0.42372370505117,0.5378938490162329,0.718292905363256,0.5760113086288708,0.5532404207587458,0.5142769359751214,0.4888892267933853,0
96,37,0.5088990942568754,0.5783959188434108,0.5419573362183547,0.6090365574420824,0.6117616618378618,0.5601863507005281,0.5651639264119082,0
96,38,0.576543016810486,0.6199706222942886,0.6074647641804022,0.6501092001351626,0.597188937990007,0.49209514239787044,0.5363297814056928,0
96,39,0.5680240222639619,0.6042286198533853,0.6875546046238857,0.6405286259645844,0.5856412879061745,0.5558632438767765,0.4190427409162366,0
96,40,0.5693706650834626,0.6527175739940492,0.6407157329388387,0.5149435108180125,0.619688513626046,0.5778803708246064,0.4169788543844538,0
96,41,0.6998008396179991,0.6457566458233511,0.6850186670783024,0.5436415883199831,0.5295752136759259,0.7040072455546297,0.6040882609171427,0
96,42,0.6675764496807107,0.7344462060212475,0.576547154681933,0.5421128802021388,0.685546648184778,0.5790385886844661,0.63473561501147,0
96,43,0.7248319094565204,0.662638758559089,0.7128958164028628,0.6664790727047271,0.6669908685224425,0.6527351175648998,0.6469761179926707,0
96,44,0.7402696332798643,0.7109856831534459,0.547972113582981,0.5915488698393885,0.6158800555338404,0.6734763929652291,0.5964986276661453,0
96,45,0.7655179358432894,0.8356896330285131,0.6967523913783116,0.5346865451914733,0.7811006986484536,0.6081742533120508,0.6594978618042139,0
96,46,0.8321825944215113,0.762277457291687,0.7143656354250368,0.5823654957739244,0.7130282510949523,0.7169294533445741,0.6991947356131142,0
96,47,0.9012186686711028,0.7651169593554451,0.8105461923709762,0.5158542737454608,0.6336971939609363,0.666708548320739,0.6660648811826858,0
96,48,0.8627989777866908,0.8075093930494571,0.8162163427100781,0.6080938062122411,0.7506147131120955,0.7520088109193388,0.7159427752692283,0
96,49,0.850669127572285,0.8118250809556831,0.813038955249769,0.5010593077794581,0.8195212185002803,0.8038666208626407,0.7029862603030436,1
96,50,0.8604454082677807,0.9345469811642111,0.7671269906679941,0.49234516185855265,0.7632030513094348,0.6868436310307171,0.8450777750070726,0
97,1,0.14883112122889736,0.3560668272131589,0.4525828485702491,0.5739582146006763,0.19845768812765444,0.3656624869307554,0.36232598449698444,0
97,2,0.24009538721578713,0.4382895626544907,0.6449456229978869,0.6745929780460889,0.2031301412587385,0.36916316578692765,0.3021047318317311,0
97,3,0.23209026596672666,0.40106080471179223,0.5197439217949283,0.5078128431352996,0.23578811284243184,0.46081375048206386,0.28551584621062204,0
97,4,0.28643798344070126,0.3752050701075195,0.5373252526994433,0.6225653820846584,0.11428803952265536,0.41624066677680743,0.23885495635053816,0
97,5,0.26633120649129516,0.392119084240472,0.4449975749492678,0.634037976002376,0.39162232676834874,0.3183853397508313,0.3046402541778022,0
97,6,0.21448957345545064,0.4003654926989524,0.4855160360544931,0.6561082332964192,0.2394925864294322,0.3203062322522908,0.35958346647309614,0
97,7,0.20905579400414193,0.4106885967498381,0.5964312354098615,0.6819898307918478,0.34444215168070763,0.44852387525442244,0.3366766783012325,0
97,8,0.22582939196282256,0.43283108405083504,0.3625386906846369,0.5252095462703709,0.301999007931905,0.4638331435168626,0.2814357661012127,0
97,9,0.2288152912753668,0.4229934713344714,0.35243917532537117,0.6479371253303428,0.28294449318945425,0.44497146143700833,0.29721352827407377,0
97,10,0.19528391694763683,0.4921742859227346,0.47101626380973605,0.6684688933653481,0.22505812490453742,0.4332501984504673,0.2839658482302455,0
97,11,0.23679352958555847,0.49079608479535997,0.6525240444182497,0.6342578108448055,0.27423809740159916,0.3689386267385044,0.23869650944137377,0
97,12,0.18396390078326375,0.3991831456456125,0.5300715122678147,0.46390621320362224,0.23296433024458746,0.3698786873379488,0.2779147276032372,0
97,13,0.31238252659891885,0.3906222339168138,0.4884838172768205,0.6128251355113864,0.26866779439701105,0.45909049308414235,0.3362346984415308,0
97,14,0.2965648576706774,0.4327603256602315,0.5405138028794635,0.690775695813358,0.21882229459214114,0.3768254413409716,0.31288804261305836,0
97,15,0.25761113712108297,0.47130326566210573,0.5517647176561584,0.6247396450268794,0.3210365702053755,0.41960647905810367,0.29472599146223355,0
97,16,0.1942490478597219,0.5047557723587637,0.4739652556606115,0.6534607312582665,0.3488217812542662,0.38471802917998643,0.3862332423600526,0
97,17,0.19686054825103078,0.43052147909654354,0.5417156458337079,0.49571976126932615,0.22576731919123413,0.4021168724073856,0.258538943646896,0
97,18,0.21334096605029695,0.4306803118770543,0.46634067148251857,0.6868379813265856,0.372816216399073,0.48491566191931257,0.24238662124828558,0
97,19,0.2894044838725364,0.46204892596597885,0.4850612824168059,0.5899322069479122,0.34750764892580516,0.4317068226684174,0.43760986532535573,0
97,20,0.28818744480316666,0.3790495764248543,0.44552578268971565,0.6072075096543413,0.4478225104392361,0.4380430051967138,0.3241844326263883,0
97,21,0.202710031289036,0.46644472872416465,0.5157954896756218,0.6467618583928593,0.39827791602918694,0.40119499114520996,0.34587049347474386,0
97,22,0.3042707859906724,0.44405814023854817,0.6430419450534829,0.5679865918618373,0.31838672013788516,0.4301418644639766,0.36765429916118436,0
97,23,0.34077032131094476,0.43936922029651815,0.45686629438741594,0.5979292657510716,0.3625356173840349,0.39094472454922935,0.24286978702313256,0
97,24,0.2726196635284768,0.43282624510133594,0.5975344426011645,0.6233518613770135,0.3224349625441303,0.4872398451869582,0.41659179031393395,0
97,25,0.2609430995677955,0.38136085127796204,0.4769025085759798,0.6261819762137456,0.5105753765185953,0.41703212441501536,0.3125544259061379,0
97,26,0.2860930757759203,0.5432989736483296,0.5312328062242113,0.6900662068239379,0.45696693156666857,0.4917545140305572,0.33874661973320236,0
97,27,0.3323396686741735,0.5001069826236461,0.5800243111449394,0.5139532273238843,0.45846094117565095,0.4249706350284151,0.3229060074177965,0
97,28,0.3998896243111357,0.45119744526007444,0.682901642760154,0.5541800747328118,0.5259045623095985,0.4807346026017078,0.36322783259303915,0
97,29,0.28676703519738916,0.5292784603815059,0.5318179772911614,0.5814736036778653,0.3814004884632635,0.5398676969271787,0.4124630473273723,0
97,30,0.34946461149023944,0.4743299792183509,0.5232961118966254,0.6778854896873089,0.4324750058786978,0.3524179281922861,0.370991865074689,0
97,31,0.2961301038934852,0.4259789821102391,0.44044212729345644,0.5982366976066507,0.4264860678739879,0.5116197966758705,0.3864251310034296,0
97,32,0.3555296593136922,0.46782626362717694,0.532338557160902,0.6167114130404936,0.5942785816518612,0.49700092449434374,0.3482758897413721,0
97,33,0.37588407229558823,0.48878586513356737,0.5298001136164775,0.5963234228868157,0.4324912017528331,0.4752246152311683,0.33530661886627977,0
97,34,0.3677945724714172,0.5627591256899087,0.580594086166081,0.6136912186602844,0.5048741846715862,0.5244982356831327,0.387785129880525,0
97,35,0.3857751382148008,0.4295691250865191,0.5950980545969962,0.5604280294199814,0.545723868082261,0.4469464006396729,0.4229114197079224,0
97,36,0.35123150866517316,0.5090659526746031,0.7355416095650154,0.4694990429584357,0.5480981485738815,0.4492834892179245,0.4871497060595484,0
97,37,0.453748001406188,0.59207161193785,0.6116141325490325,0.5991906921234459,0.518244928014927,0.4978719177949701,0.4200557662049985,0
97,38,0.38580037682374607,0.6202832171662316,0.7441398412403096,0.5658317534030137,0.6407324114106712,0.5253183839095863,0.4380966186494495,0
97,39,0.5206430081844283,0.5553346862029409,0.6636562909290187,0.5535490847665245,0.5219005341647942,0.5471335918604762,0.4584679381361605,0
97,40,0.5495958619511714,0.5470146594237422,0.7367088061896301,0.6264057115678845,0.5645496680622367,0.5632789386021487,0.5499070935094429,0
97,41,0.6822568531148594,0.6246668443803252,0.7311814987646468,0.49050998973483284,0.5475637803306254,0.664564778752623,0.5214727888370205,0
97,42,0.6218309849036747,0.7223988370419789,0.6078709187532157,0.5610270836855601,0.5232012367432719,0.573005083046297,0.6178835028775267,0
97,43,0.596574870810545,0.6429943313875965,0.6320046724529523,0.6023534195225146,0.6733160565380877,0.6411999899684492,0.5943980761578325,0
97,44,0.6573048220098148,0.7260163895539331,0.799277259348379,0.49296765999928605,0.6055092378855547,0.5718674388634651,0.6595058112586437,0
97,45,0.7598458729031194,0.7016015970945458,0.7446882742652761,0.5250948206695135,0.5899515255764456,0.6909096177531548,0.641071089630642,0
97,46,0.7820935113127268,0.6773916784867865,0.7449270877308339,0.49954548038526125,0.6893395730064997,0.7178352749286846,0.6999450264334182,0
97,47,0.79892773045466,0.6441715253182284,0.6706087455848561,0.5382629244217934,0.6689148049332649,0.610654840800361,0.7167957212800227,0
97,48,0.8038649864212141,0.8385505139945066,0.7922422837369508,0.46256738663900565,0.6871622942859431,0.783237486527042,0.6618900410803833,0
97,49,0.974175241839368,0.7889565352189307,0.8495799517211102,0.4527966529315732,0.7551784039052555,0.7634842559123607,0.7193208253336173,1
97,50,0.9490625510539188,0.7949003426597261,0.9250601439963015,0.5693222887754901,0.7415042406987532,0.7135529763200394,0.8632330960025912,1
98,1,0.1503516774663542,0.3886833915563116,0.5074911468961063,0.5777771739681321,0.11506405692240229,0.4248550221882261,0.3170090367343084,0
98,2,0.16498919899645226,0.4580040665474588,0.5401689509403514,0.5982918238145585,0.27325127406580757,0.43488698505718826,0.37466074752759493,0
98,3,0.15808628826296453,0.3648630392578515,0.46203662913958293,0.6385736024201109,0.2087906423201984,0.3678356492538598,0.3172569958866988,0
98,4,0.22604283995954969,0.41087291994496095,0.4386710320666046,0.5886477565613918,0.2071020182244075,0.4535293250885297,0.30320131809726725,0
98,5,0.216310445115855,0.30460908832898886,0.6204112068901407,0.49487324746400463,0.2703128289758334,0.42888548531545195,0.2797158847986774,0
98,6,0.20523040968468922,0.4382407691151263,0.4176502448005358,0.6396688784773301,0.21333419209532753,0.4070536003018903,0.27560465882627566,0
98,7,0.26708722984759575,0.4064102259866868,0.5765085626462243,0.6826937995045865,0.2815260739873739,0.463929511092981,0.3994465335734261,0
98,8,0.29938638503567727,0.48804231008015214,0.5431569603810407,0.7342427481978029,0.3784253292990086,0.41434829654625516,0.28777787011864164,0
98,9,0.21797384778992476,0.5489610419469022,0.5696184732854949,0.622792284661014,0.19638791246680593,0.4451959344892843,0.2441175243411363,0
98,10,0.1276697447244452,0.4851862384216218,0.4863098510090397,0.5184967419051518,0.28901657962429955,0.43484114749790664,0.30278411396526345,0
98,11,0.27542351508772756,0.45840442406036225,0.5001892098252093,0.6456199391778693,0.22049072187795554,0.4483051417470794,0.27068956180024617,0
98,12,0.2637548208209837,0.4543434179834417,0.5375625804399092,0.7283780880979283,0.2143782461795416,0.4311101578849167,0.2631956455797927,0
98,13,0.21232810124259832,0.482401782710254,0.5186877275025221,0.606813733018106,0.3634100696152543,0.4439716217622899,0.34446665864992776,0
98,14,0.29431466617750573,0.4039156355609938,0.5956961186108864,0.5472720719117822,0.32084121505227553,0.4944460745024753,0.30869679200431527,0
98,15,0.3852016038823485,0.4999295899973457,0.5339143034939292,0.5617713414043408,0.2128949037663626,0.4764330841543353,0.38229342740289374,0
98,16,0.18884455268837014,0.43961595842947804,0.49152045057814253,0.6296993897676211,0.4606056588274346,0.4818700797189898,0.35040373163288574,0
98,17,0.2987032915862162,0.39804908842610853,0.5660455081747879,0.6083978914213214,0.3036646610670126,0.48455008776988084,0.21262229262325677,0
98,18,0.3122455818165164,0.49802923376065716,0.5618192097455817,0.5796747860352398,0.3589440574349161,0.45976372715107067,0.40482672004131925,0
98,19,0.3315760380301345,0.44267096424386515,0.4554309579558381,0.5356375198443591,0.3529240436630318,0.48157153327757385,0.30430569625311327,0
98,20,0.24904529087790547,0.4099789556471985,0.6305606933604215,0.666012333143112,0.3616106766851649,0.40647244563241375,0.37944574570976697,0
98,21,0.32433942773976854,0.435708576705859,0.4569786160378197,0.6191098434529322,0.4734559923331565,0.4039480562549714,0.33697267136063036,0
98,22,0.28076791627182635,0.44082589778759984,0.4406718245721276,0.6573920382229542,0.3535641224498889,0.3730698262153759,0.2895220694753385,0
98,23,0.22057430745843898,0.38050923324433195,0.5759498906821365,0.6156569386965387,0.35216063733271175,0.43613663513811496,0.42670852900701056,0
98,24,0.29780788656463075,0.4932091138376682,0.5468702161921302,0.51354834358921,0.2988106392482691,0.40813336081266444,0.26361234113740917,0
98,25,0.2792825854956802,0.4762664522499815,0.5708487207939527,0.6614016474591891,0.3691627440310291,0.4807835854219125,0.2972268811868664,0
98,26,0.3715122701941404,0.4937576786894856,0.5292045719931582,0.6540060952133783,0.34200380379559586,0.3684647184430507,0.37093980413437083,0
98,27,0.2524071266722465,0.4609592302450891,0.5739204486175876,0.5831268893823944,0.42263703604850383,0.48846216424226,0.3556093211745521,0
98,28,0.26846464199678444,0.46124253248374086,0.5169460671601396,0.5993370854286763,0.41951575565988075,0.45783599101092876,0.30938611070982647,0
98,29,0.3029279832800597,0.4187953144783783,0.4099986226909983,0.6768479568724146,0.5057785872413791,0.420357294464632,0.38948340283731414,0
98,30,0.30942310697410336,0.4414860108612383,0.5285686360372801,0.658770796685392,0.4458875539679853,0.44501802706923127,0.39516136078284103,0
98,31,0.2987901624878678,0.4826320867319538,0.6190863399033095,0.6833549918041985,0.39952229116679777,0.3996727980379011,0.41055421015460214,0
98,32,0.22197926523574407,0.4367049168910508,0.5204670625319356,0.6012458349643673,0.5338957060107485,0.4183416089290289,0.409976619371554,0
98,33,0.2712525253927699,0.45982631564446325,0.5874266958959289,0.6223737312781676,0.5197383980113345,0.43682919672402,0.39353840385299904,0
98,34,0.4664878451800739,0.4124274019757582,0.7432565643612409,0.5629311053792884,0.5822734772332526,0.5089720361860756,0.32292174081647185,0
98,35,0.3179890752059821,0.49474247897473295,0.5663507105168779,0.5990414085458462,0.4890542012663702,0.4860436191112902,0.325808887607346,0
98,36,0.39412836982698735,0.5050193104586241,0.46613329623370997,0.5598032105201519,0.39580934907885623,0.5158844909812701,0.4080288029278941,0
98,37,0.3824621085709014,0.5854750606425434,0.45144629463235,0.5830939541226507,0.4393285123867576,0.5192271943338905,0.37139711760703903,0
98,38,0.3649504649785731,0.46095330451252015,0.5326857394663101,0.6364857479357172,0.5053953305240467,0.4497507247275618,0.37097399504746637,0
98,39,0.38726177947892715,0.5205613924100427,0.45742876727555487,0.7044770786733461,0.5545470130879435,0.4580169541307474,0.3362229649031115,0
98,40,0.47877272132771626,0.5873090334042939,0.5724990984532518,0.6406463151555372,0.6494621763215762,0.46396245661311786,0.4110651288722701,0
98,41,0.5103179530678504,0.599325480334853,0.574123803312357,0.700593945253973,0.5796785275543761,0.4728383822250865,0.40687862604556163,0
98,42,0.42872705667402644,0.535137243287481,0.5025267992418286,0.5488328630599922,0.6138909957474419,0.576361458598474,0.5039925117619805,0
98,43,0.44511585427256484,0.551477144849284,0.6095244621563662,0.6450427136002828,0.5863160163016774,0.48739402992398567,0.5678507725988582,0
98,44,0.5187860368477603,0.639403130341192,0.6396220478416791,0.5463560609462512,0.6396584374033418,0.5262120668259188,0.5070027775643485,0
98,45,0.5269867534912587,0.7092987314919867,0.5668057984452453,0.5091231716401958,0.7195546632431532,0.6251019386004398,0.5740934286188726,0
98,46,0.6520955224738834,0.6842467030081638,0.6726446796093654,0.6230305794217762,0.7991121472172124,0.6515063136475819,0.580153148745669,0
98,47,0.7065010826279379,0.5973789261167407,0.6150053948932371,0.40132102378320145,0.6763338614373159,0.6359767217442929,0.5643846218215776,0
98,48,0.7182617239607352,0.7557225776695854,0.6625105505434151,0.5933236450204497,0.7294538012498353,0.7492575475893768,0.6584253854209717,0
98,49,0.8433055597399678,0.7691585730800303,0.910647873112911,0.4121078181401883,0.7060211009966485,0.6098930063239758,0.6263953222502108,0
98,50,0.9276174195645208,0.7626382893021242,0.7439838881242036,0.5644240593177262,0.7868916189684962,0.7379687228565427,0.8161456133896255,1
99,1,0.22271155073591836,0.3789891714056623,0.49133273586256115,0.5293114952283674,0.17708309984599485,0.40026274448591587,0.35411269550475044,0
99,2,0.0828786668424217,0.3948949783936505,0.41522640841238856,0.6116254102454647,0.2576453425307038,0.41780922069480875,0.2636377511975456,0
99,3,0.2481213754779099,0.34006665565001715,0.5557937339714941,0.5597335416635633,0.2631242300617952,0.3470454943055824,0.31492551825789017,0
99,4,0.21417912724025592,0.44834717250021244,0.448923400420025,0.618496928782132,0.25419803994268625,0.41064943566031126,0.3262394686276304,0
99,5,0.18395498347670747,0.4660365912864405,0.5473327286965514,0.5694459580072198,0.1938442725217708,0.4160243682940002,0.31537391078497484,0
99,6,0.1765259466032492,0.3767261010202503,0.40896420671829037,0.5586939659288416,0.2622380750982244,0.40395438763493535,0.2750836835940976,0
99,7,0.2094755787108705,0.3329967926630355,0.6133320767488475,0.7245996654218632,0.23461005817440247,0.37367799391962375,0.3409301213681807,0
99,8,0.3174886733818705,0.5178538853605121,0.37092347016288924,0.6895195676493576,0.2586495231166617,0.45865441895658704,0.33969241693320573,0
99,9,0.27736989667752704,0.3853865208373554,0.4476983488846571,0.6912147876790506,0.22869632104527277,0.5256699355076808,0.26518123507534025,0
99,10,0.2214308994742833,0.33894698139150675,0.408327707430013,0.6747220693415252,0.18679767186670887,0.5599831414356722,0.3012937007354514,0
99,11,0.2555623260685558,0.29550462171467595,0.49425024771756193,0.6076795183405018,0.22302771445755148,0.4038109469602535,0.38490115557880267,0
99,12,0.25812478088979535,0.3818586951055348,0.42656204410636145,0.6055363900038341,0.1605426577208969,0.3819593330135101,0.24857500259833193,0
99,13,0.27421228655901153,0.41727469006359036,0.4774230885967551,0.6602609800326845,0.21834372213827974,0.3710210522448,0.36966627790171475,0
99,14,0.27956274178469936,0.449978589175292,0.4816699016538885,0.5864681516516408,0.3396361554220821,0.5082449092348389,0.337727153473981,0
99,15,0.20313998919512014,0.45984626466322864,0.47700590715139735,0.6284091068432517,0.3719492522354688,0.4144383458112114,0.2681461104882743,0
99,16,0.2458128120466775,0.43840651254936075,0.5716000662682759,0.698437163347248,0.383795917871492,0.46899702232028784,0.2965811439823003,0
99,17,0.278876576351246,0.4160375658744876,0.5587251855312229,0.5710629662646742,0.4687609762203413,0.45348390589894805,0.3306002597542026,0
99,18,0.35540245117735514,0.3741354858634111,0.4795888209167012,0.671215502643267,0.37637938681643,0.41636160700216895,0.29939561970374545,0
99,19,0.2684583971838046,0.5170815515707398,0.5727613291269298,0.6814001124764711,0.3449435469987974,0.4723864800717632,0.2516605475910043,0
99,20,0.272849433379715,0.5330708395348258,0.6410309531013325,0.6044936060456323,0.33097158416754385,0.4085154042686536,0.3172677452174337,0
99,21,0.2912967881358467,0.47050042444351714,0.5903844792659891,0.5603505683032661,0.3464564517549434,0.47541164495650806,0.2956539012179503,0
99,22,0.22002230053585486,0.499918058634396,0.5090143317987645,0.6335510409999588,0.3360484290377975,0.4697701676215157,0.3237203945963249,0
99,23,0.2538573469556624,0.47501420034329533,0.4999091162984785,0.6151806330088674,0.3906991984259143,0.4535118804847963,0.3537532273132259,0
99,24,0.27537049888903087,0.4617243277040778,0.5739381097220305,0.6154348800496605,0.36277683234607616,0.4579227097604718,0.375917198869302,0
99,25,0.21887816306478097,0.42188942767864934,0.5265368894548125,0.488185128236937,0.4594454073486881,0.445873402301932,0.2274450027236058,0
99,26,0.27352220757165246,0.36897313290767275,0.6095322836677376,0.6312099854016918,0.474691369887543,0.4049489668699678,0.36816863913058967,0
99,27,0.2825279765754622,0.4778415023393038,0.5382954361814305,0.6685051796222639,0.4513446630567523,0.43464367795663894,0.3923440328872191,0
99,28,0.30013123304107164,0.5296053687993816,0.5283190878417295,0.6123238948174372,0.4522627330081149,0.4527101625736665,0.33727280425680345,0
99,29,0.24964532925124888,0.4709380544383328,0.6302838418842138,0.668852092809665,0.48428508047896823,0.5230584464456586,0.3563623687633478,0
99,30,0.285479103904671,0.4649669645430912,0.512130418052892,0.6566040336581557,0.5261323705934751,0.37539381650197723,0.35072698956998183,0
99,31,0.3019727369902823,0.4654624132213331,0.6739346878552686,0.7085754157482457,0.5349410293995118,0.41541306097443165,0.30972461132843054,0
99,32,0.3864822825888007,0.42767789759386093,0.524210092855125,0.5660139095983261,0.41250965052222893,0.48143081468021925,0.37086716414106663,0
99,33,0.24865468332130244,0.48855940758008526,0.5477450324731502,0.5959440969197758,0.5333406840446111,0.3940483516155503,0.3360504150256119,0
99,34,0.28488666270247476,0.49402733642721647,0.47416392331805657,0.5705690327609844,0.3990681312590348,0.36474367176047817,0.3446026425580452,0
99,35,0.3475644208656328,0.5590142444423035,0.5402687454472147,0.4857328289798353,0.5427104825221641,0.4297794762259766,0.39964697363891716,0
99,36,0.37550484432236325,0.5587345940079641,0.6217630103849875,0.5908378389282742,0.5350377479608295,0.474952449034244,0.40339093522987596,0
99,37,0.387715833337062,0.5136050873393319,0.4839256821065753,0.6376253887706615,0.534984768055751,0.4527705462553312,0.4843762875813489,0
99,38,0.4213232856075383,0.6107056395026756,0.5801427295653309,0.4943323780013151,0.6244755834314908,0.4872973971362143,0.6164967935070134,0
99,39,0.39361792957827935,0.676395615140959,0.6134697725941045,0.5967950550586749,0.6059364697091272,0.47737740245341503,0.38211065543491307,0
99,40,0.4521824294747678,0.6931829420900588,0.6676366868419179,0.5848993703329141,0.5710041771498366,0.6769657982843733,0.48076791733132324,0
99,41,0.5999642161007441,0.6002485870672659,0.5733669300434755,0.5639086202621891,0.6564808968787978,0.671665222054199,0.6445927103433345,0
99,42,0.6544631109212604,0.6073647126439403,0.5922385715344362,0.5280079295028689,0.5951282536742957,0.5403413569460036,0.4491384293120117,0
99,43,0.6832708810809173,0.6784094835669564,0.6033644436568313,0.6275086686761748,0.6436499474427784,0.5812395436803295,0.5082130410553504,0
99,44,0.6576110107927466,0.7149090476761106,0.6962842285869434,0.5844976753882445,0.6765858716939908,0.6108817507455582,0.6431353888074953,0
99,45,0.7876328562208216,0.6684551227256027,0.7757417684226584,0.4440628869263703,0.7405060871492807,0.6127317600203288,0.6824578571296406,0
99,46,0.7577522661434856,0.7472328094286856,0.7078885472466714,0.507059098967282,0.7661705524619462,0.6554816316729979,0.5590728544290893,0
99,47,0.8263216930189942,0.7743559660843262,0.6729657481355623,0.45862252311967155,0.6676434953640294,0.6869171869941212,0.6006111885061213,0
99,48,0.8243206996425309,0.8591636467164738,0.7905931573695899,0.4777930127427062,0.6293699614426735,0.6520210467071531,0.7868029570631045,0
99,49,0.8865124444249178,0.7859407771694766,0.7888040158993262,0.4229078424844439,0.8029945125088368,0.6514168983165898,0.6439734182001671,1
99,50,0.8993427971387659,0.8453604062501879,0.637338384797664,0.544412442135545,0.8161023597647851,0.7153293695330224,0.8121424509940701,1
100,1,0.19073973992112403,0.47694479222234876,0.5073669099863152,0.6252128285948344,0.159100633269342,0.3895262846201672,0.3422324913235757,0
100,2,0.2917806822043077,0.4227785880494585,0.5470635241179013,0.6157775934019918,0.14578039543616084,0.35181012222115254,0.35093833515637585,0
100,3,0.27937371103662545,0.4083378540821923,0.5231043575568088,0.6406968060926364,0.2688441254609238,0.385822274405183,0.346920388596917,0
100,4,0.27109336162855113,0.34125043455551235,0.49473583944225735,0.5804101434445293,0.23745288258324604,0.4623700522346571,0.2942026451453838,0
100,5,0.3025162056876864,0.3915773341048322,0.5019726056894065,0.6426657536307098,0.2872594146296351,0.3652973967987432,0.3248327020153887,0
100,6,0.2933127234343015,0.4606048532735889,0.530581229397793,0.48045528532367104,0.14705873153825322,0.45653585303948474,0.1729119286769652,0
100,7,0.3191615420192481,0.46495891006472256,0.49429673367165766,0.6463103306488149,0.27553350881666694,0.3561583953975463,0.33545093662327985,0
100,8,0.30799026341345,0.3856599594349483,0.5645964757907341,0.6978578870532186,0.3419742535526981,0.48254357365260475,0.22120700965242368,0
100,9,0.30940251053065915,0.4653329812352216,0.55049367573614,0.7131170822870612,0.17132931920262515,0.46051749386404506,0.3273498554264239,0
100,10,0.35782642983816976,0.37158593982077137,0.6215978169305122,0.6688937623158218,0.27877009257990243,0.38856028200320175,0.31581570500204587,0
100,11,0.30137960215724285,0.38725252326182136,0.5602537139950461,0.5956676144516184,0.37199453148090106,0.5209103324215534,0.2679700611327958,0
100,12,0.33652841600613337,0.4349939778242831,0.42452328231028863,0.6718878850382694,0.2716536603436018,0.4468234570491086,0.2614978115171417,0
100,13,0.27046813770704237,0.4688213673373541,0.505758297738826,0.5911260147829827,0.3417341444163829,0.3844813062626023,0.4037116581290806,0
100,14,0.2668072120190671,0.4064329693406232,0.5236301062633452,0.6797496588943541,0.27232895234108706,0.4211608123664617,0.31392447542873747,0
100,15,0.3486774299420254,0.5085085676608727,0.5261724759680808,0.7059652841309187,0.41103660549757026,0.4758380888886064,0.35784994243056867,0
100,16,0.39373543332841515,0.4193426398368955,0.5647790678268348,0.6606018944304227,0.26171945860167267,0.4398451149748027,0.33176874826803915,0
100,17,0.30395850473389435,0.5088342353122828,0.4693002766253246,0.5438745817271102,0.3178105224467162,0.4810123458701582,0.36628385608027003,0
100,18,0.3551108079627915,0.449601964128124,0.49253902622095225,0.5632906041369843,0.286272906402603,0.43384143535770686,0.3662171826701092,0
100,19,0.3142675819847605,0.38663122767601454,0.7109487782675044,0.5704724668171608,0.37823674814671837,0.49675087013357627,0.3315165735162092,0
100,20,0.35715325464619685,0.3750222278438306,0.653943365850594,0.6369340638418011,0.36479541966773205,0.37718088560683466,0.27440108196605417,0
100,21,0.41495760402402626,0.45624878432351224,0.5578941710384924,0.6431664079915639,0.53084252572387,0.42733048017551517,0.41287338173761284,0
100,22,0.28873958574392666,0.44321945941962076,0.5292819526915798,0.6537208068378028,0.2585609743625561,0.45819299855842943,0.3072626403039606,0
100,23,0.2627313603823297,0.43155980480649153,0.5006375053138646,0.5944021506717186,0.3086835773039646,0.4571074889098375,0.3002185620894917,0
100,24,0.3037121307449516,0.4136962255562372,0.5412796067985307,0.5863093725248888,0.3290275678542951,0.40918231534115573,0.2560674202720909,0
100,25,0.39961330742156176,0.5259457293167471,0.4987106670705941,0.6978265739108375,0.44941987274905276,0.41389222456246416,0.31357405790488685,0
100,26,0.34344281618325095,0.4757452319408961,0.5414749515142543,0.5990887606283226,0.5151254429470485,0.4507108720351498,0.3390485972159199,0
100,27,0.33626021227700004,0.3920788338026858,0.4729831775411838,0.7667592132607094,0.34397485832632874,0.4713888329833347,0.3673262273636182,0
100,28,0.36385926616588365,0.5573433324350175,0.5615752094721744,0.7008712809009341,0.5143983448160396,0.5362995122433174,0.3540418757214275,0
100,29,0.33066140577073794,0.4733876795588053,0.5614491184800727,0.4953555136721324,0.45241139364663663,0.5050936362480598,0.2878905375432688,0
100,30,0.41050259779977516,0.5351564040439238,0.5045461948698702,0.6304390834869791,0.4653168535880848,0.5208487980449438,0.331332677794284,0
100,31,0.42335859340919657,0.4204334708684341,0.5147428844515888,0.6279739017898015,0.570426188822557,0.4037268833461115,0.3250706377529928,0
100,32,0.3972677310936004,0.4837777838508999,0.5430295159063395,0.6277791442553304,0.3975639066946476,0.4698711015528336,0.4373061452133391,0
100,33,0.32431768434844455,0.4559560527437274,0.5294251557219208,0.7304818964320116,0.44108554902279495,0.4096144262330696,0.40435358474576144,0
100,34,0.43705952000771436,0.4874357983461552,0.5976425020737623,0.5192607118462841,0.5400060511414866,0.49237871170901143,0.37674207552552347,0
100,35,0.4426731049406568,0.5549800798269245,0.5410414633488327,0.5759772510200494,0.5759666620100921,0.582288833843085,0.46020317814010114,0
100,36,0.45382560878493133,0.5388916188294998,0.4981489357171846,0.5907368646359337,0.6111930724574901,0.5140484095504856,0.40565834212281043,0
100,37,0.49855414468598835,0.5000237134389215,0.5400456160182994,0.6853023842375827,0.4975006381849871,0.4872785572919101,0.47521133785741243,0
100,38,0.5387297073794508,0.6263882312297226,0.5080599405528341,0.6319214498533814,0.5403899490721614,0.5283406222827338,0.5804601500247477,0
100,39,0.5979887016026746,0.6611348036733427,0.5812195177193522,0.5399362711297914,0.5688799261601449,0.5234605368297782,0.511390216454369,0
100,40,0.5844474356072982,0.6726499397857041,0.7398485188159254,0.5991968960547579,0.6381956803532937,0.5435244936566543,0.4006294299002332,0
100,41,0.676588483283638,0.6598333272346182,0.7181727281640341,0.5337708783017401,0.653444266120508,0.6621183045157455,0.5887722843734486,0
100,42,0.7383780585224424,0.6081307795558021,0.7175426753497613,0.5220827270503747,0.5715509960663501,0.5895172845863882,0.6669079520964962,0
100,43,0.6171649669797158,0.6184584839076043,0.7133976666773527,0.507803816635822,0.5310755043188655,0.5488332590965181,0.6112570252369063,0
100,44,0.7169455635352662,0.7446267190954039,0.7566672986249956,0.4996440386318791,0.6620601797289474,0.6043536838913098,0.6535662219562184,0
100,45,0.7127280388746803,0.7362959972360734,0.7830574806562027,0.5706343653178347,0.7454101155736291,0.6956177371723443,0.6524407621704057,0
100,46,0.7640559734601502,0.6758251580841879,0.8013129132441391,0.5134970282921789,0.5983804380918936,0.7266718164841054,0.6787577920491394,0
100,47,0.8286209263743384,0.7369807573638453,0.7619579740569895,0.5583847676409591,0.6995392866165513,0.7459208474803507,0.7450290155979993,0
100,48,0.8203549584967849,0.735590382061059,0.8273978976125697,0.3886993247743846,0.7265412370929331,0.7028655507340872,0.6969810071008159,0
100,49,0.9310239758372162,0.790261185391139,0.8178764995066362,0.5482818654107133,0.7368691503224128,0.6695006565463909,0.7406447340814847,1
100,50,0.9062932411883973,0.9176501473721692,0.6460261806204265,0.4550194930734056,0.7307755512436147,0.7735655476544989,0.77165674666626,1
101,1,0.22159302855249816,0.37616593200997656,0.6434480896795841,0.5527855141999845,0.17850818353931475,0.37250188496864395,0.311265623552348,0
101,2,0.31899334066758533,0.3992339942650143,0.5320666050541251,0.6477861499098881,0.21679644496084252,0.42888321823389797,0.28943656373440263,0
101,3,0.19036756415930592,0.3481961001195012,0.5622677655382535,0.6198849325955351,0.10661286244760217,0.4004404970308632,0.364298715504372,0
101,4,0.20853645147721195,0.32566030836632376,0.4666518292558852,0.5501747929957175,0.2617522746642631,0.4280646370588055,0.2722268538409868,0
101,5,0.31500804205729854,0.36773417310672635,0.4588880898431425,0.605421917565713,0.23881286561433623,0.4511023150608802,0.3395222379373832,0
101,6,0.3637807350360849,0.3209563006644866,0.525759593054113,0.5887695900345565,0.37458559211806275,0.4371801737164095,0.1941163925247862,0
101,7,0.2592276394423697,0.4460872908135205,0.460552841348045,0.6396696360803572,0.24677081656366018,0.3962319056485145,0.3153361926731854,0
101,8,0.3019886771315415,0.41214944765853556,0.5550731808948625,0.5475539874654105,0.3556710300152961,0.39233996639733865,0.3459465252921144,0
101,9,0.25990220403879377,0.45141727058271164,0.36460128141907044,0.5855885406417792,0.32576777465268975,0.5287046561193178,0.30218208908398386,0
101,10,0.24082506869580556,0.4129925071267149,0.5936621552526,0.6229005819145651,0.21339649283011053,0.48217482741561046,0.3344158410463648,0
101,11,0.29627964766858994,0.3912692831036962,0.4967254369574316,0.5882187000066101,0.2804035312913339,0.480738013138074,0.2193107300898116,0
101,12,0.27270226007576065,0.4016957325435127,0.5206534160612449,0.5654614421998125,0.21009659042988132,0.3927610879125386,0.21642553452581448,0
101,13,0.18634843907851717,0.4849909417153352,0.4309052196936388,0.6175252187878297,0.38400420012562736,0.4807044419874424,0.2990431970907108,0
101,14,0.2800935550923363,0.5320114118935364,0.5513133056646133,0.6600931949488277,0.46198380815249795,0.4534913183185483,0.37379294748431774,0
101,15,0.2978438964197782,0.38083305414114343,0.4449593539160552,0.5892610125741885,0.3879161130155592,0.48272330775821526,0.38565931398568604,0
101,16,0.3051731132391311,0.45869977960797254,0.5180754051266449,0.6007079195481592,0.25490010483819153,0.43477327177386743,0.31639997405549375,0
101,17,0.34353561015438133,0.44148566653187754,0.6716368225373143,0.6313992190559661,0.41497521909093027,0.43879629365695744,0.2671924605105386,0
101,18,0.35918856628247653,0.4235898976403998,0.49614512879628775,0.619756048011995,0.3386301747173169,0.5048879532698193,0.42107273492905006,0
101,19,0.3161088015078928,0.48799375575903164,0.5379983710793494,0.5673252747444459,0.3464334436688714,0.46720114763978915,0.3490906088065523,0
101,20,0.2708549668943649,0.4051496461300159,0.5937604247096854,0.5781055439925196,0.35233120217132596,0.4231954267570288,0.3715665846881057,0
101,21,0.32096469501694425,0.49992047166610326,0.6200790617832227,0.5113814815831914,0.4245146810147675,0.4309100659300795,0.27176257973142703,0
101,22,0.3364290532918682,0.5199623643446558,0.4410430103125969,0.6571049477127919,0.5159377373745718,0.5423376825020176,0.1645347449880729,0
101,23,0.35153807266020454,0.3344308636086373,0.4832037319606254,0.695465844725681,0.4286171310726928,0.4235022135103479,0.34312313719384097,0
101,24,0.27812256952571496,0.4460441297089005,0.6011841974417715,0.5779508558440893,0.33458070831142817,0.42173438867721713,0.29795438187587875,0
101,25,0.22431308489480628,0.466781049504477,0.6007320907839506,0.5712963445095579,0.3858818465202253,0.44563067488411723,0.2994347350248088,0
101,26,0.2698529569710592,0.43130502671855636,0.48817124431833914,0.6804486270857629,0.4201352653942486,0.5560554643371903,0.3652882337192547,0
101,27,0.3016724059922957,0.41306897410755694,0.5408787395491927,0.5792573855619993,0.32308824342187553,0.5084759905997174,0.35183715044805797,0
101,28,0.34029959931023834,0.4651466313031628,0.6434853490103603,0.6459690056065607,0.44258484311575563,0.4938714054483466,0.35100179203194065,0
101,29,0.3863943567890572,0.4069713958557065,0.48597084705829763,0.5948385976755227,0.4446182690695275,0.5184269553970414,0.2846650308760462,0
101,30,0.3011471121270945,0.5530241216781587,0.6098693252575764,0.6343215366326425,0.528130561876176,0.39602800391042176,0.4593752242233289,0
101,31,0.39513351439724975,0.498182552604813,0.5681027371479218,0.6929134764596857,0.5387949215711196,0.46876910845508846,0.3395200681821428,0
101,32,0.3307456852738035,0.4908995610962372,0.6226412701875554,0.648114109386403,0.4990921824716445,0.43210165436121534,0.3794328365169712,0
101,33,0.29961064417867234,0.5061121161723418,0.614763100119973,0.6187601950258668,0.5090594306588851,0.4847130576499521,0.3998717979375382,0
101,34,0.29393799378312746,0.49775871828302015,0.6914813661357743,0.5646528293633928,0.4983852008950523,0.44828767809628306,0.48905991894330325,0
101,35,0.3386631182811794,0.462765689896293,0.46819573261663017,0.5414804594650376,0.5491030041385834,0.5044326452928187,0.3430249928460964,0
101,36,0.23774536163058357,0.4206763863322495,0.49986955697480884,0.6194628034546231,0.49694557362665925,0.4603476446127137,0.3978527893021792,0
101,37,0.3940075522942661,0.48900767095658176,0.5535900909609094,0.6860846936330417,0.6460540894255371,0.5037146471522734,0.35169477124217263,0
101,38,0.425787342344953,0.485328424062939,0.6356885296841093,0.6272710653301645,0.6204509141997986,0.44222005148328836,0.318868976248292,0
101,39,0.4408442905403551,0.44992628884181174,0.5483793469521262,0.6798704728689168,0.6001398697560654,0.517225668055795,0.38289649245487684,0
101,40,0.46167587286534495,0.5716068592082442,0.6353752756814767,0.6045607888693363,0.6752209743982419,0.5583271196991858,0.4823456875434608,0
101,41,0.5470241777814215,0.5832430443905297,0.635999389924622,0.5652114232581895,0.5733197114448997,0.5030256123310659,0.48161185630852155,0
101,42,0.6597833936028004,0.6702338443771169,0.6292467654279037,0.5517441654887874,0.6577604512779356,0.6651996830761309,0.5647422968933983,0
101,43,0.6543585297958288,0.6995302745555718,0.8084610127163943,0.553670644403664,0.6467426966463237,0.6098548671522925,0.5164582576069054,0
101,44,0.6740539015255164,0.5972485520422215,0.5782083591684961,0.6089406317515749,0.6858703512501253,0.6690870727721834,0.6075616580787057,0
101,45,0.7614251927401725,0.6801421901432753,0.6629520429983597,0.5475574784118536,0.7005993549874397,0.6225260256918106,0.539890472223797,0
101,46,0.738279593292356,0.7339124486713523,0.6707133988612972,0.5731941032504553,0.5945113109095687,0.6659022635271022,0.7335287061168662,0
101,47,0.7856236793883492,0.7427058803138094,0.7019452176327335,0.47257758548382583,0.8282077995376648,0.6836606917878612,0.6400887423222318,0
101,48,0.8287039354848662,0.6735592011514486,0.8076403984180375,0.4948832500724021,0.7496133250313846,0.7054084587531263,0.7516363885735949,0
101,49,0.9056733435079628,0.8597818455492812,0.7267113173141325,0.6462260937406421,0.7650295745608735,0.7014865949656168,0.691059063136978,0
101,50,0.931493105764208,0.8404781359423558,0.8936356302028818,0.4851723200511696,0.8021871503768006,0.6658654415428706,0.8720175554105698,1
102,1,0.1799523703086311,0.4602018887998578,0.5073627389528177,0.5927935558861881,0.247500896541762,0.454620410231917,0.30332916972340257,0
102,2,0.3079074343156035,0.42768621384101696,0.46667649469402317,0.665933837790547,0.18695588304335597,0.36657295180853366,0.27488688623428165,0
102,3,0.34526748608782776,0.32513996543729357,0.5813543298155567,0.5826215208372456,0.07910628940292039,0.36383053281401057,0.27242324324947464,0
102,4,0.295814989432898,0.3399230685886509,0.4519025746230929,0.5484283968016644,0.2515253765982447,0.42107032541698564,0.3210885973980191,0
102,5,0.2793808094073259,0.5044399032738228,0.5528724048563622,0.6022335630832514,0.1857587540296347,0.48238738026325423,0.36963355619336485,0
102,6,0.25697652539928406,0.41954004641033665,0.5356598456058193,0.6489667089503489,0.36460219062934474,0.37982560595523424,0.297592916594506,0
102,7,0.3488009385082118,0.3758092549141333,0.4686173073764713,0.5924466728123895,0.3652074348175755,0.38087644246673147,0.28198451706615446,0
102,8,0.2624393433231011,0.4237009076050245,0.3798327983018043,0.6315560796917633,0.2751424842595925,0.4393804813320541,0.25735337684524784,0
102,9,0.3185275464664955,0.4783560230258637,0.559048881930176,0.5330610546450065,0.23104489461629066,0.401782142473846,0.31241928844118355,0
102,10,0.31541719737748275,0.5568866552867794,0.48009724186147906,0.7034519583482286,0.2811583322495081,0.325073787730356,0.315566271479483,0
102,11,0.35935231932479106,0.43140751936771454,0.519260812871509,0.5903204894975526,0.3527741314605602,0.41368983215232513,0.27658313183536076,0
102,12,0.31627624303567375,0.48524323024677907,0.5519096199408023,0.5733218114403381,0.23931636565018993,0.40812040645096115,0.4280978260050081,0
102,13,0.37279388126219287,0.35851766556472986,0.4449843094848392,0.608694099803094,0.41906588834998004,0.3736632762342136,0.28231327386181093,0
102,14,0.41810939508944606,0.4482701650352868,0.5697107897449171,0.566184669686946,0.2466247696282069,0.3823088128837271,0.27273208021899675,0
102,15,0.2810980532624848,0.44152006341424105,0.5019369377108233,0.5862489204198414,0.3881022620953321,0.3930484748594345,0.39078522215303263,0
102,16,0.2961748795114412,0.4917118110253005,0.4480233928708588,0.6975847868755738,0.36397602737777723,0.36344385305350135,0.2568310835335182,0
102,17,0.39266974423406537,0.42566551059843977,0.5135065587417259,0.6224101633200725,0.23329495850833237,0.48501126418849644,0.3911829100565194,0
102,18,0.33170564914787676,0.392547927717958,0.4530644089278174,0.5520115464644066,0.497873772243435,0.44125885217359634,0.3720342987686534,0
102,19,0.3636104866129998,0.39281724520726974,0.5667085545998778,0.5550485761141553,0.40713829896069564,0.39475619215716096,0.30759199602861387,0
102,20,0.4300275476641902,0.32029522411513894,0.6951550137633358,0.5716456884627581,0.37259829050842674,0.4686653471436049,0.34838077444610593,0
102,21,0.3941986049432082,0.5464497540110906,0.584811697594869,0.61295829762702,0.3558191998964692,0.42045731976861084,0.39926218841404143,0
102,22,0.4174850155728416,0.2889789492268956,0.3778994907586971,0.6195462758236772,0.3879984630990609,0.45179543198803307,0.3997871248569198,0
102,23,0.3796256313182434,0.373605967414461,0.45075570237250195,0.6240457369114852,0.43200935246204036,0.3913345673699294,0.372826085831392,0
102,24,0.2413219528047181,0.40864363051865105,0.634514439442424,0.7113371086920174,0.3203036376204239,0.3776756290273234,0.3804467531007006,0
102,25,0.44639867724976184,0.4922330618287976,0.6041475447965065,0.5706871853053473,0.4516286883638948,0.5558191829700645,0.3521124179306808,0
102,26,0.35989530711907164,0.37750319483232336,0.4646737940384373,0.5664906373408962,0.3353419678966916,0.37922588899055004,0.22519076887101924,0
102,27,0.41904235869901524,0.44437405516247624,0.5213609862297394,0.6660066921173089,0.5443379098992372,0.5714665123076446,0.3574255400688729,0
102,28,0.3682260135279926,0.492360072009496,0.5338585844373316,0.6108362431045524,0.446811831186533,0.41209317271125956,0.23619018044708937,0
102,29,0.46535392961990535,0.5359238052430544,0.6121847795065309,0.5903762852868877,0.41356918403746845,0.5418298227372431,0.3012435065057746,0
102,30,0.48055464260606573,0.47419732052944435,0.5274565372985818,0.6895903289735832,0.47432072224554733,0.47180855120652865,0.4337356420085543,0
102,31,0.4176219654120096,0.43228399231523434,0.5350943678796941,0.6267773843252167,0.43847176311291314,0.47482610879339787,0.37986823521900326,0
102,32,0.408850684284261,0.46731996564622047,0.5443446963769701,0.6247635594881059,0.4314550549607862,0.528305833685253,0.358644344283556,0
102,33,0.4266721591931381,0.4700655099951644,0.6397836925430797,0.6736809900770397,0.502576405605736,0.5131457526027968,0.37756341923065856,0
102,34,0.4549733456899788,0.3833777068470756,0.3082201120481208,0.661879761747167,0.5326137417400628,0.48643762441346694,0.4378778375337169,0
102,35,0.39516745120376606,0.5208319916153594,0.5060344414361284,0.605713447654683,0.5301543777464848,0.48562707893016677,0.35434875883770306,0
102,36,0.3616840208635789,0.444241254044682,0.6849361938391708,0.6040653931780572,0.5353550889416654,0.39583609985053825,0.5017605466590713,0
102,37,0.3625262483643388,0.4831408712705063,0.49672645464028065,0.6418988780046505,0.4423013882321442,0.5286524565940827,0.4231929609668715,0
102,38,0.3813896919781639,0.472473051078104,0.579462506711961,0.5387979067601458,0.4877020413934605,0.5435220976848617,0.41368870883161796,0
102,39,0.5334243639249936,0.5317802858842169,0.5868060222260468,0.6302162785268531,0.6166818421128266,0.5352194372137653,0.5087051201627154,0
102,40,0.48257852727156647,0.6212706709547281,0.5897011094562352,0.5481643127421684,0.6284552511185422,0.5481100134111269,0.4014911811625611,0
102,41,0.6865386648670276,0.6099237558438838,0.60480999547793,0.4855589547411074,0.7263588113301624,0.5229805608115149,0.4247720037802602,0
102,42,0.6861209838999638,0.6824243101595773,0.5915731984368054,0.571231313085557,0.6208819106284883,0.6169136130861633,0.5545559922058104,0
102,43,0.7243355723551324,0.579410895442997,0.6839755052829498,0.581867208549619,0.6354281702633277,0.57485913679356,0.5613646235508927,0
102,44,0.857844551646948,0.7423487115050593,0.7469036976372694,0.5282193604147335,0.5985684328579598,0.5960023909146951,0.5901079823260459,0
102,45,0.7883645189154889,0.7553931948679142,0.5297882966480969,0.4974064844094159,0.7472414726725387,0.6445554085089665,0.5708267134419747,0
102,46,0.7775406579097659,0.7163653509313237,0.6224500144319893,0.5438720266075316,0.7522342731194146,0.6212390544907861,0.6761585753364858,0
102,47,0.9040874626863257,0.731905269662811,0.8269085311269923,0.5751810445451094,0.7233550657717017,0.6783967982180364,0.6503792488286154,0
102,48,0.9061324418737235,0.7220061851879804,0.6918244242446497,0.46947897592415794,0.7605949832655148,0.7129799372042287,0.7667625396568696,0
102,49,0.8955201310691776,0.7353637500549878,0.7687950843787125,0.6009505117008918,0.7393803979047607,0.7042172753738086,0.7328035796019634,0
102,50,1.0286467087132032,0.93167371859121,0.8005957030868263,0.5424276830453383,0.7470726789961393,0.7167522465302743,0.7567917130943222,1
103,1,0.2684144538562954,0.3957778313496734,0.4819635865565664,0.627559923907111,0.1514086147437189,0.4615670140664124,0.26194204556150263,0
103,2,0.2638579798386492,0.42076914038920443,0.4430047584441043,0.6574141376954165,0.25603397988536714,0.5215440355964402,0.27344874416087006,0
103,3,0.21403088669115258,0.422483766926074,0.5044776936813791,0.6792757409610922,0.20096297689146556,0.4477927913228055,0.27590776288623303,0
103,4,0.27937276490820884,0.31299750892925166,0.49523610119020817,0.6113679536349248,0.23549783516377149,0.42796553864324743,0.29227338035447153,0
103,5,0.24613418651530325,0.5337848715661626,0.4840325088430555,0.5466434514025995,0.16039921760327086,0.4599128422354416,0.21341823913543922,0
103,6,0.1874827780148522,0.4284571058366548,0.6027495168116114,0.5633632112416155,0.2793224863977623,0.29655271182955695,0.25836274536813214,0
103,7,0.243155497990194,0.45790144290631407,0.35487668191826305,0.5759014323820459,0.29016478993174755,0.4518097515431801,0.32404676258474097,0
103,8,0.20516450575125098,0.3718442582527112,0.674946938086245,0.5444373641866278,0.1870657398550213,0.4651945686879876,0.24783651942875684,0
103,9,0.40269305417265344,0.4013530201834591,0.5360616501930066,0.5105205609319431,0.3428963138873397,0.32066816096227085,0.2364231790013626,0
103,10,0.2969535922947691,0.3418051023075436,0.4780226465870958,0.5203056380960942,0.27097837588158424,0.3939622874887667,0.274215134935063,0
103,11,0.2872491900865254,0.4466593476287873,0.5085559521513723,0.6630159477384283,0.29689422762946627,0.4108307218328321,0.3371285124183395,0
103,12,0.26029627492509494,0.4746134894651229,0.5873861396876497,0.6021717173225916,0.3603714253062501,0.3728913919191073,0.2966330657360559,0
103,13,0.28028320545674595,0.46052929941949183,0.5596974003852695,0.6451777933642735,0.3252494994489128,0.4302315594147195,0.37385936583677315,0
103,14,0.2506322330967188,0.446964103496134,0.6293517053325519,0.5992497746024149,0.3103442391199982,0.37510406864396745,0.2893240742212261,0
103,15,0.3665354131252562,0.4143357178518754,0.46807179987988423,0.6241850748674365,0.23811919599281545,0.5027790983336917,0.25746335201562387,0
103,16,0.30612043759274116,0.4629870221263655,0.5434914477889708,0.6201627674027818,0.36971591822593214,0.48413447665630627,0.41142282357822746,0
103,17,0.20281831164528713,0.3568553472564998,0.4002707605126869,0.548019067091567,0.2734032132622114,0.4229816546134572,0.36695612639008396,0
103,18,0.267259159700074,0.41000705294153394,0.6695543427941028,0.6556870987756294,0.37236243086971044,0.4512750887319656,0.31233764757649846,0
103,19,0.2924783902202256,0.44686478729165274,0.41498280605120674,0.5818180506687026,0.3379569347335271,0.4709146818797171,0.2906390459463791,0
103,20,0.27525298726715014,0.38696793334402413,0.45210950576213005,0.609596171652258,0.38618378490519173,0.43831374742169443,0.29035685023101165,0
103,21,0.29303514683626863,0.39250663379722484,0.5394158981067982,0.7286196157595907,0.3800250163730215,0.3763459704753251,0.408027237808314,0
103,22,0.384397099617631,0.4450891321349889,0.4803511846396789,0.5664184513045851,0.4664734545720355,0.5310939481296304,0.2911813452373027,0
103,23,0.31548143193823996,0.4045870719321018,0.48729136526514294,0.6057068552992378,0.4315924134252624,0.4131518178941794,0.34660382667191936,0
103,24,0.20470331888718019,0.47964875699182685,0.5068296558076604,0.544168244725329,0.3724401219057656,0.46374828513616617,0.3447116557467233,0
103,25,0.34539990982682134,0.3964198280084579,0.33319834589802577,0.6272543215332231,0.4628570724791513,0.4448777845710209,0.37803022369105793,0
103,26,0.3098697775144215,0.4115711689335763,0.5904108543603646,0.5653759522724051,0.5575909541654365,0.4313002940590348,0.3875090375195407,0
103,27,0.3976518057993104,0.5251754571557378,0.520536382059972,0.6364819643402322,0.519437458716225,0.47301649476875685,0.30416371657252317,0
103,28,0.2969596046809283,0.470349739530399,0.489676913842757,0.6423683381603627,0.34467249171714587,0.40310096894845654,0.3131388174811731,0
103,29,0.262366637527397,0.4212271763196344,0.600868471932044,0.6738299029413805,0.3089825145523499,0.43126271825649676,0.4191418081613755,0
103,30,0.36193817180173476,0.4962073568569831,0.4808748713138536,0.6328418314910942,0.49830402938572266,0.46735400311112557,0.33831835308216557,0
103,31,0.28816350034752625,0.5013078332486858,0.44912657434820946,0.5710244452396167,0.5199071016084601,0.4779128200765708,0.3363924872493078,0
103,32,0.34646409632291164,0.4416911877972492,0.5848292097810673,0.589002550570609,0.3829599880989458,0.39561341032236325,0.34185027338816487,0
103,33,0.29417637905226734,0.4378757413566317,0.6082731443109154,0.6865786668998579,0.5136148859221087,0.45194815323112253,0.3347292795876536,0
103,34,0.34015229694499555,0.5244063745096966,0.6224878925519638,0.644604632582659,0.4761427530547454,0.44658075456659224,0.28621487382486643,0
103,35,0.3553861349551177,0.412123702081381,0.7214907847751364,0.6533748092046063,0.46457326020819256,0.5717095982110891,0.3461975478742494,0
103,36,0.4019273601246632,0.48176207260022164,0.5465140910391915,0.6986991023016877,0.5840738042551449,0.4799047560030875,0.2948337984604461,0
103,37,0.3731969835054743,0.5556296483594252,0.5342162251043805,0.5684343164725109,0.5097149253087024,0.5540757451663814,0.33538661933472375,0
103,38,0.49061076932336845,0.5489182308260554,0.5669366100891962,0.626688920376447,0.538098692905623,0.49762144941621733,0.4532376793169286,0
103,39,0.43582715873266864,0.6014352093228156,0.6023870266527458,0.5767642517429281,0.48938172173892336,0.4493108056714117,0.49339659746827763,0
103,40,0.6002642677844741,0.5494570602830041,0.6650683855474211,0.5479368384718608,0.5600599581578577,0.5084322529252883,0.524590826026737,0
103,41,0.5716441177987934,0.6536603008372638,0.6414825807591912,0.49494631308537546,0.6367119890804246,0.5561231400171825,0.3983851948096976,0
103,42,0.540720715686321,0.5863730123802005,0.6372733850538318,0.5629868691894392,0.580396787471421,0.6145400209527685,0.549723914224681,0
103,43,0.6655409602977682,0.7320529446534753,0.5182777990716083,0.6379714403964584,0.6100014505410991,0.5662539544220857,0.5616912461291593,0
103,44,0.6493269800292311,0.7379912822464125,0.6940779795322163,0.43743851821602386,0.7039466072248826,0.6486471262542175,0.5339205955312665,0
103,45,0.770343683823413,0.6392851955107469,0.7169699924448517,0.504494187477655,0.7125314859828171,0.5925676027277308,0.6866121641361584,0
103,46,0.7465510462155055,0.7072239825608562,0.772281320147213,0.4941101914705906,0.7601267524538549,0.6669459752395163,0.5915694609937567,0
103,47,0.8176137101024504,0.6962922289072386,0.7257797564744877,0.5625307973027531,0.7806891669224437,0.7275167774481862,0.8066516504529095,0
103,48,0.8809358112129698,0.7607382563587141,0.8711960696550372,0.46904388157068844,0.8398541776584889,0.7758718714552414,0.6743053737277096,1
103,49,0.9140572559757681,0.7943007625949787,0.7438933729240346,0.5309286537728103,0.7676383679122435,0.7820595937546292,0.7684612793740558,0
103,50,0.9663767054487813,0.7513671222341272,0.7404389898743985,0.49008101085091116,0.8019989109054264,0.8129152004426862,0.7771346936652478,1
104,1,0.20430633465234194,0.36743985843186,0.5681901048257234,0.6901565372571667,0.15143849696705836,0.34657080510812055,0.27771085500856973,0
104,2,0.1537953182916172,0.3431671745054113,0.5764570651072306,0.6590230982074393,0.36544872335025513,0.3907018985682765,0.35169178348786045,0
104,3,0.1934287786591383,0.390466239936385,0.4655203217969915,0.6355234123648028,0.2862020945049953,0.40577143187426973,0.33021921625495093,0
104,4,0.2995439968326134,0.34175276374160984,0.5029594087580941,0.66256596868125,0.17079590514486653,0.36012118835549844,0.28907945623863884,0
104,5,0.2198309309332802,0.37943261980657045,0.6591923721885974,0.5923011288137062,0.28013776110329186,0.4529298183124708,0.2085592525542323,0
104,6,0.2633380720717004,0.4134475812304989,0.5836203288594435,0.6171330783462722,0.30691587802648507,0.3345888288359218,0.3364763223639692,0
104,7,0.2456114568973432,0.36608570792936324,0.4958819852971714,0.6051127605203444,0.19465257748312093,0.4477150612267475,0.37685889952993123,0
104,8,0.26376039448735944,0.38977809157738197,0.47528621354941136,0.6244858229295991,0.2773952108301215,0.44043393246360946,0.24425671443641994,0
104,9,0.24690504680050815,0.4430912887874798,0.5994218929956366,0.5047327608778549,0.3188275511798098,0.4243908741490698,0.35434377450439214,0
104,10,0.2932154635870881,0.36324971589343824,0.5441549363884581,0.6370554683784816,0.2806746497532526,0.3823957324711815,0.28756509388882673,0
104,11,0.3244368338104525,0.5163080040134573,0.5544756712470131,0.6350855805145467,0.3259354244883963,0.5318259425272857,0.33463110359084525,0
104,12,0.23988294100392654,0.41321045727622274,0.5462479363058701,0.5749136990679214,0.27041369283852784,0.4336089488646744,0.28860424295888903,0
104,13,0.29094437655530864,0.4369257059697725,0.5550925614139521,0.6270556018346988,0.08946453276225369,0.39440668188487493,0.34916723521955184,0
104,14,0.30361895134276873,0.4719814344922468,0.5038154791091629,0.5845673684995006,0.32657546607098653,0.4373994282682467,0.3477501613541313,0
104,15,0.2277446801930764,0.3783801762415769,0.34771882060302123,0.5903111949737384,0.24502413597965378,0.4216257527539169,0.2946020046185281,0
104,16,0.25553984807777524,0.3470268297258602,0.549857697049334,0.7651933719692188,0.40850478153467207,0.4763617974046414,0.3118272545164611,0
104,17,0.24363394877471461,0.44623210842754857,0.44768460157817846,0.6332209177583521,0.3131819567207572,0.3580764644929652,0.29031286720844274,0
104,18,0.28216705637950057,0.25917467357830865,0.4816460462814449,0.6741956165956398,0.34409799808741054,0.4713896745517376,0.3070353134044527,0
104,19,0.28061292908908053,0.4071056296925505,0.5704036653261851,0.7118923460057301,0.39407864037890544,0.4517980361763286,0.2872412303660101,0
104,20,0.2568954915773931,0.47003434945675415,0.5853188782654656,0.6792504855235185,0.44036761276017516,0.49649794167125294,0.26918884379948416,0
104,21,0.2174244190114219,0.3726089847550184,0.6403717146055117,0.560844262635794,0.32140823681094105,0.4466065615048778,0.29730120662977016,0
104,22,0.2759768969707576,0.4694586750557248,0.4805670078592964,0.5202778991264592,0.3542772053257988,0.41490113686880264,0.30095084524798027,0
104,23,0.300051811934799,0.432960198390834,0.42886585274257355,0.6263763685019722,0.45273396392541587,0.5120865231716728,0.21878548294040234,0
104,24,0.22830930302329028,0.41978424913675655,0.635598684232408,0.5763668780894469,0.3874975536618373,0.41214636926757237,0.4236966272463277,0
104,25,0.2726298209516016,0.4117197160956132,0.41951799802136613,0.6861330919673684,0.31681376864769856,0.4320276625645955,0.34106340777814015,0
104,26,0.21733495988931295,0.4491869986262838,0.4882717781915559,0.6685189127641904,0.4649666808910562,0.5536138396853114,0.35309881191927434,0
104,27,0.2897014066987649,0.5457864661134251,0.5439188380749566,0.6138467521043885,0.47543466906657234,0.42555205623055403,0.32521914539809593,0
104,28,0.3478598427697775,0.49265328560252897,0.5391872080016199,0.6362256410671905,0.5096253544089971,0.4045012250314926,0.3528696397117988,0
104,29,0.35185991445315856,0.42626934460343563,0.4934758868549803,0.6126860496964418,0.4981462594931301,0.5801917388364137,0.27774824639419193,0
104,30,0.3298824245570842,0.4316637412305341,0.6065156698319631,0.6099322629128474,0.5231186239853478,0.4495754756419638,0.3852442047656488,0
104,31,0.4189192271655959,0.38561702574557466,0.5000565096856837,0.5347769568954341,0.5270179071125893,0.490380528832718,0.29969060477007947,0
104,32,0.2907210422685004,0.4925659345369112,0.5947489922457654,0.6053077554392415,0.5425912000787174,0.45759457681856786,0.3801367824226932,0
104,33,0.23583702583192778,0.46962326892804424,0.4916433735019726,0.703536144064833,0.41514943720805664,0.5274509398512556,0.3568614129706572,0
104,34,0.263852325049001,0.462960488441949,0.5078766230170458,0.7461945486026743,0.4646392851533121,0.5252688316168144,0.4267682410632889,0
104,35,0.30675437024697144,0.5712448081191202,0.6968526974255809,0.6420269731573732,0.4870760681140055,0.4259676678940165,0.39458795663018936,0
104,36,0.3491839072671202,0.4162066062421355,0.5599065092919211,0.6886309179194026,0.5729110783359,0.449693903413872,0.36814791540035274,0
104,37,0.31038554136139496,0.46919858129914715,0.6035385542011007,0.5776191215497862,0.4708409046253216,0.5096839543440236,0.3550697618281042,0
104,38,0.42715445940877456,0.5360248560902269,0.5605627303179356,0.5903517276768764,0.5733431195904345,0.5179954176409747,0.41638844267455827,0
104,39,0.3990883332066611,0.5126363403426564,0.578943708804063,0.5451910881947447,0.5034599456678189,0.5058276399657639,0.4851580068624623,0
104,40,0.4527333679739109,0.5804830667831459,0.6819185330459204,0.7022796070497812,0.5702440760490303,0.628197600465765,0.48820687398384255,0
104,41,0.4619221666162938,0.6164128725632089,0.685782238180206,0.5443530381065347,0.44694915197773755,0.5562789206179098,0.4844247031740856,0
104,42,0.5311611401992967,0.5853780787213508,0.556629101163237,0.5393378177005409,0.7808744066718369,0.48875320463876465,0.45814973667711256,0
104,43,0.6996907013114201,0.6845915604803714,0.763177290247968,0.5454682963914768,0.5550222839877852,0.5648820767064106,0.5484219716295509,0
104,44,0.6331488846732581,0.7039367255365366,0.62056582496945,0.504370486770406,0.5837228627957407,0.6168513176820964,0.5896875448667811,0
104,45,0.7640833765691046,0.6409169739682347,0.6879322351535244,0.5391071596477086,0.5813676779345838,0.5994487371574013,0.6924737291947569,0
104,46,0.6896702916472789,0.7255687929168677,0.7659897942414595,0.5245765376519307,0.6988040477445655,0.5308843243896275,0.6725020188955827,0
104,47,0.816739312577784,0.6616759013315974,0.6968833071002398,0.5921366273944192,0.6752980760896412,0.666924088432625,0.6531473087133963,0
104,48,0.8737476942624581,0.710773237390548,0.7304235441546242,0.5408199946504441,0.7825717556334258,0.6775308413772141,0.7518154570398514,0
104,49,0.8642538589347912,0.8128955038409728,0.7956980107626621,0.5496467589251179,0.6770735915466715,0.7137367880629973,0.7601473652973381,1
104,50,0.8507296029330746,0.8626366228426747,0.7413623824602228,0.5200828735922521,0.6970187041344029,0.7214737288596609,0.7788034243955336,0
105,1,0.1969541943272739,0.41947783153318846,0.3316092517291466,0.604700993363713,0.23777821132224944,0.4570314257272707,0.2773313484140441,0
105,2,0.3061374643248131,0.44273312718762475,0.5997729451999938,0.542551194623342,0.20596125341764748,0.31312340059039506,0.21682495682069725,0
105,3,0.32461590445031235,0.3737553460880183,0.48457246404623416,0.6380018403744717,0.18676632580260033,0.32446620518447344,0.25050367641929044,0
105,4,0.308388445715829,0.39008055116336815,0.5380283494252857,0.6754823652256621,0.3032337468424825,0.4342154697431589,0.23354199832844663,0
105,5,0.23097189595731055,0.3492556793464936,0.5149584070800806,0.7332465561591825,0.25771431775335474,0.42280026013698785,0.3410945314144054,0
105,6,0.34426705475555364,0.453995727973218,0.5137297955437544,0.7456247530549345,0.32091387084640893,0.43066949224873435,0.28841735269754526,0
105,7,0.2892283156574747,0.4031100851137946,0.4888356810548709,0.6071618137544486,0.19145042631638642,0.40139308957223946,0.21833704792436448,0
105,8,0.3033682439542858,0.40467068117119936,0.574836349154924,0.5681873841960858,0.22935024336396337,0.35713937360284986,0.351950955738646,0
105,9,0.36944463227435465,0.4925285231009772,0.48469452026163384,0.5773311005990882,0.17327203932718102,0.3777006502146992,0.28715470014516836,0
105,10,0.2526987264068707,0.41185826148996113,0.5785406183666375,0.5769752289515021,0.2976787853184874,0.5271879078497712,0.21569781917826797,0
105,11,0.329203939387313,0.4819265615334752,0.5852824674358573,0.58020785801082,0.2991080984053129,0.36237282663192155,0.282453181653089,0
105,12,0.3289446548012285,0.4606717991008356,0.63000488469096,0.5938672755636071,0.3766861006114868,0.45016513285972926,0.2458291413778375,0
105,13,0.32315930732055875,0.3819651337231693,0.44796039643637475,0.5555505122939359,0.2843870577583003,0.3949685016667336,0.37532039215478685,0
105,14,0.3265288757734822,0.45281571986745095,0.45500224992921023,0.6060851750641195,0.30547386278064764,0.4357311003098999,0.349546716207271,0
105,15,0.29456641772338893,0.3537773950910079,0.535554801889573,0.5805995848524449,0.30333467688087784,0.4521723208202508,0.29724641507049704,0
105,16,0.4538081293353492,0.46589221134892694,0.6197428531346338,0.650653586820855,0.34862706531017607,0.4687032292187665,0.34546540716143503,0
105,17,0.334733626038236,0.368784212231524,0.42443010234295175,0.647674030655381,0.2854282912297207,0.4781213367299448,0.3911327053911777,0
105,18,0.3959326168558428,0.4497469027590504,0.5306144026065783,0.624370770542337,0.3121489771136117,0.3972682683980512,0.24459795334313456,0
105,19,0.4459349989339956,0.3647317204040161,0.4480423817339654,0.5716646068170421,0.3254806956571519,0.4600661945052443,0.29880943114475295,0
105,20,0.3000902591430378,0.4182388760122315,0.5278227805510788,0.6119266931450839,0.49884584702905493,0.4465906658989167,0.321512912056479,0
105,21,0.35816157638684454,0.3458457270639193,0.5722186595343648,0.6285450424411261,0.4368738302596798,0.41767855243962276,0.3359489898111185,0
105,22,0.3032879072941546,0.4777017153173574,0.5746979309576489,0.6119079627679618,0.49271203022505927,0.476577653243108,0.25349235119880575,0
105,23,0.3204598614675958,0.489684063793683,0.5574869083584597,0.4614954870612033,0.44329189496053467,0.44111718703590536,0.31682765166694804,0
105,24,0.3964092483543977,0.40633646267409074,0.6163296579656159,0.5288210030970777,0.4337416518028492,0.4922220256835998,0.3797949161344501,0
105,25,0.3502255192772699,0.42750075259960846,0.4544305694246158,0.5788597938767752,0.36731727471346987,0.3987341864021947,0.4351855241022023,0
105,26,0.4204407904200037,0.39577489831290513,0.47005115325056723,0.5576914616627272,0.36737145454801334,0.5025427506374538,0.3770183436592925,0
105,27,0.5031331616157375,0.45936366221774677,0.5473913360466396,0.5788617309547,0.3947159840560535,0.4311443356185106,0.3927864616739849,0
105,28,0.43589539979400554,0.42694614993901897,0.5860656350819701,0.6383304903714876,0.47805212608526404,0.4160112181602281,0.3008633508728529,0
105,29,0.4186073567373043,0.43448469667867606,0.589032463370401,0.6919624706780823,0.4392921334066137,0.3886593686205116,0.2897104701444367,0
105,30,0.3562646134382624,0.46619305919671494,0.5468927228222559,0.6036583426588603,0.5107540987503505,0.4239613188625614,0.4212337196745104,0
105,31,0.4255056616689694,0.4376247383739477,0.5414503699007094,0.6633706064178682,0.46700514944227456,0.42844250366349257,0.3236368683392021,0
105,32,0.3552184700526231,0.6337176906265902,0.42453765534002574,0.555152566878758,0.5297613979358203,0.4432299606928983,0.36461439050776395,0
105,33,0.4959830042518983,0.4961290357904721,0.6373419641346941,0.5061547909412767,0.47264139579964587,0.5159409455553788,0.502459530968401,0
105,34,0.41839319406639386,0.5464701035966758,0.5881226629797025,0.5588940210545897,0.45099871195457064,0.47940536603260187,0.4514618684985941,0
105,35,0.5651234222968596,0.5421988878159639,0.6381053483969544,0.6127084304464285,0.5147799610068865,0.5606558874150224,0.386135739623491,0
105,36,0.5169707354758156,0.5876769343838149,0.6517579391277508,0.5410892239144478,0.4966342550509798,0.5368287121155177,0.3917175690846115,0
105,37,0.5575737343924297,0.5297229817354044,0.5359471944457864,0.6027880672114327,0.5861644681048989,0.5083782762450846,0.4845063434258942,0
105,38,0.5869445602209632,0.6815771109474078,0.7799392534760017,0.5652943937722409,0.6099105375500726,0.5803167781343642,0.42574823704438775,0
105,39,0.5151832483309461,0.6498536773199088,0.7785768810714198,0.6359501932351981,0.6016699646456066,0.5697758357598726,0.5157815530342829,0
105,40,0.6728481719790967,0.6501230062202148,0.5767705325687907,0.602064591730885,0.6050009418279392,0.608348437782176,0.6049538322958184,0
105,41,0.6783848450665727,0.6445691777557181,0.6285873824937974,0.4929866182975292,0.5853487270403557,0.5474774729897162,0.617845648148005,0
105,42,0.739669233532185,0.5898511557373294,0.8136190466343705,0.529488303317708,0.7486778660860547,0.6537566027261692,0.5866168113800038,0
105,43,0.7837343188626648,0.6943828158178421,0.66142294842536,0.6099172254107433,0.6268093964213826,0.6112717376457261,0.5899525380178203,0
105,44,0.7517419796086708,0.8140228360020934,0.7709303399309921,0.5561197082783279,0.6411501488542646,0.6165313612285166,0.6230688594391385,0
105,45,0.8321110807825213,0.7823769413114915,0.7259884519376962,0.4828618449953108,0.6951537455501686,0.6042083662899584,0.72276675549023,0
105,46,0.8200707515624864,0.8052589133724188,0.6747178060910963,0.5168566908423392,0.5457385324467953,0.6557700616358243,0.714314581839367,0
105,47,0.9077292865914804,0.7833921089790694,0.811348423715332,0.47990116752474715,0.7045070040209849,0.6123172391338781,0.701596229768612,0
105,48,0.9588711754343486,0.772563238194851,0.7171389814706925,0.477489189543754,0.7356298725600016,0.7991257391986012,0.5529141942788999,0
105,49,1.0006847926347648,0.7976725638319391,0.7952897699674422,0.5826425309696543,0.7324295307343713,0.6809714846542525,0.7961706568864002,1
105,50,0.9699468367945898,0.87356238770505,0.8372232203542196,0.5028188015764693,0.7823274670952538,0.7536233860082997,0.7479066124631256,1
106,1,0.2431098574159344,0.3397785400905512,0.5625930354917924,0.6314176380050055,0.2885107219918881,0.4520392480147357,0.27446122581260846,0
106,2,0.22171075476488544,0.4963639360944503,0.509128341098928,0.6117203603424762,0.20627185771561551,0.4322427980746062,0.22848437741751154,0
106,3,0.16132785614952905,0.3537267765917972,0.5610870115192005,0.6215762692371622,0.18248860332628844,0.41668594352371213,0.2754973645710125,0
106,4,0.14017939497235266,0.3458369412660832,0.4054977555116661,0.5660243541738585,0.19263667957954053,0.37387268732298173,0.3286208078098959,0
106,5,0.2604136931581379,0.37473004349086175,0.522713111129579,0.6160152215701827,0.20847078897998156,0.49323585113859525,0.3933606546049178,0
106,6,0.29474797440920714,0.3760509404314313,0.4912377314130354,0.6369606546287846,0.34685945648706773,0.4424624648305385,0.3162228710332333,0
106,7,0.2768916633929074,0.43375672481962885,0.5824139257597627,0.5841265566116267,0.1589311431062665,0.5210499064442229,0.24631574105909143,0
106,8,0.21335824602921097,0.38560555933198043,0.461969694238605,0.6478150834241572,0.30045371499401075,0.4621968480777772,0.32865999318438904,0
106,9,0.21261831440239926,0.46935966521669575,0.47790303769122566,0.587524927495233,0.3367698555720245,0.4316708080908647,0.2781466730724773,0
106,10,0.2933297883080347,0.44530118599022855,0.5325574982538138,0.5500196449220925,0.30444728301639273,0.4233602572046697,0.26037771939045024,0
106,11,0.2755424579932315,0.4807211370782434,0.4435814061020554,0.5641238815905816,0.34064809943999735,0.4149403525645878,0.3362376010577259,0
106,12,0.2731843376792823,0.35251343471565866,0.557653073017743,0.4940457619494598,0.36351952901501605,0.4350990388340046,0.33326162247702007,0
106,13,0.1626422668389502,0.4921413767914856,0.5442140195445035,0.6653797157468451,0.26904699915191466,0.45023877313636285,0.24830510215965457,0
106,14,0.20455635423876856,0.6767617615954498,0.5647611334176539,0.6998515988881959,0.3110247878698165,0.4595502054160523,0.36166714996227434,0
106,15,0.22150558608529466,0.4776251763084102,0.5087363650834568,0.5751402766268662,0.29714161513421866,0.37987632580864056,0.22103275223481458,0
106,16,0.2610197869858335,0.4651808167483361,0.7019254395384721,0.6175168913197566,0.2672023875691877,0.44097687824001464,0.3567465485989413,0
106,17,0.30899055761587124,0.46283874207238535,0.5338705707132073,0.6642086903524188,0.28191074535144933,0.3433915106881042,0.4288626324176043,0
106,18,0.2926295198439766,0.2967127226780485,0.6369429359628086,0.6893519285620254,0.2680636790840458,0.4293346610511043,0.34011139268844787,0
106,19,0.2939724725548434,0.49168128373725983,0.5530942209764155,0.5260265025275623,0.308796495713685,0.44041013678489543,0.3169214433631893,0
106,20,0.25990201399807333,0.3517993830592492,0.588395830342497,0.6576353287341977,0.4113424227764799,0.4694857697003054,0.317794485039984,0
106,21,0.2258539498093754,0.5217462922567362,0.5321643958785173,0.5203652292914135,0.3872471659260071,0.34518703753296254,0.34700047032948333,0
106,22,0.253238597713585,0.40022551759471753,0.574569827484588,0.6150190041197928,0.2814981900075087,0.5109944668161842,0.2902085097398576,0
106,23,0.3518683293580463,0.5027791353344063,0.5073643869073297,0.5448508472220651,0.3524167315366182,0.4303250566361752,0.40060998778648105,0
106,24,0.29583356826452906,0.48490592253962367,0.5237444592777286,0.5676305655105968,0.32596409015873506,0.46974588988535987,0.38741867625789334,0
106,25,0.35051073429035234,0.4357531940215971,0.5458623553363376,0.606735752141418,0.49918777594037234,0.4796335027562443,0.34208160210318206,0
106,26,0.23528980297162355,0.34592786222192773,0.5043959238537371,0.6083592893817429,0.4658760587693352,0.44824445027970067,0.32413941717450095,0
106,27,0.32469396783890364,0.4707510365465388,0.6001688431719681,0.6216357422419716,0.5118117518415328,0.4302733568809576,0.348172096726457,0
106,28,0.3349289345467574,0.4836205771417989,0.5782312126922211,0.6361282089336853,0.44043778463253197,0.5042631546746275,0.2690844360707636,0
106,29,0.3851267039640671,0.4317707155117011,0.5409293172454294,0.7032681550358124,0.45343413804462634,0.41890588354856195,0.41531802689010944,0
106,30,0.29808236937068827,0.36898178327824716,0.5390861378677329,0.6609782238597363,0.4441488635188029,0.39793249029810573,0.3339769455455619,0
106,31,0.30005283582903275,0.4447199476996723,0.6661207119632536,0.6381411429061455,0.37458716718882296,0.46697469921625573,0.358602314467998,0
106,32,0.3085339890556053,0.46396299449452016,0.6816098283587191,0.5558709549990756,0.5358610549523611,0.467994522300176,0.3381571221561506,0
106,33,0.3878522121608784,0.49906530990066117,0.594878050844831,0.6733863964809492,0.5175142431385598,0.4131505460651083,0.2872141725828017,0
106,34,0.3644909063723905,0.5012520636276055,0.6918316401853745,0.5494718047195748,0.36125749768701654,0.3909110675380507,0.3629663712249582,0
106,35,0.4578278882710419,0.5609386209969773,0.39889848510417186,0.7747082388054314,0.5037012633415916,0.5581679813771822,0.440522805899335,0
106,36,0.4105487208583152,0.4846483168888562,0.5007828027767727,0.5900257534510015,0.4607083876714444,0.5944623452118424,0.4417808290275751,0
106,37,0.43477610153100354,0.5322295854831638,0.6450052891528765,0.5777764862227514,0.6180517156118336,0.5992664207549118,0.515601963253941,0
106,38,0.5315917019541888,0.5557919344138952,0.6961469243343952,0.628522700931137,0.538269658556633,0.5180988084998218,0.4797650178854966,0
106,39,0.5307144043815223,0.6044508807073439,0.6179260797174846,0.5587991417044886,0.5211648304639726,0.5976945741543066,0.4571961352094394,0
106,40,0.5385808772621692,0.66453913791702,0.6178374253853506,0.5129587815573994,0.6660252002320619,0.5319226735058359,0.539511790762758,0
106,41,0.5566722273473502,0.6425353697193744,0.6243062144227641,0.5745536402567636,0.6182253834411737,0.634531084822311,0.5244529200125992,0
106,42,0.7075678911205819,0.682027235635187,0.6118898655197343,0.5575334660185151,0.6305072582250074,0.6924183356830034,0.5740414994524647,0
106,43,0.6670627526053928,0.6929804637073605,0.6551032928275617,0.5376677943025547,0.7070495789817325,0.5825587683953707,0.6508979894277813,0
106,44,0.6660544957077813,0.7725763731932793,0.7659988725232277,0.5988193278790582,0.6311695832130966,0.6284073980975422,0.6205837370830138,0
106,45,0.7292981343674128,0.724502203302025,0.6249778549700871,0.48168867293736206,0.6439511076814843,0.667733544830029,0.5791303527596205,0
106,46,0.6709074694136387,0.8252507685424975,0.7254930021902053,0.5519580369226118,0.6352674683690948,0.7230202140591729,0.7491975034215244,0
106,47,0.7741563727988773,0.8042567046411421,0.7821913578315473,0.5788867532779205,0.7561667811541558,0.7284440655425156,0.6631237516487402,0
106,48,0.8095778829764594,0.6726368594168214,0.7110577932280531,0.4867658000392863,0.7464622219165988,0.7374328841000941,0.7311072756686686,0
106,49,0.8401718245824565,0.7202365956537143,0.7756373617164778,0.48064220753519676,0.6825255715796898,0.6959455581945723,0.7060071782551969,0
106,50,0.9767042468372031,0.8473273350260051,0.7503136019114963,0.602523531784038,0.7456047389659317,0.6646046825350622,0.7025660414995066,1
107,1,0.12899411635120603,0.373537177924764,0.5808356915043668,0.6975087687396604,0.24857882983167076,0.42120621127519603,0.25407972902621745,0
107,2,0.28031525213148756,0.4022708492130655,0.4708599811529905,0.6105400856863903,0.20199845967007432,0.45023796903539476,0.24701632015843517,0
107,3,0.22322503883811046,0.4150023350328084,0.4287629794302198,0.6110316113267706,0.19539221263586837,0.4205073253519287,0.2544694719553317,0
107,4,0.20776135187537137,0.31949310921076457,0.41331981768197645,0.6922854309402289,0.22519564879617657,0.40610944720685105,0.34682704043015805,0
107,5,0.14226054703216862,0.34661797319105386,0.5519258742488814,0.7417676866719739,0.29537394113531246,0.407905551186469,0.2816640892660588,0
107,6,0.10461853698605882,0.40677344826672557,0.5504863613498264,0.726376291039357,0.319444085118591,0.5248962007446739,0.37962909115914745,0
107,7,0.210527032136933,0.4254428090775408,0.3942880134219982,0.6278209283365789,0.2969696229124522,0.4156319348445805,0.22111820149944642,0
107,8,0.2331204543541342,0.4968305121008877,0.5647521406224736,0.7021065940467907,0.3417853179729142,0.39722889780200016,0.27535146789085724,0
107,9,0.16809905079059287,0.5016559790058215,0.5173588794348644,0.647570488807581,0.20113822224857952,0.47352920577464724,0.2829273355922567,0
107,10,0.1857464084576517,0.4825943964540553,0.5818601978959099,0.5920586099014981,0.37507044539360174,0.49144006482842856,0.3304815970675814,0
107,11,0.26362257863722943,0.4219005025003164,0.5210543960721562,0.6244297788270569,0.29719273762992476,0.39211882604487647,0.23283197254317653,0
107,12,0.24218408385839335,0.3000093682406445,0.5700355983514649,0.6503699582144515,0.28983641411562067,0.4881263608423717,0.29819639965195505,0
107,13,0.13290836354200175,0.31170889626328435,0.5043270651324608,0.6453713569790545,0.3740156608170081,0.4293369245034655,0.32612837170848863,0
107,14,0.22802897900492525,0.4557629093742137,0.4433832849842384,0.5206141299410061,0.2939681511033254,0.47833752561510967,0.2808477537216759,0
107,15,0.18666818717749095,0.3998742954532148,0.5409428169386449,0.5799547864621075,0.30512258282121923,0.31057933646127633,0.3609623114599867,0
107,16,0.1943505886312843,0.5232302505189217,0.4703606455558645,0.5890676801473537,0.28629287248883173,0.4975885381339592,0.39328954083174594,0
107,17,0.3114349979533346,0.4043344970515718,0.6442700097320506,0.6082636957191218,0.260441772840572,0.4224758214181086,0.3404976404332793,0
107,18,0.25616183375402,0.4636294938093304,0.5575429352844403,0.6593079724894365,0.35119709361563206,0.4088358412081727,0.2532914072174274,0
107,19,0.22555544453290344,0.4334790977271521,0.3854587746994997,0.5288938765053325,0.401598785675064,0.3648259265222959,0.31989824840847786,0
107,20,0.21130056445667622,0.44626536795980276,0.5339992184508686,0.6527767338073951,0.31387968562212987,0.4037771598751441,0.388161525571334,0
107,21,0.2779114307534161,0.419743980930933,0.5654671292520995,0.4706749896833482,0.4580841265407757,0.42663561610403683,0.27215398005111313,0
107,22,0.2500375604168424,0.441680229430531,0.5450835458727159,0.5484408529030288,0.4502702714521457,0.4245862799903728,0.30848430768039997,0
107,23,0.2999585369591456,0.4481049652826604,0.4988359428922796,0.6005753819730647,0.4801493599130484,0.504968577041419,0.35809196130027704,0
107,24,0.38609729616538235,0.47557572749419474,0.5510427362630003,0.6078749933379505,0.43740843259074974,0.30133733571835175,0.39378577801409037,0
107,25,0.2381130215571472,0.38499087389219655,0.4884509866180342,0.599580475139542,0.4783610711513196,0.5194532351787001,0.44205523446124834,0
107,26,0.26666378415601777,0.4965783933746037,0.4818099321597696,0.5620489926490496,0.4119672196247114,0.45470792848883146,0.24425723248765496,0
107,27,0.29322068232600257,0.5001098786252414,0.4332659695595507,0.580095906391467,0.40005338730097156,0.44766284690473324,0.348521869228641,0
107,28,0.2897549282461984,0.42573154974404415,0.6979399601085077,0.6040658534133523,0.39759074935318983,0.3649424152031461,0.3573204884089512,0
107,29,0.25533148824335605,0.5114321289694637,0.5609505277274177,0.5083804661602181,0.5037585454738972,0.45821705555916065,0.3156162618440884,0
107,30,0.38673630771989104,0.44017566933693725,0.5859330840314487,0.621761652879793,0.47635957841704657,0.4579563213038355,0.3836223586645434,0
107,31,0.3878136383990412,0.41855443398899583,0.4256447662623476,0.49292105319712254,0.4131594044729851,0.4582501317666439,0.3875300911695223,0
107,32,0.3931772164973402,0.5299001312905423,0.6660367254627781,0.4985286415275321,0.5289069527763517,0.5247332292195467,0.36615273834606493,0
107,33,0.4410107610540623,0.547550414946799,0.4270396640769971,0.6517401136187151,0.5366881703631131,0.5407267403181173,0.2788725466905222,0
107,34,0.3782107517513839,0.6317667490602702,0.529222450325828,0.6774516315861444,0.5944753122961061,0.5438848781614225,0.5242999061349354,0
107,35,0.4391449959547611,0.630596357155961,0.5510826324857065,0.5039292662418355,0.5322439695217159,0.5009799365374265,0.5799214493002718,0
107,36,0.4761220621640945,0.5517925295281484,0.650871731825579,0.6495135338652296,0.5831937038701784,0.5098050871235653,0.4339387654677277,0
107,37,0.5482271348043042,0.5957192439355217,0.7080007675783146,0.6046738472372271,0.5941974899871063,0.5949985005188946,0.4554382321168995,0
107,38,0.5079350378753565,0.655845448986604,0.5760057772807048,0.5727423256641322,0.584303222975854,0.6118952553254805,0.48418386765027227,0
107,39,0.5339865977842904,0.605792699158278,0.6480704435666902,0.6342684910439431,0.557895207722731,0.5052748843094583,0.5158754083106258,0
107,40,0.7084257761319928,0.6908078480635503,0.6156202436647323,0.5489150790142491,0.7168668057949822,0.5944159824350335,0.5708421056278451,0
107,41,0.6772898243509904,0.6625039953687542,0.739703540348513,0.6159401576097133,0.6736354791178237,0.6074940039425065,0.5314591729600149,0
107,42,0.6365709378257786,0.6672055516837141,0.6721833679002387,0.5757106527005453,0.613674865461112,0.5622332970966339,0.5725670208650903,0
107,43,0.7249496261772066,0.6756524252669819,0.7894650822882348,0.5273415671241992,0.8019424199667258,0.6563460886925868,0.6679020345003356,0
107,44,0.7993245338187436,0.7189714380858709,0.8074991229256295,0.4990941856785144,0.657791508493019,0.6559590886527401,0.7047693487490044,0
107,45,0.8350747680460534,0.8246268704219175,0.7225978587052964,0.4733411825427744,0.7537627679838955,0.5630011423050578,0.7149342755756342,0
107,46,0.8428649314951628,0.7063962647573598,0.6837681263529706,0.5523756042428056,0.7440097706318086,0.6487472216815272,0.6803850567676203,0
107,47,0.8579045685721673,0.775481501104197,0.6979181612037472,0.43872839374331896,0.7373486318692657,0.7329531909206184,0.7236808520379873,0
107,48,0.9244038246273274,0.7052819856503567,0.812188894602011,0.5286548854970128,0.7644685539337616,0.6652498263188548,0.7276139686478235,0
107,49,0.8582998913504133,0.7381466452799849,0.8808837775595313,0.5494466349997752,0.752640792821421,0.7218154008359318,0.8385434231232218,0
107,50,0.8416922833376449,0.8877212425735139,0.8036926627921226,0.4446242847546984,0.8301035734748443,0.743878330936502,0.7285803635205808,1
108,1,0.26235495183426816,0.4239095317513631,0.5655934231425193,0.6264377221467973,0.19276308076679777,0.4333530494626007,0.342143966315769,0
108,2,0.23040303347776964,0.3979826365854175,0.6197961826941837,0.6649575348646111,0.22710871381088343,0.47981891886994626,0.25804548783622056,0
108,3,0.3441204957861736,0.4304774676542445,0.6182595252724187,0.61497442728489,0.19842780738360855,0.4822108858315889,0.19638415956853594,0
108,4,0.30548322906751124,0.42852559683567043,0.35922498247286894,0.5392402963701153,0.22913690718628507,0.44934328563885617,0.3161065044039937,0
108,5,0.2940514109142936,0.42484475515445325,0.49899725820602353,0.6522560147392217,0.20615196405115305,0.4588410486067162,0.25065486627931527,0
108,6,0.28428218266136696,0.39065630759151126,0.5540465141150036,0.7125618966035814,0.19279913063473875,0.4761098931655086,0.3499246718987509,0
108,7,0.3047844924274907,0.39547136921242504,0.5991342075901982,0.4556629269593163,0.3496933498354663,0.3741860918557088,0.3026984974926613,0
108,8,0.3431649216658308,0.3993470724200531,0.4748526950755033,0.6872107184029898,0.31592822945619353,0.4145182626734214,0.2512405392402002,0
108,9,0.3356928707118968,0.4343464854643957,0.5265387504704234,0.6495337956821746,0.1640807357317205,0.4163737036388317,0.28850156535290444,0
108,10,0.2020848770285813,0.46868245509439843,0.6416095989716599,0.5168545494216593,0.2909991988452788,0.45896708163665256,0.3496529260436121,0
108,11,0.2960202660240368,0.407662875511787,0.49777066827355376,0.7441432295061945,0.2860664098589222,0.45789278344571843,0.30258342156163126,0
108,12,0.3103712744191817,0.4658669782253244,0.4648120183188433,0.6291575822775718,0.3192777427069106,0.3543979662509379,0.26351686933469265,0
108,13,0.26325790722082365,0.5544001315779252,0.5882149211261675,0.6471108873562827,0.40762381752133864,0.4768361634080446,0.32301150650810717,0
108,14,0.3232062838518846,0.49623568349986324,0.48089902246418054,0.5104384881406944,0.2618427640463076,0.5275516600680733,0.3204099667269248,0
108,15,0.2944916463807517,0.404173868797404,0.6734216184066688,0.5977029217254568,0.32005585083373067,0.46403026731899727,0.30449500212055947,0
108,16,0.3194361670454702,0.4558763321236524,0.48243494175581525,0.5202560236369086,0.2940687318204966,0.4051998432629001,0.33623158481544624,0
108,17,0.22747445013080503,0.3768702641967203,0.5543331432169314,0.6612450943537554,0.3226016377697505,0.42379641920372646,0.3548988241310268,0
108,18,0.36364301570566665,0.428917004339147,0.470599331214755,0.6851846644675131,0.34332231604976116,0.40576242725499717,0.3714407615697984,0
108,19,0.3171017104148962,0.3891857849408539,0.6378347681108544,0.6426032286362161,0.3841842288831164,0.4264013987303188,0.3858913338462154,0
108,20,0.25135304185295876,0.5367253620697907,0.47163034770968465,0.6775809682124887,0.4627061782052829,0.458508184826425,0.2879491091292305,0
108,21,0.3847281537949139,0.46172420544457865,0.48134824290723516,0.6383640638742054,0.3059224467208438,0.40071675226795045,0.3216679156271658,0
108,22,0.2586378430825832,0.45968679753379765,0.571716085153647,0.6071165334850914,0.26850801676322855,0.45602275867425357,0.42794300562686205,0
108,23,0.3231205954733893,0.4311775097222166,0.5771982446213801,0.63250653347403,0.44943871839875993,0.39738324393782354,0.3458667895104708,0
108,24,0.34451914892580476,0.35512132173905403,0.5109088267993062,0.6525470477527793,0.45822349324634204,0.45207552714762056,0.2343796110810219,0
108,25,0.40874645741468085,0.4130608137783101,0.5101888622281437,0.6683924318249174,0.47499484919494855,0.5098517473765535,0.39573169191935326,0
108,26,0.30917029697278914,0.4889219078734882,0.5355683060499186,0.6419535016100436,0.42617461809492596,0.43460769012287515,0.33550635283653385,0
108,27,0.30056630947898927,0.4568531791084333,0.5397875147249652,0.6540536563153675,0.42588987281411433,0.5415885573701091,0.41169625608400245,0
108,28,0.35022999153958534,0.5234420967692327,0.4999506747302801,0.5751356628384914,0.5299610492949149,0.4937689569944804,0.40649023849199667,0
108,29,0.3311949334332465,0.3983056377892487,0.5559797836394041,0.6939255953905715,0.5356282065201188,0.5141378165200575,0.3947611363180652,0
108,30,0.2699532906765506,0.47954716688058,0.4824263508842322,0.7131464084183805,0.43684227400143166,0.5124251114479189,0.33553307689488204,0
108,31,0.3457135650594152,0.4699107598136536,0.5729541770285692,0.6751704633058654,0.47244107714716976,0.5079680967846333,0.4124916899737793,0
108,32,0.4489990291482655,0.5104590344214526,0.5210008421178591,0.6568413956699072,0.5503055375424666,0.49428395628407684,0.3732936379951195,0
108,33,0.3099716601822337,0.5097297950047714,0.48369396842842405,0.650831831287066,0.5500841056120184,0.4605693052472584,0.2775666753726663,0
108,34,0.3961782159382248,0.5412480818655505,0.4086856044258995,0.6248486520723553,0.4179499416560146,0.47212250158330527,0.36054885447940077,0
108,35,0.33859970658780403,0.5334397239415765,0.626626975399969,0.6083066330336472,0.5221309741082086,0.4690238456450088,0.3338119326774805,0
108,36,0.3830227648222773,0.4479296516979891,0.535072666672364,0.6007720127190253,0.541209151243384,0.5082091938765126,0.38753311869924995,0
108,37,0.46276730640013836,0.5682483442530928,0.5501898161656102,0.5460427751587881,0.521224105084642,0.49397160973274323,0.4809533536520263,0
108,38,0.47930042501008685,0.6475845457482201,0.5958652211533004,0.6823266341506933,0.6377757740535204,0.5776070945547461,0.46610807662855236,0
108,39,0.5176970458210189,0.6189078485956088,0.5571478103508787,0.5742226915753641,0.6810178996220959,0.5682693975328886,0.5241055724104612,0
108,40,0.5338120721195201,0.616941623373833,0.6235967716631158,0.508978899354761,0.643085337538825,0.6079964228861812,0.4884824802823156,0
108,41,0.6948440425220287,0.7003663296531721,0.6237585263955492,0.5087885829900791,0.6278094854381454,0.6884986110218223,0.5960026407636165,0
108,42,0.7094767235589242,0.7063855005697551,0.5217395632975239,0.6311980211741222,0.6376256680336416,0.5448458833238345,0.5600125949228949,0
108,43,0.6296335572837867,0.6658051355976091,0.6456444940168411,0.6077153610674833,0.6289166475463778,0.5202036958077672,0.5594250146173098,0
108,44,0.642613328613398,0.7546682918181372,0.7391495094824336,0.494483722151336,0.5873372027640611,0.6170926612858207,0.541976404870507,0
108,45,0.7488151461228243,0.7347243172797354,0.720809496459231,0.49815580078611005,0.6842335993430091,0.7032774839067237,0.529644753688131,0
108,46,0.724348485666642,0.8135446868166379,0.7682906369222191,0.5846088329650181,0.6452970597038552,0.6694663578450517,0.6796089643810406,0
108,47,0.8285649027740876,0.7978634520630316,0.6262162139584422,0.5661190166332708,0.7189790551130807,0.7423634133345738,0.666544991926754,0
108,48,0.8762778497636942,0.6506724901872165,0.7144796472415526,0.527677838805806,0.588109872112814,0.7240357665774868,0.7178434726052664,0
108,49,0.9332489058073183,0.7943581402515332,0.7564321971023716,0.5669052067506832,0.7493285068955862,0.6151608328339608,0.7424780288143211,0
108,50,0.9801931766068496,0.821588279860565,0.6990424222844625,0.4490184461773258,0.8490568694525412,0.7388377629166774,0.83582676039933,1
109,1,0.17178259848599012,0.386215606558408,0.5446081735252899,0.5359060169393618,0.2362939318326747,0.44161239173777533,0.22632959906349695,0
109,2,0.23860566711371703,0.49885067816124756,0.4825596937256141,0.6397849553370292,0.1816996652751802,0.4346244104666586,0.2539308963537396,0
109,3,0.34243632876448926,0.40315360446750076,0.3953078939138486,0.6585706702703424,0.2947597618213238,0.4579750610474998,0.27896134625585517,0
109,4,0.1789419556652527,0.3909131150834034,0.4807227078742734,0.586506816339097,0.3089190312723324,0.4716583657829426,0.3537496904449848,0
109,5,0.18114088202946127,0.4068691027130775,0.5370485395651894,0.6242910291369884,0.26581074550514805,0.5062527152056862,0.28208053921452936,0
109,6,0.2566790399632299,0.41036607268729947,0.5628725557599997,0.5739227235940801,0.1958555770035904,0.4500435041911173,0.21369865250608272,0
109,7,0.17797242053755502,0.4840964693243155,0.4834614052270192,0.7071938670731601,0.2503508847016767,0.41712300811408926,0.34149586797624726,0
109,8,0.2346457248170063,0.39059482588720285,0.4851819400008339,0.761452233990698,0.17148230780088752,0.37107347803396834,0.3596442482666341,0
109,9,0.19545575618362607,0.3257788388296422,0.603462940395604,0.557192221424007,0.2515334877733076,0.43740602675114293,0.2497696302481641,0
109,10,0.24622736327060946,0.3718982645430689,0.460425347377581,0.6978186967153124,0.27327477141271517,0.4647235722163433,0.3055008074930231,0
109,11,0.2861229782423982,0.472292429089999,0.64657019437425,0.5059653941024624,0.10949280476824408,0.46735416856858275,0.2786338463582478,0
109,12,0.2577573290056666,0.3987349282245724,0.42986668446502657,0.6150323693214946,0.341990134486043,0.44554647528158303,0.32032540182123775,0
109,13,0.17141161826007945,0.4212351501984424,0.5375971252605888,0.5973235905862422,0.2672341099843902,0.40089102944878996,0.2991305561537403,0
109,14,0.3359418746032119,0.4925725395673348,0.4131481558083935,0.5636410867614771,0.3654477845360314,0.5046361913450169,0.26805941622767393,0
109,15,0.2065878000563655,0.4428244435948482,0.4789585498606971,0.630975332006408,0.2622918053246881,0.3593061659481272,0.47391408309449756,0
109,16,0.37351632724960465,0.5070524791953288,0.4111075548832498,0.6417070724695837,0.2663313806371922,0.4275900775588877,0.2273550922975953,0
109,17,0.2276412728939402,0.40691267456136987,0.5299178967614109,0.5578286843249142,0.36195850250181993,0.5005882505485924,0.3378944983659653,0
109,18,0.29106220674296746,0.365050902254957,0.5954404945840527,0.548142088291396,0.4551117782351015,0.4837376603783922,0.35462810209706,0
109,19,0.2774861872659118,0.4000807335279319,0.46447560747748234,0.7250835159160333,0.3771982374767892,0.3908535514729127,0.3552355670995457,0
109,20,0.26471380753555807,0.39709885790086974,0.5834891521480619,0.6767628324999404,0.3993438008256137,0.4515771762558336,0.29288048647808157,0
109,21,0.25304614935844416,0.3809763413356527,0.6123917803406044,0.5582059898148208,0.2751838330469051,0.5148507679360438,0.24737802627295769,0
109,22,0.23360004810998944,0.4110099978139641,0.6908849388070504,0.6139061400907588,0.41959430332058556,0.49032439871015315,0.30485881671734094,0
109,23,0.3107812374746636,0.4874901708591896,0.4860664528885626,0.6466394199139521,0.4064636296080603,0.5086876507253789,0.3127832148224297,0
109,24,0.31251693218906873,0.44613910676299495,0.5214465454593646,0.6195892950337911,0.3782803741617836,0.4869357740465911,0.34180424583035385,0
109,25,0.27751466715518713,0.4489676869214844,0.509598245777351,0.7321425442540677,0.33825619450456185,0.459682041874874,0.36064916238241207,0
109,26,0.43494012223106593,0.41107173794781326,0.5439466420966821,0.7210416911143377,0.41149605863554195,0.46358140740058296,0.33036130708951766,0
109,27,0.3604536580590348,0.439121341246455,0.35738803081958426,0.6180228009983111,0.4467750582448269,0.4675718818359376,0.34103475921247794,0
109,28,0.29772357313896625,0.5510595989103573,0.5418568905686356,0.6591745105751157,0.3899762180257804,0.44462894586070983,0.3027693698596336,0
109,29,0.23579180412254414,0.48402008283312636,0.5702522068753785,0.6365562877528479,0.32030707016058196,0.3594531096986545,0.3612528061761754,0
109,30,0.28503799622789017,0.4467730009405553,0.47429223534253684,0.5464814247712444,0.46999667576751564,0.36669588208942555,0.33270992329444954,0
109,31,0.31959644869463166,0.5899589607556999,0.48086361934027566,0.6443821698015779,0.49224762885822837,0.4913948117538222,0.3499354211720154,0
109,32,0.35864566032666023,0.5082602819000968,0.452202575476443,0.6257803878684957,0.4574086739534897,0.42171820306154323,0.3318767754607987,0
109,33,0.3797663678513275,0.5427749110892186,0.6287549523822108,0.6312458856101794,0.506653201416203,0.4631335386601815,0.37342028977468766,0
109,34,0.3680525483301079,0.5318808066326719,0.6832773528483245,0.5983848139195976,0.470170650118866,0.5423784960572142,0.308279226958081,0
109,35,0.35038097732720774,0.5675421914280904,0.5542527025633933,0.6203071976467279,0.6589363400236025,0.4665848531364374,0.3809724566906202,0
109,36,0.5308366481538537,0.5641371996268452,0.6028283631602006,0.6048816385479238,0.48898283921954455,0.5319929594241425,0.43395846669118776,0
109,37,0.527017008313887,0.5094869292256083,0.5920122492837997,0.6201002089519804,0.505687284098201,0.4836258377803314,0.4531009851735569,0
109,38,0.5715226051455673,0.6077721388563263,0.7963214367707818,0.5414996354810664,0.6243158315238833,0.4966925064095233,0.5793488408781098,0
109,39,0.587787743492189,0.5298464819172825,0.6852410976220624,0.5266415096485066,0.6224278510457001,0.49397291284292516,0.5348991137542297,0
109,40,0.5458480092287761,0.6667879896056428,0.6446195538421418,0.5571760371269854,0.6547578741331591,0.6764610639213271,0.5577836827740237,0
109,41,0.5393931000770253,0.6610983661879705,0.7321897744309701,0.5712403779415114,0.6565360399562874,0.59288007398264,0.6147047821322413,0
109,42,0.5988756197799988,0.7005374555875723,0.5644788292337741,0.5837235425565047,0.6242078048816732,0.6184136460460176,0.6054007812384018,0
109,43,0.7532755598814415,0.7003460920644348,0.6978136835687708,0.6303153181568134,0.7702817335710305,0.6240513756808261,0.5861957238306086,0
109,44,0.7374852995350483,0.7089674608465975,0.5742682440412996,0.6115934512633949,0.7207128017515837,0.6968268935897045,0.7016062754043506,0
109,45,0.760524212735088,0.7899644945906897,0.6237889023719831,0.5167462684013625,0.6835458286294139,0.7001494946588014,0.6300696171225967,0
109,46,0.7584955614994962,0.7836078290426343,0.7161891168146176,0.44453485647483987,0.6272064401301247,0.6754407157255384,0.6880951275281597,0
109,47,0.7890557019153462,0.8200034252720582,0.7589233780731333,0.545357804522499,0.7399606731798567,0.763039154891481,0.6509863861232991,0
109,48,0.8283215348043058,0.8639990802594092,0.7190583053495857,0.47139980675687504,0.7267041055170863,0.7029550278459303,0.7846191215076598,0
109,49,0.8433134899350856,0.7761182110581417,0.7332473997936645,0.6664508568729517,0.7713134420316485,0.7421981176739109,0.7473854628053904,0
109,50,0.9495589808467398,0.8702392004730883,0.7939145931875148,0.507282983144552,0.7425458336608848,0.7480591518124142,0.7741778958066424,1
110,1,0.20453910431742828,0.37268931162523816,0.4257737821775715,0.5925013150913148,0.15082577273399705,0.4050484982493253,0.2668439550730411,0
110,2,0.2562727886342863,0.3500852143325899,0.5882430478930054,0.6441792980422358,0.18533217214135025,0.37849366669578016,0.21183857914340803,0
110,3,0.322589589796307,0.4448639743553643,0.4639018467226797,0.7019708134367086,0.2640058402392958,0.43436267626882114,0.3308969827062801,0
110,4,0.2815005333177513,0.38839784768472924,0.4988963253429226,0.5235215133419527,0.18795622425376754,0.5156080602823008,0.2490269926664987,0
110,5,0.3226148370590183,0.4154307094673222,0.5293410785819083,0.6105485873203286,0.29964568492236676,0.503483742157266,0.2669275753609329,0
110,6,0.33694147812828495,0.37671180185806435,0.6152704608070485,0.6869100324651318,0.17947929936839022,0.5081488953182167,0.23612104586212657,0
110,7,0.3187998616853444,0.46027298454819876,0.5181074796366355,0.5822079043856438,0.24739321509773024,0.4108757864065208,0.3402610837368868,0
110,8,0.2556243289880365,0.33693768843159616,0.4712039025688012,0.6128978013151201,0.20417602631490792,0.34396378365438224,0.34979792765120826,0
110,9,0.22635008010480345,0.4918762384875628,0.5738141093321311,0.6815291402093747,0.31131204034678606,0.49816867256085656,0.34757016145006614,0
110,10,0.24216424722700175,0.35184271135027806,0.5062211644412171,0.5540003831964639,0.24213905265395985,0.42638534860280863,0.37589401393934097,0
110,11,0.3005029336913032,0.3560283446853842,0.4786559772560791,0.6757910926219922,0.24809991841298884,0.42223147287647955,0.31565110902057486,0
110,12,0.27522203916415117,0.4842390002872601,0.48804078480053575,0.6490611878150387,0.29660512679611634,0.4738452726811596,0.41257537917359777,0
110,13,0.30541588458178626,0.40219862401215256,0.47978367408093103,0.5780421916087825,0.3158811900173096,0.3993510832988395,0.2764682787964078,0
110,14,0.3790642234176435,0.5085901110666239,0.5678130476457404,0.5675670774831858,0.25019074926593177,0.3613748945994314,0.3483579843762023,0
110,15,0.3217210179009105,0.47189139492395155,0.5551392735872361,0.5737471142344797,0.39556804150610764,0.4882785542045729,0.2694758062535796,0
110,16,0.3096363542607919,0.41855554688338537,0.5529425909940353,0.6415827797384306,0.39732113286108345,0.3999348042654542,0.3498799536037225,0
110,17,0.31167897359313296,0.42859610447210716,0.5951032375960628,0.6205557902998323,0.3372895604228757,0.5150964677094265,0.30275016853850606,0
110,18,0.23039188997831744,0.42595670231489996,0.46302214696521116,0.6049562397904591,0.3763974963920544,0.3909448529480193,0.2856509944734839,0
110,19,0.30232602021617944,0.3921757959633966,0.6804934207122987,0.7102423068089574,0.45151047848234505,0.3818607472776653,0.320531736710371,0
110,20,0.42355777017631907,0.4835541528059737,0.45831899483763155,0.6421684213640475,0.2910462573958207,0.44117583256213666,0.32322185400191644,0
110,21,0.38440864705573985,0.44561619886260034,0.5179199555865104,0.42588431290930906,0.4827274327540857,0.4165204507376586,0.3397073353299575,0
110,22,0.2789139019195314,0.4482635698991658,0.5699800913755577,0.6855476962621198,0.398073201436058,0.5095791169042257,0.31641795864580086,0
110,23,0.3629144967247775,0.44524455640343313,0.5594450081201507,0.5675260763854376,0.3890810176798037,0.38785597892785495,0.3177220030328501,0
110,24,0.3668373707440108,0.4677965382084465,0.4264783919352186,0.6392030952985662,0.4122334754167376,0.4804707876007355,0.4115608290752982,0
110,25,0.3336363705998697,0.500906566629668,0.49776062887997996,0.6252435248502908,0.30520469069715755,0.43959722035839427,0.4102510556831379,0
110,26,0.3979875333461077,0.5054157434159186,0.6360480977525024,0.5991699385340173,0.49053684311492307,0.5687809393766118,0.3462843729760395,0
110,27,0.32686893583521637,0.48361683863130467,0.4268803932771771,0.5742749214175883,0.4232130291062565,0.4632929020804469,0.4400255007418058,0
110,28,0.30452351850937226,0.6561803647834397,0.5436435794755664,0.5191746682953505,0.3896971340189368,0.4075769293700446,0.28540093961409707,0
110,29,0.2304707480484621,0.5145125473646801,0.6034085763236392,0.592611249704034,0.5159427676554972,0.40596286846132007,0.3132838442399791,0
110,30,0.3569395994276471,0.4367446623666083,0.5400525956017588,0.6991258655761156,0.546799719432743,0.48330631778184496,0.34022843523642543,0
110,31,0.32789429399108383,0.5290474147172994,0.6161297414291758,0.7358953943178588,0.43086938970032723,0.4170851224390151,0.3881662086207193,0
110,32,0.42458261968048583,0.5390855017717066,0.6703963294492337,0.6235038978613876,0.5408230770746442,0.43895202494695207,0.3740607500563601,0
110,33,0.37287798852438714,0.5669958350092129,0.4588544055580186,0.6197013062323101,0.5002262310864058,0.4983650396415447,0.310941384328462,0
110,34,0.3520283250099802,0.36580441065118274,0.6357734628812768,0.5318040602486024,0.4098068717277142,0.5149814011520876,0.35165724550924693,0
110,35,0.371355666502531,0.5347185341127452,0.5173725245596036,0.6557039410554151,0.4465294347803823,0.4855022555884101,0.4161345826774609,0
110,36,0.31156018970840677,0.4687651560790075,0.6694854418417918,0.675312134516951,0.5120592812371954,0.47059045382346004,0.3884509360886608,0
110,37,0.4199741771647803,0.5107254415765137,0.48116534197625815,0.5906136796997914,0.5057547809574119,0.45902386844903187,0.3896938185036704,0
110,38,0.36022887198241543,0.5558137362569561,0.5611539317475667,0.7078171437967432,0.628411201424916,0.42023984172840007,0.3542830670557943,0
110,39,0.41548218855248775,0.5277204501018468,0.5726848440372511,0.5869457078535538,0.6500962210872988,0.4526786717723971,0.4184914268327632,0
110,40,0.40015831756470704,0.5276876167285159,0.6720101850780275,0.638299490061693,0.5306699783401319,0.5500036259738498,0.40869222659046617,0
110,41,0.5084003926949671,0.5436200282268341,0.755768494645637,0.6092023394331263,0.6488882784089339,0.5222266819644295,0.44307968728594754,0
110,42,0.4927609444513758,0.5858497674381208,0.542785344865262,0.5636488905935628,0.6007360801425847,0.5862731837563743,0.4623175151767951,0
110,43,0.5112858949585509,0.679311639914911,0.700843572593156,0.6604550178698022,0.5325680367101435,0.5659594641545174,0.44852363123934924,0
110,44,0.6339012707511401,0.6539778798766233,0.5929645258017429,0.5139729689719702,0.6011926857664049,0.5878991120762014,0.5204703525871366,0
110,45,0.6202180968191654,0.6612186531448696,0.7605663060110863,0.5853947015695208,0.6832399063613979,0.616781872341772,0.5441307880111005,0
110,46,0.742867862975609,0.7039145917693389,0.7307790458568977,0.6109870865402836,0.6047182997014426,0.6235817920271204,0.7186317955874821,0
110,47,0.7732965371940524,0.7649635995301944,0.6796101312210565,0.564856222705701,0.6718646949951957,0.6211268140643186,0.6144254512745158,0
110,48,0.808194225548347,0.8191612693781254,0.6920381527248692,0.49995888701467095,0.7426370524498317,0.604081533549752,0.7143969596226046,0
110,49,0.858278691698645,0.7573076084608401,0.8800298950575309,0.519759561543824,0.7345931121332331,0.7367930289615091,0.6762268043069487,1
110,50,0.9376295627874568,0.7599024188586434,0.7246836423186164,0.445199636357748,0.7639601274090776,0.6775931726427182,0.7102694894833692,0
111,1,0.2952879960699221,0.45084251657600016,0.505895692719853,0.649978893998355,0.12454833675664317,0.4562020472247278,0.30313507506737025,0
111,2,0.2231188018965157,0.3803242980756905,0.48281118130680367,0.7060750525949783,0.23497537328975862,0.34800197490729956,0.3174190660978103,0
111,3,0.2962591939105862,0.4247375494749028,0.5916310974312896,0.6823315599807269,0.28324201759798906,0.4809237212621541,0.3285529608089387,0
111,4,0.1884509078729773,0.3588873283164893,0.5575486389626002,0.48659618455699205,0.23507603760349305,0.41230680356511495,0.35159222582947736,0
111,5,0.230804283331563,0.46880075503963786,0.5015664434591284,0.6047940021017087,0.21564643982717693,0.4412820337463089,0.27642587821557874,0
111,6,0.3253417872751207,0.40804461720957796,0.478224813141218,0.5602937066066624,0.2659107927899281,0.4004125670131956,0.2771833597005692,0
111,7,0.26627512044928325,0.34303372097951385,0.5400026449238703,0.5872116575988664,0.3059982927255237,0.45406315287702625,0.30340033215181017,0
111,8,0.3378776472992649,0.47422473182571884,0.42103948008988895,0.5836780492313655,0.24302341693526533,0.46313050187120625,0.2746885458431775,0
111,9,0.2269213587836775,0.428344452345004,0.55882734869175,0.5473035771220057,0.2501455613200752,0.33784853846714424,0.18381566957958914,0
111,10,0.2830014713383939,0.42462026337493625,0.627088456867016,0.5194558530445071,0.1651937299809096,0.37783284049701715,0.20001799935972103,0
111,11,0.2999731261957973,0.4334280749129271,0.5895261415343926,0.6422460445900045,0.2747575794631016,0.4091019211323203,0.3304727604961185,0
111,12,0.11554575764697791,0.44071116297642954,0.5356004042929089,0.7141579304166764,0.34978612814448984,0.45225892024682074,0.29559347992872714,0
111,13,0.2640174938469873,0.47155669757203916,0.5532564568057121,0.6760538467219958,0.32340281054616576,0.39322288078587575,0.37182896748007455,0
111,14,0.2909063331647281,0.4541983307099295,0.5574666172552473,0.5918961518188092,0.31039468876029946,0.3941163414690643,0.30320948234362155,0
111,15,0.3272828991585159,0.45692312782513356,0.5911424682845638,0.598081146132958,0.2646009017478563,0.43315617790479993,0.31511560130734406,0
111,16,0.31440249411693383,0.48212902333181845,0.38455646173908753,0.5721180868790834,0.33851842463829074,0.466367689140245,0.4263193182232521,0
111,17,0.2569384541407182,0.4130336559628462,0.47501014773723504,0.5667058126785801,0.3557550442191307,0.4929822346639883,0.3301675385260304,0
111,18,0.2862191687392446,0.38487046334894476,0.5976119599586024,0.7082691747557464,0.26629174588056315,0.45665131855564206,0.28788973215856317,0
111,19,0.2953523790722318,0.3723469561586008,0.6150171667136497,0.6108974316815556,0.3427993546531094,0.452415426096417,0.28587012881018453,0
111,20,0.2113641697194749,0.3241442367130617,0.46409463411031293,0.5880569033218845,0.27457977977767994,0.42312604433300904,0.30531402559033666,0
111,21,0.3375378242785269,0.5302046869656436,0.5635774950272805,0.5609531880252838,0.42898947557737604,0.5194302192066422,0.2785864308406202,0
111,22,0.23937715030271528,0.4189751541343496,0.561325093438295,0.708992225804517,0.451500416489711,0.47007632901419333,0.3394878877007649,0
111,23,0.3365523823241144,0.5149598098014783,0.5353383258852381,0.6357048506604199,0.38249013296050416,0.45787003691843753,0.3269847846541219,0
111,24,0.36129399338202656,0.5268127104082848,0.5357800873521921,0.6399232032866836,0.4676986777957958,0.4464336944538009,0.35187972837581943,0
111,25,0.29375500552541817,0.4810792652869512,0.5758765437449855,0.6753525624408474,0.4247961455410694,0.39500875949608977,0.400383113175082,0
111,26,0.28724007393761886,0.43100218025012604,0.41954852189472136,0.6069426429202297,0.471160422759574,0.43471838789506645,0.4145098369063056,0
111,27,0.37289459496737815,0.36345223349505895,0.6435598477226147,0.6057693833688232,0.5437046767224235,0.4275965808645408,0.3432095816362208,0
111,28,0.2854125705901175,0.3817767382198103,0.376965965104847,0.7971689423949948,0.3518833048553764,0.37645833155039915,0.3813997098286374,0
111,29,0.2551502327600944,0.32168162921967397,0.566890267662126,0.5557964889313667,0.49960333004981206,0.45680973789429485,0.3596759758045621,0
111,30,0.3254406287601936,0.4232595430316462,0.49199459253945865,0.5543003149840104,0.5608388745434041,0.44219373387298416,0.24475909562301584,0
111,31,0.30264312493830814,0.4683759685391593,0.530731633958562,0.709410548610679,0.45598243684008966,0.5042036762377926,0.396125005250905,0
111,32,0.3558174573128743,0.43528366579993,0.46659394305649415,0.5477167882132837,0.5372787221410801,0.5969513671955301,0.32293461408351554,0
111,33,0.39449881605130704,0.4671953202448433,0.6618585452733455,0.7455009287208811,0.4674535750379891,0.5660775651506604,0.358464396500775,0
111,34,0.4045582143099187,0.5576403235025155,0.5681571125285951,0.6516360438353147,0.5322261203709281,0.5615580020358933,0.43493254362364087,0
111,35,0.4011926428140514,0.5245114103169806,0.5874715252972623,0.5498198066583073,0.47352125422162206,0.5275791593228106,0.46426244036586845,0
111,36,0.5295707197208436,0.5000131145833353,0.5723310037178113,0.5239454885512781,0.557626315824249,0.5474249552742324,0.5206920742775079,0
111,37,0.5277880977774005,0.6474793181518486,0.5417133392011844,0.5142462326517583,0.47611093068759347,0.5688133435715257,0.4399261259852296,0
111,38,0.5309066388993589,0.686213569238477,0.6791081820157608,0.5338767023799582,0.5617692684974224,0.591540786235667,0.445368068314913,0
111,39,0.561750735057319,0.657108652294277,0.6223560577391897,0.5443588871990682,0.5539614237048699,0.653324072137134,0.5066440997572613,0
111,40,0.6144008091706136,0.5946184155645757,0.5372418096315227,0.6434406736619611,0.5989024738659917,0.6223973503992885,0.660113801491176,0
111,41,0.6562214182963412,0.7189679169402061,0.7166249280005139,0.4873933315794302,0.7058011900015557,0.5935232021976505,0.6436678125113497,0
111,42,0.7314813676297603,0.666916702371269,0.5662517031683034,0.5906648799391738,0.6997690093123886,0.5825323413285652,0.5790347350926149,0
111,43,0.6966863464127059,0.6361194941238635,0.7207951127168815,0.5706216778990503,0.6573857053632531,0.6910693102458898,0.6238482386806106,0
111,44,0.7530796711602543,0.6899963109111761,0.7661126466947674,0.4892287299605026,0.697154714374964,0.7004288474022548,0.5830762993442875,0
111,45,0.7173395379903947,0.830484369230937,0.6661906092231662,0.4658672444933558,0.7090865904609214,0.5178620917774197,0.6092704725738725,0
111,46,0.7543249240649001,0.7470867675436267,0.7415567128924188,0.5492593095334367,0.6704698057362102,0.6959297044762716,0.7519112106674769,0
111,47,0.8104188278824142,0.7753635670888883,0.7820847324256052,0.5272500384882255,0.7101069098479056,0.6056999460458872,0.6455471464879186,0
111,48,0.8414960790296512,0.7840110056044595,0.7408899008393384,0.6594483224936764,0.703203771630995,0.7670739097608547,0.7904916724565296,0
111,49,0.8573632816029073,0.8284695666379466,0.7300130374567233,0.6334965454577592,0.7730076194262153,0.7016251395253336,0.8366460111598499,0
111,50,0.9598632246861203,0.8772258997123328,0.7937902291445316,0.49993140657513885,0.8139354983261144,0.6953447085970114,0.8256847864801997,1
112,1,0.2985241188732237,0.3880899862803757,0.578787167000145,0.6542656726585792,0.01600810276836445,0.38051437980929126,0.29103695919491035,0
112,2,0.31001614158982144,0.47264232994764854,0.5442657945842874,0.4949393399900425,0.22985874962984312,0.4835901804498454,0.2907793953121152,0
112,3,0.25354577037066045,0.44526113018818403,0.48007763897613714,0.6555713870652609,0.25271265979700885,0.4269110127460738,0.3120046856368359,0
112,4,0.34572379713335943,0.43423597293800664,0.5791805754602233,0.5741650954176557,0.18640285719052319,0.4287356346583952,0.3278728533684538,0
112,5,0.24789488617783048,0.44202810884645044,0.4640511883530196,0.6604310475239012,0.26219320929052686,0.4157439416083696,0.26620111743205094,0
112,6,0.29321063565428745,0.3532717901606016,0.5517451436672008,0.6894010437504517,0.3056346199082854,0.4441517540077265,0.2731031782311066,0
112,7,0.2860851823437147,0.4144150594733847,0.5767510249354308,0.6135188180405529,0.15276017511421994,0.46977735785147723,0.31806033484163676,0
112,8,0.2375394629649031,0.3691841321922988,0.46272289185545523,0.5849778572349753,0.24259309903566556,0.37211412440736313,0.40838263592423824,0
112,9,0.31371648450094236,0.4117171306309236,0.642257166847237,0.7174259004853285,0.23660495575194554,0.4449838222733692,0.29427977316892723,0
112,10,0.2951847041363584,0.41171661304745083,0.5307515469414424,0.6329840484676283,0.37629083169040245,0.39365551757057654,0.3543459775609294,0
112,11,0.31890052021621007,0.4707674908488487,0.5574320673953606,0.601017678247285,0.31608775675133116,0.518014456228581,0.27901499274412567,0
112,12,0.358912618990893,0.401798769712682,0.640675960190507,0.7443935574766877,0.37364181689744175,0.4916076985890952,0.2247648815026459,0
112,13,0.31003604725631184,0.3909123354002574,0.5646114526423479,0.4491606353836962,0.3541644257848513,0.4294129500114519,0.2867101339634101,0
112,14,0.3024549310266621,0.345561841389571,0.5543872748469797,0.6429303389529335,0.3155637510611452,0.5571646092412854,0.32690495311611484,0
112,15,0.3376116534371767,0.49252832541702424,0.500838608114474,0.5561949048280964,0.38094434535709004,0.45596353987401234,0.35876111694197604,0
112,16,0.349067739246843,0.3518862573260566,0.49201499704973206,0.5777205825014303,0.3737576164174643,0.41818914919845784,0.2529586424287472,0
112,17,0.35858269534801895,0.4407541651868373,0.4750441785574517,0.6703528309228247,0.4469244194880276,0.4892413979067306,0.2088252650288348,0
112,18,0.32516654965843567,0.33501287422398535,0.4384709713269265,0.6679439479851386,0.37314021769597866,0.4492317685803852,0.29429535492093534,0
112,19,0.2743681433886219,0.3950036240246192,0.508157021156881,0.5284558436471858,0.31810037045951917,0.49967853756876546,0.2871856458226166,0
112,20,0.37120581189327384,0.43357820608292413,0.43267461188292516,0.6238048525638297,0.2533513537347158,0.42155489536301594,0.3441628138457052,0
112,21,0.3354708133802781,0.41420160753447294,0.4854386023754617,0.5919019769489635,0.4264479857028525,0.4669045770389527,0.33349910812141953,0
112,22,0.34668496129108245,0.3804578661913743,0.4574773052562268,0.6561007049366273,0.3155609605348837,0.43175124821451155,0.33149229627725824,0
112,23,0.2668712180432537,0.39106151812733164,0.41011893030775803,0.6566978847514997,0.43084840752979575,0.41421862009268423,0.2714323418775139,0
112,24,0.37587557488913137,0.4213481179863756,0.6214985480407941,0.6282562742524407,0.43508086575503013,0.40150131449433646,0.26658808023835673,0
112,25,0.4616099302394083,0.4136213444529525,0.5445621433098551,0.6475767776049531,0.4237506116741795,0.44728747410669817,0.33617255264056656,0
112,26,0.30906811286501734,0.43557314504492045,0.3803384051631955,0.508217194265196,0.356117048817468,0.49908734051714637,0.33396487774776185,0
112,27,0.3839025384639886,0.47320480137628834,0.47711389304737417,0.6244962455285219,0.45826880655125457,0.5678339537331387,0.33289939668511503,0
112,28,0.3620642970569687,0.4276874548685974,0.6056674405130243,0.733495060262134,0.4677203018058462,0.42504830609320043,0.3761745605548981,0
112,29,0.48268347523164806,0.5025084765448103,0.4810489912033289,0.6964816009755723,0.5075216003416914,0.507369811913783,0.37764460247850296,0
112,30,0.3974894335754664,0.4552811285568628,0.5573953071529747,0.6130429179008893,0.49048317306682365,0.465972119421845,0.34227091213578414,0
112,31,0.3788783029810804,0.3815460301402448,0.6213101863770177,0.6408757463379033,0.4423106654843264,0.49295972676136357,0.3351945152378057,0
112,32,0.40139009591616387,0.5447311740833752,0.5707912510749168,0.5734474243295715,0.4668912099725131,0.5072523647434567,0.3834139914799757,0
112,33,0.40593111844964513,0.5143415965691103,0.6937097133248391,0.5388607960991139,0.6414286189080823,0.5130245490752731,0.49704860695370706,0
112,34,0.408980839773398,0.48636882768804895,0.6162478095406819,0.6481852802786892,0.5274641242595915,0.5065461001586855,0.3630595193108279,0
112,35,0.4161207376102261,0.455109454614218,0.5472127776590885,0.5335334350766867,0.5183555546086372,0.4225677841151959,0.3693511372547081,0
112,36,0.43046667078512485,0.5498352996721108,0.5283911637301543,0.556502588019194,0.5783984557591499,0.5316888465720127,0.4185460529472744,0
112,37,0.4379239738505763,0.5121257139658257,0.5800585192665275,0.5014743822608922,0.4890110163151796,0.5655935271497303,0.43407140029552016,0
112,38,0.5581670808412712,0.5369273119034084,0.5774854625904667,0.6554937762071698,0.6100189661209358,0.5694457627516799,0.44937359438653207,0
112,39,0.5325802304437307,0.5737265760418301,0.5644049645663253,0.5855128654311441,0.5713994507637173,0.5141629893308781,0.515957394581405,0
112,40,0.6002051241162607,0.5541654802756085,0.5671503940663926,0.5367715332598285,0.6257503258007184,0.4412432609215937,0.5111850225301758,0
112,41,0.5728001409715762,0.633210550454209,0.55567238122267,0.5723741007061697,0.5389406589916158,0.6736667658498207,0.5721702912620074,0
112,42,0.6115243025062891,0.6341735285983057,0.6383065851287822,0.5820140364555121,0.6544130054496731,0.5994187882576459,0.5725653468792717,0
112,43,0.7143814022586605,0.6399032961176874,0.5943550779892343,0.6708728430912058,0.6719603854268934,0.6955043290980507,0.5680629375622894,0
112,44,0.7392134877288269,0.7529479937500086,0.6851997268529851,0.5623953532389998,0.6565880009159051,0.5975848681782399,0.6571621136802268,0
112,45,0.8147300981011607,0.7646897073520185,0.7960037093667442,0.5702702853463437,0.5893417289413818,0.6232397116506476,0.6332399362499849,0
112,46,0.8771030330025937,0.8001613547055055,0.700955998111423,0.683305680235891,0.6755699042869548,0.6428904471372934,0.6062300869607659,0
112,47,0.7901545523552717,0.8178772543611634,0.7771051407296105,0.476986972622035,0.7189927511410374,0.7136234608416874,0.5855314184906467,0
112,48,0.9397601157852409,0.8315757353931575,0.8234456809596481,0.40000770547885034,0.7163856797956996,0.7532434663919528,0.7131985306431008,1
112,49,0.9975170062370103,0.8500811676147415,0.7353603497211947,0.5495423817827253,0.6457399857381058,0.7318675633492419,0.7773817848642883,1
112,50,1.021159752072209,0.8526814004457565,0.7777867474216993,0.6174397588085124,0.7050297073257727,0.793981692413423,0.8318982248483534,1
113,1,0.23940842069890456,0.35238536682574595,0.46225205145826986,0.6278865497546879,0.15598282513442718,0.40973342889626213,0.2274998993202543,0
113,2,0.3076166789060445,0.5050459412044854,0.4308536385776,0.5685306843682872,0.21500163181031565,0.4639169511289221,0.28060014170980385,0
113,3,0.26177936961962117,0.3151087316186093,0.5166603223073013,0.5524956133069002,0.19991819355665102,0.409285658741104,0.33053721749762605,0
113,4,0.21543004104069843,0.5108486052922949,0.451741061475881,0.6440230146483104,0.2827737490371799,0.4395961017654422,0.25106704072046937,0
113,5,0.2732676016745171,0.46082006155126987,0.5121100646215878,0.5476108141020314,0.2522703492183454,0.5082871949406239,0.24823879388598108,0
113,6,0.24871341442164915,0.46555103815585824,0.4802827718915275,0.6556941490354086,0.3441056973598968,0.3598487543803285,0.2355808363596243,0
113,7,0.2984241939511508,0.43037347580400337,0.5938248112865613,0.5245062022513408,0.29038699589538247,0.29298900707423187,0.37007653658906614,0
113,8,0.2365787366666534,0.30084634666166415,0.5059152775980138,0.6936177160631906,0.3034609704626224,0.5291705688546029,0.2914982317638725,0
113,9,0.15546297288842448,0.3809319930732171,0.43140156072075775,0.6707464231112477,0.21488123180839003,0.488408313666424,0.343181674148359,0
113,10,0.25445401616203844,0.3687670675357638,0.5656285382371014,0.5958533212184278,0.34222934441491215,0.5140108818587681,0.29565431954698035,0
113,11,0.27286779431912433,0.45353295901922874,0.4321853469024509,0.5849066734277122,0.2632544665519837,0.5077883340807646,0.29614135891930643,0
113,12,0.26316020448590044,0.40844038690063833,0.42327260914006437,0.5115526116100247,0.29377458380771704,0.4278570490284292,0.27234428801152427,0
113,13,0.36873931575781715,0.5035284812323026,0.5267384867815749,0.6271732352654299,0.3591082522294956,0.453567862873368,0.3489771725115606,0
113,14,0.2767758914898013,0.39679607302641623,0.5510604371073368,0.48710046747703484,0.34471158349454173,0.33859880963266187,0.33203324455625083,0
113,15,0.3389245588889555,0.43582214488973575,0.5274201079539172,0.6471812555720161,0.2859895539067556,0.49945825462216664,0.3560417966870816,0
113,16,0.22571523825826034,0.412922545856666,0.5180633886139492,0.5549163806524984,0.31658835014827597,0.4128223336364619,0.3114878220125372,0
113,17,0.30427857615027953,0.4357621798175139,0.5553446610690624,0.6349309292353844,0.3413053119136723,0.47798615036738834,0.1869996625569668,0
113,18,0.2549407288431416,0.44276862961332125,0.4843965311664797,0.6529340021376452,0.40552000569333263,0.37599990403490036,0.33797487166200424,0
113,19,0.31105676824331957,0.4160729885897942,0.47410491156334755,0.517373100471918,0.36546900715604025,0.3886999635602095,0.25522254410868783,0
113,20,0.33913585096586396,0.4617236160578205,0.43183099374112277,0.6117930262763319,0.4208338319744988,0.44118046317338044,0.3482765889030317,0
113,21,0.27503885366514746,0.41161934454112453,0.5764409745918091,0.6605050050814427,0.35568964358494687,0.48714319224738,0.2632512748232656,0
113,22,0.23019003191727924,0.3906070794603822,0.4396035773379628,0.5806562443618004,0.43518506723425093,0.4468819188234383,0.30800464170303554,0
113,23,0.19865897817561856,0.4783907593715515,0.3794655859095927,0.5775656623028073,0.40226737534748014,0.47447708029370805,0.35174929831551854,0
113,24,0.3779481050137991,0.5531427835421994,0.5388938400831779,0.6139948552639553,0.40641630418372815,0.4230564694503662,0.3611928835185527,0
113,25,0.18416468789879076,0.4465169367208443,0.6442016094377307,0.6435899783894437,0.4498277005875326,0.3749544656480912,0.3801063522626958,0
113,26,0.32227048014531623,0.4248224854530577,0.5725973646461545,0.557728753106326,0.3637883451169062,0.49650669951419507,0.402390679673385,0
113,27,0.25760713365973187,0.4163077270792293,0.5570354856453631,0.550147916481007,0.5200300442597692,0.43455498840513485,0.368514581197187,0
113,28,0.3486748134793824,0.49609429213097145,0.42735334387763246,0.579220202025246,0.44260271101782406,0.43294134335017764,0.3963790238275992,0
113,29,0.3588161941626712,0.48963317535006323,0.5388439181869613,0.6653809819531243,0.36872432562120827,0.4575153908347992,0.3166882776888881,0
113,30,0.30320333740071836,0.4709992164295831,0.5486640475459543,0.6283252597234309,0.48070303643358975,0.4906680312186165,0.2950634526515612,0
113,31,0.2546419258158361,0.3308818331622087,0.687672408483257,0.5636696336907667,0.4521176750232824,0.3702134877561016,0.3378772536231505,0
113,32,0.34601255933546354,0.41286102239691164,0.5201444420600476,0.6421253335088878,0.5023129242374172,0.47121273283681464,0.4012213289678357,0
113,33,0.40708608353096926,0.46114265606977034,0.6014162905442161,0.6638071827706981,0.3986508474308904,0.4882452189275639,0.3337930307295172,0
113,34,0.31985229327466885,0.4864844174624793,0.44485716755936555,0.6216130184441481,0.49294538174252395,0.5195089048853603,0.336722932022283,0
113,35,0.3640135841980922,0.47932542944697354,0.6451563034884598,0.7353519780088648,0.5023670759759008,0.43199564520589173,0.39244922836058865,0
113,36,0.28322218298968715,0.5489436388386247,0.5976302041129341,0.5685098852047037,0.7121028379639142,0.4012932879773184,0.4045861458652878,0
113,37,0.4775938285765789,0.48232025496194847,0.5526104266904398,0.5034745686211004,0.6659587492167031,0.45756915793379865,0.42554275239038536,0
113,38,0.4012341522493549,0.4227486467425465,0.5714854606243912,0.5876989513977641,0.5771260722151087,0.613806745371461,0.4616913222875691,0
113,39,0.4538150680304645,0.4937363049755734,0.5828514583095868,0.5519307893274632,0.5719957478416575,0.49989162905920337,0.3735152729904211,0
113,40,0.502300950803922,0.5681648384969028,0.5399987599499012,0.5594759437155808,0.5402015490231775,0.4829671361647013,0.4934694228739355,0
113,41,0.5870370882747142,0.5919154590116206,0.640301870432299,0.5851771654798055,0.63208870137479,0.5186753088507501,0.5582225091414387,0
113,42,0.5919954469455186,0.574953716497899,0.6387490298934873,0.6254504811333235,0.6593287444568935,0.6317278249238641,0.5260387449982934,0
113,43,0.5955290072048854,0.6375444083313804,0.6712357230326726,0.6150000130802957,0.6101594893473214,0.6316235437885953,0.5806927051032111,0
113,44,0.6276755699835996,0.6664979549906718,0.6705123496843393,0.5762498697837056,0.6115553089166039,0.5503345032130094,0.4904282193856199,0
113,45,0.7578781134049155,0.6105157856111552,0.6972969564717687,0.5253719666804239,0.7500218340714412,0.6224867911461021,0.6522755547235193,0
113,46,0.7165855869363176,0.7746284728950156,0.7824186163284196,0.46386508161534346,0.7625465024480971,0.602326968011786,0.5363302729580898,0
113,47,0.8165655014743056,0.6857467850220179,0.583073083958039,0.502312487050259,0.6732862446303983,0.7376141478840998,0.6814712818979293,0
113,48,0.8419581564763389,0.8652346894593266,0.6743811170075938,0.5187227914679194,0.6338557647306635,0.7277697515141401,0.7645011707068792,0
113,49,0.8655062554468929,0.7375947950969602,0.7456853174235747,0.4753370488094104,0.8003591800094452,0.6839310150624239,0.7143304003836847,1
113,50,0.951972971978226,0.8911300896233731,0.7308192516314409,0.44197842016906996,0.8260078057130673,0.7979384716405951,0.7003420244760965,1
114,1,0.26231805478122927,0.37418459796824277,0.4756156397133617,0.5025954380263002,0.1517454913947433,0.4967657201050414,0.3072330837961332,0
114,2,0.19334269374144264,0.38154691967003895,0.5045032335922308,0.6394543360584114,0.30056256165323897,0.3891623671783295,0.27829561575578915,0
114,3,0.11679253632475667,0.4438069706475749,0.6271216565022746,0.665927618429472,0.24081735252696235,0.5168719362295592,0.3107438811784408,0
114,4,0.22584939369435456,0.4150849472097893,0.49709335984857306,0.6699548189739385,0.17052305612196245,0.44656300504285856,0.2477477335507992,0
114,5,0.34210711458231385,0.4379925831188399,0.5901746411565032,0.674148615326741,0.10545426514664674,0.42041529075820305,0.31539367540590035,0
114,6,0.21180744568413917,0.40163780885992445,0.42338868081400677,0.5618186445563612,0.334241261822657,0.24935851203770684,0.30917343339212566,0
114,7,0.22824406290907973,0.478631295560443,0.48128357852070996,0.5656959806171059,0.2624338869687206,0.4107223224855982,0.2696088329887783,0
114,8,0.19360118594604003,0.3689056583037206,0.43426091364017483,0.6449919726148581,0.21206119529321993,0.3690975431919349,0.2471144330690186,0
114,9,0.27026970578721216,0.4509516204876569,0.5294011281360955,0.652132313810591,0.27771266307211273,0.4553797763015104,0.32541085687551785,0
114,10,0.1866183889068281,0.4836077679786954,0.5247747836702688,0.6831073747349184,0.2240006616280606,0.41372226468634776,0.23716861916459006,0
114,11,0.21327642781745892,0.390886077265533,0.6545062603778802,0.6599768344674511,0.3382451924448274,0.3752944665615763,0.2157226598942119,0
114,12,0.13558175225789207,0.3961211396361413,0.462385185547337,0.5644915325685164,0.28154322839368473,0.3840139296681833,0.25039950747036044,0
114,13,0.30451672083645603,0.3369868483731331,0.5344887125465794,0.652484851050904,0.3437907751260567,0.4271387939226311,0.28394647260884215,0
114,14,0.27156561228425763,0.3316849851535099,0.5069256173180414,0.6233292877750076,0.26037654388628473,0.4274278258605232,0.3409769009405408,0
114,15,0.27005018952391474,0.3795233997569434,0.43743233152528216,0.6569354062213394,0.4054398950736301,0.3818137041721156,0.3666512816883687,0
114,16,0.15132833178129257,0.35985266674435007,0.5681785471798743,0.5225630494195765,0.30688651134672784,0.4383321470053148,0.3440009794117967,0
114,17,0.3440286886974591,0.3934098190985494,0.5341022439025813,0.6471572459121092,0.395745994821915,0.49636351225357966,0.30249657546617753,0
114,18,0.22290816540852618,0.4329151555509834,0.5638873346743939,0.678523445918543,0.3962134494309099,0.4497274259386456,0.3228258004916981,0
114,19,0.38226154175590904,0.48212951036747304,0.557108495009949,0.5378617905575517,0.32033130556830763,0.4303961809464232,0.374901055037028,0
114,20,0.3085233613639757,0.4479849445918406,0.5568451833790802,0.6070427413822015,0.3442022753638087,0.3993118910887981,0.3625797124316522,0
114,21,0.2261387361397773,0.4557639978725238,0.7732309025185845,0.6079115939949278,0.48824624535011013,0.3201358780398772,0.32107648826973645,0
114,22,0.2843785499603902,0.4150683955928773,0.5333501228793635,0.6791065665336946,0.5266066034654817,0.5040753120929764,0.31196372536415096,0
114,23,0.2759289591952688,0.4064376045947323,0.5259454787611728,0.603571689478203,0.33496665389340313,0.49410645642548456,0.3608462489745617,0
114,24,0.29819075951705315,0.40417239773624325,0.4997424461048898,0.6612605735128279,0.44426275114750335,0.42794058835890836,0.35797319847527737,0
114,25,0.24453765603710628,0.4466380258046154,0.5702422934898643,0.6383696242784581,0.323442892753313,0.46330488586049184,0.3462712886230068,0
114,26,0.25759877603523723,0.48218155039999194,0.6385361836122152,0.5215689979815855,0.49275819714839764,0.36238135104244856,0.4174758909093292,0
114,27,0.2658646497215511,0.47792683426962995,0.47582522139638694,0.6509552726558814,0.4355618660064682,0.26729905342800997,0.30966433579519237,0
114,28,0.35852428497747324,0.47937486523381156,0.6183355459847447,0.5663622030783413,0.49565872632246033,0.49642069457974625,0.27125126662630195,0
114,29,0.32516940927020177,0.45132623069777983,0.525491831883269,0.5577189479384893,0.49884853976009563,0.4757023984446658,0.38454628000898083,0
114,30,0.3476901132354532,0.46865951867453653,0.6324665126000557,0.6509275516483374,0.48582553299742876,0.466635155590217,0.28687513971362666,0
114,31,0.34758571542746763,0.5649436446529947,0.5184414111102661,0.5691585904605971,0.4315681526975364,0.42160788977345376,0.3494458329506966,0
114,32,0.3700087475708378,0.4927029765040046,0.5346338615194631,0.617856115840989,0.5277814831501114,0.4054406470022484,0.37700542799511655,0
114,33,0.44514628537774703,0.5440028773458911,0.6467635198992157,0.5134708340972342,0.5437291400631489,0.614219324334778,0.43727696356311074,0
114,34,0.4777638015957312,0.5284058861287277,0.5335748956611135,0.5962085615220263,0.43403227125122057,0.5442165355929078,0.48298993617360636,0
114,35,0.48855101395105355,0.5629035449541222,0.7139969243085726,0.6658631837879598,0.5982244092915123,0.5977158860464121,0.45637518790017245,0
114,36,0.4963781081505989,0.5419239136042132,0.627022959496851,0.5768235087658932,0.5500425325018139,0.5469834444387288,0.4975490735299701,0
114,37,0.508376998890909,0.5458547062006631,0.6793873328988107,0.6277584253230902,0.5981135513682414,0.5057695099823292,0.5078073543496492,0
114,38,0.5127836270491848,0.5896682180552565,0.6323579801719339,0.6418857426002758,0.6046006614928765,0.5468461790591397,0.5241712592876401,0
114,39,0.574200369833492,0.682058925942957,0.5189092635314531,0.6443512212396856,0.7368964015640691,0.5963645250195624,0.5125734711805702,0
114,40,0.6372980553126705,0.6377018499115067,0.5959675617681821,0.5356497558014217,0.6315548779462958,0.6457753145427149,0.5882097669590195,0
114,41,0.6353136914583335,0.7248009744036221,0.6602204263828867,0.6648249821565115,0.5952880118263147,0.6335133602935488,0.7033422251288467,0
114,42,0.7178715491816215,0.7149506689604124,0.6890802296186336,0.5386589480208316,0.6152007273112442,0.549740893311229,0.6457763151473395,0
114,43,0.7417700708769471,0.7027011840635091,0.6291896041064328,0.6279774789194081,0.5764178996869369,0.6059840960093401,0.6049855648432234,0
114,44,0.7071667944910813,0.8093039399167525,0.610772977526974,0.7833068960463203,0.6142918211758894,0.7998480294488236,0.7081429877344969,0
114,45,0.7777322629080106,0.7353346583844389,0.7417485434790871,0.4885065661838681,0.7348121908124768,0.6739180543850521,0.6238880572151867,0
114,46,0.813271848091514,0.7364705061972492,0.6982060362913783,0.5580218775520778,0.7721715661294586,0.6704691630629181,0.7397691252694919,0
114,47,0.8887640428682131,0.8112310185898646,0.6757139368175636,0.5752960167339727,0.7096978267913466,0.715670711586243,0.6816588699017601,0
114,48,0.8171311329886655,0.7421876486348042,0.7084549353506241,0.45438598658083346,0.7696123319324487,0.6498651656812884,0.699510266562949,0
114,49,0.9714220621544084,0.7918856674444774,0.6634626435126718,0.43219752042820014,0.6984525482226407,0.6830311418435383,0.8680847968460359,1
114,50,0.8936498899106732,0.9371881177209621,0.728028438034279,0.4807793322880747,0.7362712234612172,0.7799787557598666,0.7692286033725013,1
115,1,0.2912008733337356,0.30179355647189143,0.38265988464625034,0.5200259291508985,0.1833134136319564,0.34445761978071265,0.34461596094275376,0
115,2,0.2801191730814163,0.3705864273595497,0.5609361092738616,0.5020947131102735,0.21506656829414234,0.44783599655119566,0.3144501265495283,0
115,3,0.16740217687193612,0.4483647315766755,0.47734086275820525,0.6016769293934046,0.3601525475167766,0.4290300428839385,0.26185440022951983,0
115,4,0.28881063849672695,0.3593562992715574,0.5422193793141524,0.686080568884831,0.2307022636494119,0.4749913689890276,0.2869578484268557,0
115,5,0.1769232476759816,0.41675551775057956,0.5287259214380547,0.6788790272109124,0.29809742973226117,0.5303682727771475,0.26394844678187235,0
115,6,0.22937154164761298,0.4521032379609277,0.444716545796746,0.6748224660743641,0.20980773194824287,0.4667256082934043,0.3559232701234123,0
115,7,0.19999241788016484,0.4199454052748202,0.5201918535855428,0.6024701347651065,0.23442434757798947,0.3870400866238989,0.3147534033382362,0
115,8,0.28925707691699615,0.38208101173031456,0.4832119724735446,0.6929467214441588,0.3292690069200726,0.3813550310355206,0.25715398646847604,0
115,9,0.202859276135765,0.48609987572666846,0.5238607045154745,0.5853070759672856,0.2816297234762964,0.5006542235981678,0.19684376394960817,0
115,10,0.3378794566535853,0.39995490680174817,0.5109891963768721,0.6281868728596228,0.3340118939115973,0.39751343450431953,0.30527438899164966,0
115,11,0.3156943656859939,0.552371057839826,0.4662287745877979,0.6247301583223266,0.2533517051379125,0.41095827772075166,0.2548021324736538,0
115,12,0.34449476470648527,0.43900387017156917,0.5257013572639636,0.5675627467450571,0.30350210553622614,0.3789821346049567,0.3098371077439872,0
115,13,0.2618270757611474,0.3859595835656915,0.48633882618362273,0.6688891254179335,0.32909746851191435,0.35785423255166465,0.34997307175942133,0
115,14,0.3019069382158605,0.5086807754322358,0.5240683034345555,0.6458445654152565,0.35416494529519066,0.48347076888445095,0.3052567469515945,0
115,15,0.34480565291711807,0.47506700698961635,0.613238402854869,0.6449341261169401,0.23607463889211605,0.4492040803171299,0.32068454550343345,0
115,16,0.35267370755336735,0.46224045056340013,0.38049033718948533,0.5705109579269496,0.3221430092189705,0.4253315656630414,0.3299437333070072,0
115,17,0.342314953180154,0.3882500315721814,0.469193147359502,0.5648604109545252,0.34598952771363384,0.4840774777548548,0.3724009060798142,0
115,18,0.3054450476509134,0.5205090384205768,0.42486011259618195,0.6582777568934518,0.3937970391930305,0.43036774704611025,0.3258776153457162,0
115,19,0.29582439550981315,0.4075197200507239,0.4804958745403216,0.7317300551733823,0.34458237565162775,0.45666756422858773,0.36866262323047716,0
115,20,0.3159415847721015,0.46713725263488626,0.47264476245216525,0.5278128190543081,0.3361637479188131,0.5344233845435729,0.30324206176292917,0
115,21,0.25146153661737514,0.5117072083421942,0.5125240264301241,0.592703362633113,0.38099405866785396,0.5750518733879041,0.3566763926703162,0
115,22,0.17721123645755424,0.5148497598089883,0.4865576876260573,0.5688409264791652,0.3522051400003162,0.5240511863678242,0.3350918388018277,0
115,23,0.3147453650992558,0.4082231843832846,0.5619678778818457,0.5968149200227487,0.31284225054844084,0.448075559049236,0.3369602266060889,0
115,24,0.2305484991554478,0.46653071732027274,0.5187550004597578,0.6070891499842792,0.4607499293178495,0.35666591322043373,0.34541513460232276,0
115,25,0.32301970894934273,0.3841924630056369,0.49374188816732123,0.5929121260933984,0.33026128478279904,0.47356871252101934,0.3451601613591508,0
115,26,0.385028289342374,0.431500794791566,0.6451933293783275,0.6038642934122829,0.37672750903815494,0.4101823291221268,0.3521540451518771,0
115,27,0.34657214200380154,0.44017402746995005,0.5135584335708407,0.6175021728421607,0.5032810317194996,0.43065030036646607,0.35940645591073755,0
115,28,0.28245991604109566,0.48893810669032983,0.6018765929234361,0.6779686076839753,0.3854749980160258,0.40725676146342543,0.350082544610643,0
115,29,0.3475177858029761,0.44756948197642304,0.5594081186375433,0.46675552661180714,0.5004848453996171,0.5341942929850798,0.3277474574879559,0
115,30,0.4341855492854502,0.46967319181865813,0.5693798178146012,0.7305020916141967,0.592185694723575,0.4089617303726041,0.33742533778486317,0
115,31,0.37860784217991267,0.5059020913010032,0.36609049061617105,0.5027672988933173,0.5860529068983296,0.5020936851263189,0.37828209255033546,0
115,32,0.3366026919834204,0.5016826058755997,0.45438426429137607,0.577684758725155,0.510524041900897,0.4942871277572769,0.337047573389866,0
115,33,0.4084409653868978,0.3861623352421185,0.6674576167646448,0.689984945793874,0.509394122715255,0.45933501597938325,0.40526716015574454,0
115,34,0.3509744591233066,0.5587135496834218,0.4070708847076069,0.5801064390648892,0.5328667089818001,0.4649948000107863,0.40337952209898476,0
115,35,0.38778292037893136,0.5585184207905822,0.4632052432225295,0.5985130970872,0.4902097131833337,0.5018740525178637,0.4130076562153696,0
115,36,0.42196527005127915,0.5267633826303496,0.5696038783611546,0.6039345833658946,0.6255356733494548,0.4396988657833331,0.43538870419273124,0
115,37,0.5701605123765627,0.550653917177904,0.5057429941627501,0.5849087263232321,0.4666414107138649,0.48425607409263277,0.47404643726652573,0
115,38,0.5623981566001126,0.5635561776097763,0.6477627150801194,0.6402750874451648,0.7052189040542387,0.5018247653614103,0.5436813195894425,0
115,39,0.603313652011582,0.5603672514578262,0.5733623417235595,0.5676269077793035,0.5397344975228223,0.5694321639656019,0.5544917879912358,0
115,40,0.5715396208592419,0.5596719223621033,0.6979440056068551,0.6628712223334903,0.591874401808718,0.529070086873786,0.43735744714733,0
115,41,0.6821691957347128,0.5376745889967481,0.6938361319922398,0.5038601270394288,0.5879001666617285,0.5179173880080343,0.44303078719331596,0
115,42,0.746946246633005,0.6128982219372043,0.7237098947969969,0.6264270165970633,0.6777755826482214,0.6962699264988426,0.6157838846513989,0
115,43,0.6307752401314276,0.7190678988931657,0.7804453046735214,0.510150438898912,0.44135970468740915,0.5491861372384933,0.5567380109720457,0
115,44,0.6957597633362983,0.7045560131092722,0.645743738724842,0.5416992391090103,0.6626147572527659,0.5970399595811827,0.6589921207726512,0
115,45,0.702590903823354,0.7378658000052175,0.6013446960406166,0.43718944449516084,0.7448395747877447,0.7451349891224794,0.6264641011423188,0
115,46,0.76357737384894,0.7378757986816616,0.8315179576249676,0.48053427838193974,0.7537066291053032,0.6434567119224389,0.6318000221489835,0
115,47,0.7235253579015741,0.8352544840093866,0.7439821903054272,0.5193553331093141,0.6731881141206395,0.6925652733307578,0.7369607805705173,0
115,48,0.9160727586429258,0.8085549799119621,0.7349692776380641,0.5759182349317091,0.7003486178134023,0.6305057435998096,0.7150867101821232,0
115,49,0.8927300983923872,0.8768947401964933,0.7899050584403743,0.5072138241380924,0.746551788972275,0.7132197112463462,0.7689967521272973,1
115,50,0.9320760292465003,0.7732898037934771,0.7185495857021446,0.5236789202685023,0.7742214349974657,0.6510275531839842,0.7395511988884628,0
116,1,0.2933271396498459,0.38926397108572164,0.4577571168683234,0.5932736058540362,0.2385634149929003,0.40839513679601386,0.3077543014876582,0
116,2,0.29018702730880463,0.4125278595409812,0.46636912644746176,0.6013447758588678,0.27253080530694085,0.5141180348692009,0.3310996120008225,0
116,3,0.24110985407259988,0.4035358398056834,0.42792479254939125,0.5512947599135628,0.20187699102729192,0.44146613568584936,0.31867682909125916,0
116,4,0.2604034964893669,0.35821591083647764,0.5418967800091319,0.6463933878773734,0.29042273083170633,0.43208762816078905,0.2248397600867118,0
116,5,0.32905572493135976,0.31622601376119475,0.5020620216465583,0.6371090255204723,0.3652212452972353,0.39694427366335927,0.2869161534305638,0
116,6,0.260393611059512,0.4593352860785705,0.537086246046548,0.6067392671718291,0.28109702703261547,0.4210244059933693,0.40849070731698667,0
116,7,0.27928641747650096,0.39554218801932445,0.5018205109019582,0.6848254779168802,0.2361777898755178,0.45440200664039543,0.3097733264815238,0
116,8,0.2901506186036852,0.42691036768049095,0.5041592189173462,0.5608367863589485,0.3679421903823543,0.39309080391548945,0.2768756118311569,0
116,9,0.3207108180253262,0.3894919674953787,0.6204669498778208,0.6520370380603205,0.26438925362878196,0.38711247338786,0.2978646624558751,0
116,10,0.30191551021301866,0.40898226747295036,0.4445671162100761,0.7545888292115719,0.2779333260820281,0.3652741282143227,0.2522476609446967,0
116,11,0.4050485382947562,0.4100798730667201,0.4913638774809456,0.6706815364688805,0.35406108780617485,0.4683543843199752,0.31859379689707285,0
116,12,0.2738589074427083,0.3416536070139373,0.5035226014318898,0.5945204005074781,0.27629318807097814,0.4507631495661076,0.27834049470389594,0
116,13,0.2906931322682046,0.4222075093381339,0.5463246119104732,0.5393280112909392,0.3441929283040238,0.4514126262372334,0.3347313129712978,0
116,14,0.3366879438456639,0.4056166958084999,0.5534357684440656,0.6886740171391308,0.2962771497885131,0.4166452660758584,0.34792525497271054,0
116,15,0.2862478377872524,0.45010859746962467,0.49386727295834,0.6933047869077874,0.30702731049161985,0.4000442233654312,0.3187607125688281,0
116,16,0.3418256007138168,0.45854563686709726,0.48687907618543225,0.6881296049337553,0.24467910950522376,0.40335717520555275,0.3235183791256516,0
116,17,0.31392475029850936,0.3851170100169859,0.51262902576916,0.647784635230282,0.3208669903637195,0.3998516285419794,0.30115408528082777,0
116,18,0.38778841825525207,0.41289450223863705,0.564380087100474,0.6188999285373713,0.4390429139111628,0.4547783144348897,0.31672229082969205,0
116,19,0.29041968808063134,0.4553602107188095,0.626025073754118,0.6599696136596293,0.3252295258267982,0.4057665229356308,0.25897559860078084,0
116,20,0.2835650789905763,0.47767007510120396,0.4321442019847352,0.7734254550037589,0.2988261724849381,0.45012608570976625,0.3926030019971349,0
116,21,0.37199830576074416,0.43050839972643595,0.5607734218495833,0.6848461959183618,0.36329779463739537,0.5242455183948349,0.3522214487423248,0
116,22,0.3058124301046655,0.41509616542203104,0.5189413586223329,0.5472408296495721,0.4535530163958616,0.44700800715821354,0.2798937895124166,0
116,23,0.30751151514620306,0.49598297399407765,0.5688023378537654,0.6120460586709918,0.38508208883150197,0.4402634763228034,0.4288556897055421,0
116,24,0.3974871407303624,0.4359344852932584,0.6561748529839957,0.546848490963959,0.4644218358463724,0.4156303274815941,0.4530649273926025,0
116,25,0.27302010634749607,0.40842670650473156,0.5879606605328289,0.6594675138023343,0.4599875005881959,0.46282922206270016,0.32905388388935136,0
116,26,0.31860191307010577,0.4602716707453446,0.49819006755623535,0.5780048383518067,0.40646000665516907,0.41963684954222025,0.37508567172576257,0
116,27,0.3869606172623723,0.42848667708651866,0.5453271920805546,0.6099893306832835,0.4130467112638299,0.518456173920923,0.33165588536957497,0
116,28,0.4048291166553707,0.449170792348917,0.45674771756406757,0.567071277481292,0.5287278947032746,0.48382753604288425,0.35974277282561773,0
116,29,0.45920084230350205,0.4219946172646681,0.5561796372968046,0.6501084156133643,0.38265762520374136,0.4226760036887387,0.332522731272782,0
116,30,0.35431778712937384,0.3961905297760707,0.44074021080588455,0.5739800417902878,0.3805934884421479,0.5004321745535629,0.3983920173514822,0
116,31,0.36665399717079783,0.5076798264819107,0.5986125798313914,0.5607992221743233,0.42808920075105356,0.49872721039493007,0.37412776296455114,0
116,32,0.3387135533430421,0.4356169928933922,0.5836722189066849,0.5790824507725968,0.3968036035911102,0.431459426224342,0.3529430769656732,0
116,33,0.3740347967214473,0.49061043221959116,0.7063312634589304,0.548079764198946,0.5429451657984109,0.4438090787889713,0.4058846574921212,0
116,34,0.4880819824764063,0.5217824159240978,0.5088740026672478,0.5968431727695866,0.4847101202163729,0.42138805430663473,0.30195401261221766,0
116,35,0.47947451257509566,0.5906501283911746,0.535905703941405,0.612549513044649,0.4318757994017804,0.4684535760116767,0.3086335249495995,0
116,36,0.523498828787177,0.563499518931911,0.6371706410382717,0.7466782761450199,0.5231467091746558,0.47399285927343904,0.5536090738269811,0
116,37,0.611052944476141,0.5719827055902958,0.6421658834115714,0.5022182700341966,0.7201935503432952,0.5184779450335637,0.4411323464831377,0
116,38,0.5464457524140892,0.6173914133888126,0.5356891804136368,0.5908417634320023,0.5437048063394865,0.512981541585546,0.45173374292675983,0
116,39,0.5937214460179867,0.6074688794897994,0.6659788224580154,0.6441989137507353,0.5398153059660479,0.5777373906754386,0.4759173115446183,0
116,40,0.6970430391499121,0.5198552269731377,0.5836089997442603,0.5555941430139358,0.6333637211551346,0.6422507757408799,0.45913595787525313,0
116,41,0.7023756168159107,0.6456212252483438,0.55750436811276,0.5288117092856431,0.6873536806555482,0.5971422566829494,0.5575596553342418,0
116,42,0.7456152919703161,0.6706618831839684,0.6558996062992182,0.5511280306207685,0.6024429479610584,0.569614011905335,0.5132237072162095,0
116,43,0.6514227730899206,0.7229271656442995,0.6378551161342998,0.526988230210099,0.6542456051060112,0.5848272615554018,0.5530498076668753,0
116,44,0.8684286694053225,0.7646436841189571,0.7863066988755618,0.46630432128838534,0.6603016945477755,0.6295945418620018,0.7058212260621256,0
116,45,0.7983186893353252,0.6252134517501687,0.6277255935028511,0.5758716070286694,0.6678609110015011,0.6485421179242932,0.6876815997683414,0
116,46,0.8001316213759926,0.789709028007219,0.8337699565678456,0.6172573623801869,0.6705719905671015,0.6833543344513884,0.7171375739319186,0
116,47,0.8591606194316699,0.6940980988203171,0.6725393778403065,0.4835434923509048,0.642054256303809,0.6886433455937855,0.7455278993941199,0
116,48,0.7939824686130238,0.7951971428062762,0.7644001128983389,0.5313294034215491,0.6897839771891223,0.6374766038389114,0.7691199854453038,0
116,49,0.9026533783421764,0.7465513187056946,0.7729298411686637,0.4587788533979874,0.7713299520854521,0.720176032461079,0.851245416866131,0
116,50,1.0693003224536597,0.8462009038958247,0.7227888135649188,0.4429868719091892,0.7110624523722008,0.7482961009104208,0.7764579840825622,1
117,1,0.3360099140708469,0.30016053941181775,0.5724417230075254,0.7209855697721315,0.10123625408230799,0.3980369304039557,0.24012269865994815,0
117,2,0.24503016421286272,0.37247188092899564,0.5326886265287426,0.7135771555281958,0.21430128615575064,0.3992633057798009,0.2709823552130435,0
117,3,0.20279544588186862,0.3969780862466064,0.43915847747722947,0.5478201460110742,0.11031927887013712,0.3984504601298972,0.3417364087507168,0
117,4,0.3001005129269733,0.36795823748975287,0.4319623551839098,0.6406325395688263,0.31463401918965717,0.5004996602017047,0.30458496068977825,0
117,5,0.296142251387365,0.5268481138807626,0.48751240312009003,0.6880962359309319,0.2094576404926222,0.3854685506126378,0.38144501777091444,0
117,6,0.29139291133827183,0.43294739749209277,0.44711457783147374,0.5937036110295542,0.21547718844577188,0.44500889592898124,0.313931759736765,0
117,7,0.3851528988606395,0.4068310706463128,0.51839472044697,0.7006095560318644,0.21050431882894935,0.4037564097004622,0.31247522698247404,0
117,8,0.2754919445568049,0.5133438388062435,0.6408290353626732,0.6738329775743144,0.3429651469632209,0.45586904810789963,0.27922424243713284,0
117,9,0.2435233646216553,0.4618230880662804,0.4787567614594206,0.5930615502875852,0.3133196543408439,0.5342987927290763,0.3748330632714279,0
117,10,0.297708216944918,0.45507380796969477,0.6115614542390067,0.5143665480206088,0.2823794006697889,0.3813783066319481,0.29506600106679726,0
117,11,0.20786117077723543,0.35263743752394766,0.4788544403167909,0.6551927063487064,0.25016602029582313,0.3921147678779595,0.3283858286198905,0
117,12,0.3868738836810484,0.4679343125677383,0.44738703072368724,0.5797659751543492,0.3527888186055587,0.39247245561495875,0.29498297368080934,0
117,13,0.24003342444332443,0.48676903984735903,0.5325034999535991,0.5822594397955112,0.28768994349695015,0.5239649957237726,0.2809592542477821,0
117,14,0.3525375835649672,0.4986485371020038,0.4628255889504171,0.5360334333052386,0.25977956385128675,0.47615153263297355,0.4159952663352864,0
117,15,0.2795897616200361,0.4883912817045258,0.49116325470275185,0.5700976201678216,0.31511413449632214,0.41194383359789377,0.2839051649618927,0
117,16,0.29037586970783164,0.3522354837294061,0.5666109264633875,0.5627220361782109,0.2886562535374517,0.4774620072896809,0.2853286131854059,0
117,17,0.32187338624845213,0.4198828950722309,0.4971547754509134,0.47942351654490534,0.34262823173821916,0.5244727320072984,0.35568220243951404,0
117,18,0.34687358512235633,0.46816805259399774,0.4698557351226833,0.6954304846651004,0.37178447014796934,0.42958351427345187,0.40632185110079533,0
117,19,0.2681741196966655,0.47148012320196464,0.5775858764245505,0.7188073918077876,0.23564110380193126,0.4895349584240076,0.267132549959144,0
117,20,0.3273137398013195,0.48449499948838076,0.5155238047227486,0.6806609554879973,0.3303149465665575,0.4439277922211588,0.34163925304561404,0
117,21,0.37581202406255404,0.4548180020408883,0.5783864373956596,0.6851692980609261,0.4114721991947205,0.39813783024212657,0.3660187565321191,0
117,22,0.32011512640419965,0.4079381020319266,0.5757532569026081,0.6507200495232948,0.34066603739337814,0.39549437851886077,0.43178118321093106,0
117,23,0.3457007672730829,0.4801122586065921,0.50405867667617,0.6096561609605068,0.40828808560691576,0.5004151396428137,0.2691336837546268,0
117,24,0.2837275083079884,0.49505588035490933,0.5313360435551001,0.565017350870774,0.40270874743790774,0.42200973078405646,0.27067327190409274,0
117,25,0.34109743247550756,0.5191724588652338,0.4385854966890927,0.6502565376119457,0.33844971932005935,0.5772690880017175,0.2585270975999513,0
117,26,0.3511733720160614,0.44846285022183374,0.5828538620828589,0.563718602461621,0.48110648417037255,0.49931694611699873,0.34819559740221256,0
117,27,0.4522468443910829,0.4927588878569505,0.4884456043425881,0.6650319790293289,0.41072396233706765,0.42122243967861145,0.3758323883224777,0
117,28,0.36168430279196434,0.4964876144467132,0.6784797313703663,0.6583000549058804,0.36380188353955173,0.3935106110374287,0.43911724239487965,0
117,29,0.2871413162666377,0.4151615367588625,0.6019891286957357,0.6267703850228888,0.4998400730501463,0.45894971588588385,0.30025732560484614,0
117,30,0.3248352233479237,0.47408838494757377,0.4651513861626216,0.6789741240820005,0.4099958956386819,0.3794014837811933,0.35803308699104464,0
117,31,0.47098309099950064,0.4062006139612523,0.6587821007253299,0.6254057115347222,0.44745402593882994,0.50934539806748,0.44646448569970426,0
117,32,0.4045989441196895,0.4783471993923266,0.6140667869672495,0.6961731942510595,0.5038325718291013,0.474000094107029,0.4216585175280524,0
117,33,0.34745850248212273,0.5502228035591505,0.6503687357607596,0.6672789340057784,0.44478319133624045,0.5322721921753747,0.4967240873350534,0
117,34,0.5096731079428842,0.5923549525324225,0.5230115110372431,0.529738884497164,0.5880970431262033,0.41342480625246025,0.44854838363510774,0
117,35,0.5511462819767059,0.5972558480019204,0.6001560834261934,0.5668353623601923,0.672857947935015,0.5902060172914712,0.5037890372745311,0
117,36,0.516101475507781,0.634724621121626,0.5932610376075536,0.5904366435660708,0.5952272656605949,0.5523019020168393,0.5596711563655916,0
117,37,0.578464748575373,0.7064365501756804,0.6886604050336298,0.5681773514086174,0.6209292473868575,0.5527464327181468,0.5761852422032503,0
117,38,0.5615625628358233,0.630241894812975,0.6662942732882802,0.6023722251094742,0.6068392512690965,0.5966753320587688,0.5445131735839351,0
117,39,0.6118551282943768,0.6244059738726152,0.6548014296009311,0.5535173926186207,0.6686013898508913,0.5337364481924576,0.45752570288837324,0
117,40,0.623594195847612,0.7109236333648593,0.7018393729196367,0.515921398587213,0.6091646132593034,0.5809499164141674,0.5827713773072665,0
117,41,0.6854340093161448,0.6728326402814161,0.7474893615007213,0.5324760670028366,0.5733179699696838,0.581116668300751,0.6039990842747384,0
117,42,0.7839160592671204,0.6944682891769605,0.7118108394637062,0.564579632679601,0.6065297200312135,0.5675472000890973,0.5713189162562856,0
117,43,0.7712534259959494,0.7041385276350965,0.5852069653485585,0.5087239322282172,0.7004138517170738,0.6996130458040856,0.5628439103544489,0
117,44,0.7356605865160415,0.6458285211895537,0.8267552885647265,0.47754983621174185,0.7674299695830078,0.6150218630150299,0.6330781059316081,0
117,45,0.8772936708709742,0.8068607822712656,0.6686228728501237,0.5297925244142466,0.7304398534465177,0.6380007263793722,0.7366396265943043,0
117,46,0.8172382004381538,0.689505865872185,0.6354210609759012,0.5638843909531689,0.7195554410253878,0.7156616880908145,0.660981398239961,0
117,47,0.8481870632610943,0.8893343080315457,0.6695670602895076,0.5206714668302374,0.5753287061569099,0.6621872486615028,0.689122282294589,0
117,48,0.8868957997316258,0.730299406316735,0.7017550352547557,0.5049045028446452,0.6750870924725992,0.6589425448924546,0.7807734062805695,0
117,49,0.9545813885259306,0.8161710358930603,0.6732548592331311,0.4914506609941279,0.7670305751458374,0.8016295488476932,0.7125973241103778,1
117,50,1.0078282483062562,0.9068357133000218,0.7250522479926407,0.4963667217332849,0.8310474715167802,0.7536677924407952,0.8235769688436185,1
118,1,0.21555548470744332,0.38038932459335867,0.48914973325956923,0.6919397449096791,0.2195805224666096,0.4306905166428228,0.2328982085396305,0
118,2,0.21433755464834536,0.380963818554857,0.5948585063380278,0.6731965026828833,0.1670133445112396,0.36885878392670846,0.27501348659267016,0
118,3,0.18293375818760554,0.36013529085508283,0.3124366964364194,0.6742384935906834,0.2774622270722503,0.494684576205498,0.30546197429633737,0
118,4,0.3110743786942859,0.3653268958385138,0.41354322868329196,0.6111663742761808,0.2606628994523422,0.3850019798464013,0.23802464016973338,0
118,5,0.2840996534604458,0.3957285329371534,0.692554806015678,0.6118358037464382,0.29003871778533236,0.3545624410063809,0.3223446422944132,0
118,6,0.2666432145175053,0.48994020138631145,0.4835414742889282,0.5415190473557057,0.18487383819321873,0.43704465588124136,0.3015331509377123,0
118,7,0.2064279419223628,0.5095175111528508,0.613715739089226,0.6278194223979261,0.17173231228124314,0.5090227676915963,0.3550411541684766,0
118,8,0.33424265945909065,0.38608388585186054,0.44558181826199506,0.6294421236662412,0.17883547034512243,0.37569344170247054,0.3279937257754303,0
118,9,0.20882113177435974,0.3929501853519371,0.42073517287412854,0.590685876010458,0.24512730058220708,0.4822114830732208,0.29556016210816877,0
118,10,0.2618825041386459,0.32996885007109134,0.5090950894097324,0.6489697459373054,0.3038956878944368,0.4686306443787268,0.3430645680518267,0
118,11,0.22866740884881703,0.4303360955313079,0.5418749623605155,0.6008121593728287,0.2610502594213474,0.4603385828948456,0.3287397684578003,0
118,12,0.19882436848660096,0.39661996884332146,0.4720596766668579,0.656163735990812,0.2525611645932776,0.4279192153254901,0.22585448244858447,0
118,13,0.25382992123019155,0.41127343097108704,0.4634128440469503,0.6285641009057519,0.21492415358564843,0.42744848136961755,0.3036269723756532,0
118,14,0.3073236228446128,0.317948697175015,0.4744356860353509,0.6672493290019477,0.1924965161395235,0.47315063765979265,0.25810281291695764,0
118,15,0.3698322208077955,0.3976533602256775,0.6369637105124917,0.6016839957858086,0.3299231491662426,0.48311298677751263,0.34620337033122095,0
118,16,0.2799380199608822,0.3540566889412927,0.42044713395633376,0.698789788728059,0.44596629700475,0.4488788941078985,0.23291543472918824,0
118,17,0.26560953683492644,0.4064110489944061,0.4652710693413202,0.6512356942008617,0.367843610273879,0.5228031370180743,0.30474232945506646,0
118,18,0.3473606376595431,0.4878835793486256,0.442356642372843,0.6442906365473294,0.3707995000882732,0.46033981879226005,0.3297818285968688,0
118,19,0.2693622977485732,0.3918998260175365,0.47293189627409427,0.6025880843227729,0.388599020807336,0.42379288651097996,0.37971560394209997,0
118,20,0.3126854212601105,0.3754878996291565,0.6594763002777175,0.6171529058208284,0.4782262964760866,0.41688678100093035,0.37353116154729693,0
118,21,0.4120563296736792,0.5006385815036083,0.5930676600466054,0.5765170646741425,0.5033996074342345,0.5512988265795312,0.3156178599875491,0
118,22,0.37104480184476973,0.3485910436430878,0.6154109117449117,0.6814204383228686,0.3642113582165816,0.34118427196940365,0.3538591214497563,0
118,23,0.24889401519714732,0.46833543808321965,0.6290569464174128,0.6068640947872924,0.47810835972321064,0.4854067329277788,0.2711405021738949,0
118,24,0.38586763656438583,0.4242868581450251,0.5957374672136413,0.5953910438571908,0.4592753157863694,0.4750552238749962,0.3299853924501033,0
118,25,0.2275105475108797,0.4007164669370782,0.5075460255654957,0.6903621412842871,0.3382295589925023,0.4532655498893591,0.3608716268815635,0
118,26,0.3341748582170719,0.4265708056521342,0.5243330607160914,0.6784859183271406,0.3927017667824695,0.3484329499689466,0.37090869524928083,0
118,27,0.29014337546592267,0.5282375405234224,0.579646713244076,0.5506180822638171,0.40077620117242935,0.4204231795009802,0.35865152307960463,0
118,28,0.40158263453054194,0.5052685986993922,0.4366297153541118,0.5348623755444651,0.48885664918540983,0.433428343744096,0.34405621100005207,0
118,29,0.3928278679417249,0.4037307739009542,0.3908873448124093,0.6132112056698663,0.4097094903675918,0.463912521668136,0.3509694388729192,0
118,30,0.4828473921959755,0.4843046112233248,0.5169280482624293,0.6206314807540818,0.5072472564321567,0.44173669271979654,0.4912855336869962,0
118,31,0.3344512719001191,0.42154238194435967,0.5680542018875239,0.6374682002422444,0.4700816172986688,0.5096260353242863,0.4179733119208683,0
118,32,0.4570743246653704,0.5097413333269524,0.5498410628988839,0.5737258235081543,0.5183463348103589,0.5597804657989425,0.35476660782230723,0
118,33,0.47243755335510057,0.6254611693791143,0.6193820622242859,0.549419520987912,0.46338432349197334,0.5609093002609589,0.4192093237708286,0
118,34,0.5435943638910836,0.5710819571807828,0.5162642287477214,0.5123076253763151,0.40321441181992035,0.4932993325201676,0.4699926075162025,0
118,35,0.542751379778994,0.5084858907923314,0.5906860386009839,0.6730352427882844,0.5170009081199692,0.5756253301242331,0.5069037364363695,0
118,36,0.5716639682423633,0.6296185199563178,0.5175276950679416,0.6727380124832865,0.45378710498684294,0.5655357692087707,0.49208643543097996,0
118,37,0.5299462131545797,0.6373238464554731,0.6880209359400263,0.5701791681352106,0.5592814084892119,0.626780481364615,0.49329639281708715,0
118,38,0.5971238890331065,0.7514305809716959,0.5838197763218235,0.6207948753278013,0.4891298832879246,0.5275764132775649,0.5187940155503894,0
118,39,0.6221831041395884,0.6409750248318731,0.6050771612335043,0.6427088422193635,0.545520125081703,0.6254591320315208,0.5880083370276166,0
118,40,0.6461545220465098,0.6638757320018932,0.7812791444326869,0.5378495339822755,0.8374177670332428,0.6393938208287516,0.5911749723088919,0
118,41,0.607175194491573,0.7406483999426393,0.5820937869912508,0.6067250134628855,0.5989027876877602,0.5738002602858167,0.6824982094614067,0
118,42,0.6451514022180598,0.7488483927752317,0.5999361306725961,0.630735794198361,0.6479366197283158,0.5628358842227451,0.6548121411590447,0
118,43,0.6441361397087149,0.714992845176513,0.716992615958708,0.5580680412041339,0.6522795849440542,0.6765399815128165,0.6620652426676359,0
118,44,0.767086230807783,0.7436240479536939,0.6645047358064418,0.4768317422141581,0.6103900718892704,0.6470539139139848,0.6106042351957143,0
118,45,0.8740089911907359,0.7439195039292319,0.7271263245460245,0.5190047181105271,0.7706631336290405,0.747707780273133,0.6498871276248824,0
118,46,0.9406616015058791,0.7142955133620635,0.7967681674261977,0.4228294778849466,0.7085047385960141,0.6705777471262774,0.6078856612624316,1
118,47,0.8720859984439273,0.7440192459869746,0.7618370404048925,0.5760482601909067,0.6150550707715843,0.5329298793562443,0.711009631081909,0
118,48,0.960228590979262,0.7899154104959009,0.7711879042972036,0.5051449097914107,0.6428791207960092,0.7046349702474893,0.6666721697160796,0
118,49,0.8670253151922157,0.7672246154423719,0.7454859226913004,0.4873895544391161,0.7671393885763673,0.6371634607531347,0.7402698846310276,0
118,50,0.9605743439357981,0.8570134541391049,0.7818487407971889,0.44603827444203475,0.7660268875443133,0.7029762322354023,0.8384372869064771,1
119,1,0.1717778440756762,0.3630798893002256,0.5197156256394438,0.6152762100991614,0.2036287356167802,0.33371485857035527,0.24189628158484652,0
119,2,0.2995067385416252,0.30064617597269594,0.43011409171915466,0.5061072437721602,0.2375245033972748,0.4821078603196088,0.30322599461043903,0
119,3,0.19142085152270263,0.41627155404552535,0.45072729022903973,0.6235848693811966,0.25714534992125954,0.40960361107754983,0.3288082319215735,0
119,4,0.26030393666617124,0.4949486016320132,0.5412241832493055,0.5750368580229821,0.2071714501486302,0.4692549645011902,0.34253531489332334,0
119,5,0.1738685720766378,0.35548732458725807,0.5206521539156874,0.6548226943617949,0.3052862610660942,0.3253904423144114,0.33657349388025937,0
119,6,0.13414470354255864,0.40533449053940795,0.5626443571287775,0.5353145617897022,0.2240354043616679,0.45641039101140535,0.2694636612208323,0
119,7,0.2684629781005231,0.3497100342808046,0.43651740654969273,0.6481038550795605,0.3199364664237275,0.4497260255852288,0.3662617651699499,0
119,8,0.3533742301150279,0.4140894781585494,0.5304886096192686,0.6441921659950065,0.2343179656310663,0.3923965883412213,0.2557957766949314,0
119,9,0.3681602973685073,0.5044739715542426,0.4914450397134078,0.594768055513077,0.15218877850334692,0.3828869689495933,0.26293315737780204,0
119,10,0.2397385212659415,0.4267379423098562,0.5702464167816723,0.5763322133971951,0.3762155669120633,0.45128334532560205,0.35041400657354027,0
119,11,0.29914563087667473,0.4412755217691171,0.6203309709895295,0.6591615762101279,0.35022251126457465,0.40894944694731694,0.36839615446772916,0
119,12,0.24677062742606817,0.43526505990918496,0.4385105592893763,0.5646092449144051,0.25263923355539564,0.4557332162087102,0.30325231050838986,0
119,13,0.37305213886743727,0.43732186540187373,0.48499653772369666,0.6420999853429853,0.2632576957600112,0.4350167862638424,0.4369125888075933,0
119,14,0.2977551622282805,0.418323700118655,0.49372923968956606,0.6488541236911579,0.2497454489882006,0.4312906453441737,0.2485276136082061,0
119,15,0.3355829855445548,0.3905914189781672,0.39409177882852175,0.64942212625362,0.3323769787509064,0.5531885045566003,0.3890867431141755,0
119,16,0.26341069689000984,0.41852027503185724,0.5467476214091447,0.641301975959156,0.30153997789955356,0.3741969702258424,0.41801134965725295,0
119,17,0.3146320970228583,0.3913282435823525,0.6228338103822695,0.6824047799551592,0.35662856042112806,0.4543056411294197,0.33844918302644217,0
119,18,0.3249179003612207,0.4556293012396529,0.5164868129792267,0.5498852856541354,0.3604796619373679,0.48271297492502296,0.36040791088902213,0
119,19,0.37153431899266326,0.4744812197393271,0.5435209684021952,0.6406102131380286,0.33653763345832904,0.48656384630284255,0.3955837290465867,0
119,20,0.3320406431550093,0.42996730308852726,0.5070819581936363,0.6104129096942634,0.3361899673589542,0.46173371837235455,0.19217442790291586,0
119,21,0.3112298853957952,0.5696828439513716,0.5339098460287118,0.6224765600092145,0.3389882064209497,0.5353768048683366,0.2939305028907395,0
119,22,0.27442550749025646,0.4942815381786386,0.5312311729206883,0.5862573521679628,0.45857538786950774,0.5172249944658176,0.32792353036147626,0
119,23,0.2943922184629089,0.4610027912489639,0.4601736395465936,0.45839693707682017,0.29478631017664797,0.4411469093069361,0.28630588981737704,0
119,24,0.2929986050381347,0.4170815473886268,0.49298089333933015,0.6780322106645752,0.4301167907507369,0.5318474776555866,0.34756301686494884,0
119,25,0.2700325450330694,0.46075636198775355,0.5569384752803469,0.5848406148097706,0.3772556433542602,0.42460129432163823,0.3377770834578803,0
119,26,0.27092880599098323,0.4699126896596974,0.5581919402773683,0.6134030770941276,0.39254049976027877,0.4899786240872857,0.4137810566922847,0
119,27,0.29799786604793777,0.4834958994214315,0.46125908411345135,0.5434061589882621,0.40406946805422145,0.4732741870028532,0.3061778901407658,0
119,28,0.2325558852116739,0.49363961714166527,0.6456319345569305,0.5654077966559055,0.478646180411656,0.4487971706464083,0.3581084096503038,0
119,29,0.32144740334121324,0.42374325552713676,0.46989894632444285,0.6859632933500576,0.36025648292585644,0.459665756009595,0.3521940290141195,0
119,30,0.37346596324923237,0.44946307786839657,0.5937100885109887,0.7391526531022561,0.460867297530575,0.36040106503768526,0.3508726787868846,0
119,31,0.36392346520370367,0.37089654640912223,0.5723148093442778,0.5947144773207629,0.5271641577450946,0.4374772428174145,0.40399925721023194,0
119,32,0.3483117781556759,0.42460846583944517,0.5170321182273255,0.7832051958973318,0.43102582619841734,0.4461702303556374,0.3060129248850369,0
119,33,0.34352457982454665,0.4390713828532873,0.6631455980505061,0.6893101445947507,0.4401914959477702,0.507035392914583,0.34179554453890376,0
119,34,0.31872989804653706,0.4156017244016489,0.6202831622779156,0.5674163816815623,0.5832879828358084,0.4746436253147152,0.34822123194117677,0
119,35,0.44585474494017674,0.4815153295646972,0.5206963956759763,0.6712065087997404,0.5501328821120856,0.4195953714870898,0.3712623155380258,0
119,36,0.3601500541131721,0.49931022113318013,0.5889505518252243,0.560031766001311,0.4796869743171219,0.48276971856064427,0.4361241363656544,0
119,37,0.3375172609888048,0.5347111904171596,0.5682363500989359,0.6307240658681976,0.5808628447573532,0.46698485168979637,0.3295287158552604,0
119,38,0.4246294877733113,0.5834336756103633,0.4754883997874986,0.7182350091109347,0.5199857501437192,0.4742228906193458,0.46379347243115615,0
119,39,0.3589027757570561,0.459260581975309,0.5650511020328416,0.6387056849145583,0.5097754889231774,0.5471180255409859,0.3440336198162697,0
119,40,0.3775498897509334,0.5561861208574099,0.5077248213414767,0.6543519725826134,0.7052648100075465,0.40391928105304675,0.33897069298502236,0
119,41,0.373114341773826,0.5022796543864285,0.5423414343808323,0.7192510277486057,0.47218408293108216,0.5392516806016774,0.31272462290782693,0
119,42,0.384073988806871,0.5268081482498522,0.5371976930327419,0.5615826348876491,0.5343447938837356,0.4582854433322523,0.3805578691225683,0
119,43,0.4652273603364494,0.4365400589268728,0.6061894926674247,0.6409650559197224,0.5942711084149702,0.4671605004963318,0.5050516492030808,0
119,44,0.5395638109083413,0.6053070244720614,0.7059410346509034,0.6186640952834492,0.646306090035121,0.6031297790352808,0.45049986590140434,0
119,45,0.4609708001621893,0.7143884642673575,0.593112042603516,0.5948107504488476,0.7399078056913648,0.6110472286436849,0.5676209317097578,0
119,46,0.5988256406762903,0.6131026799589433,0.6925950080502976,0.548143532288532,0.6552314060864862,0.6713100036299858,0.6471740504960585,0
119,47,0.7535436278120855,0.637983942395776,0.5840137955527056,0.4944291579265845,0.6918217274277256,0.6031471021523838,0.6527607405311802,0
119,48,0.8457270733000646,0.7800819245631276,0.6441028846690505,0.5900374741245679,0.664282768278125,0.6827734876723762,0.6461855748974725,0
119,49,0.8851818833856258,0.7547689774507328,0.7113790221707685,0.720158799345945,0.6613428910243778,0.6526043892825705,0.6778491951673117,0
119,50,0.8545299420895593,0.8205667354323612,0.793357308511643,0.41641129926111464,0.7279136067731706,0.674800641425189,0.6934757448894052,1
